train_accuracy,train_loss,validation_accuracy,validation_loss
0.333984375,1.9098179340362549,0.365234375,1.8472310304641724
0.412109375,1.7050693035125732,0.36328125,1.7784168720245361
0.369140625,1.717161774635315,0.3984375,1.730392575263977
