{
    "train_accuracy": 0.412109375,
    "train_loss": 1.7050693035125732,
    "validation_accuracy": 0.36328125,
    "validation_loss": 1.7784168720245361
}