{
    "train_accuracy": 0.333984375,
    "train_loss": 1.9098179340362549,
    "validation_accuracy": 0.365234375,
    "validation_loss": 1.8472310304641724
}