{
    "train_accuracy": 0.4921875,
    "train_avg_precision": 0.47829062829062835,
    "train_min_precision": 0.0,
    "train_avg_recall": 0.3998837820357346,
    "train_min_recall": 0.0,
    "train_loss": 1.4159091711044312,
    "validation_accuracy": 0.46875,
    "validation_avg_precision": 0.4876696832579185,
    "validation_min_precision": 0.2,
    "validation_avg_recall": 0.432872303135461,
    "validation_min_recall": 0.07692307692307693,
    "validation_loss": 1.5780404806137085,
    "train_variance": 100.25281524658203,
    "validation_variance": 123.1554183959961
}