{
    "train_accuracy": 0.5,
    "train_loss": 1.2322906255722046,
    "validation_accuracy": 0.59375,
    "validation_loss": 1.4388576745986938
}