{
    "train_accuracy": 0.34375,
    "train_loss": 4.612320423126221,
    "validation_accuracy": 0.34375,
    "validation_loss": 2.163416862487793
}