{
    "train_accuracy": 0.4375,
    "train_loss": 1.536926507949829,
    "validation_accuracy": 0.53125,
    "validation_loss": 1.4325683116912842
}