{
    "train_accuracy": 0.40625,
    "train_loss": 1.5347532033920288,
    "validation_accuracy": 0.46875,
    "validation_loss": 1.5440013408660889
}