{
    "train_accuracy": 0.375,
    "train_loss": 1.9056520462036133,
    "validation_accuracy": 0.4375,
    "validation_loss": 1.9142959117889404
}