{
    "train_accuracy": 0.5,
    "train_loss": 1.3571614027023315,
    "validation_accuracy": 0.65625,
    "validation_loss": 1.059653401374817
}