{
    "train_accuracy": 0.3125,
    "train_loss": 1.65117609500885,
    "validation_accuracy": 0.34375,
    "validation_loss": 1.8502599000930786
}