{
    "train_accuracy": 0.625,
    "train_loss": 1.1702345609664917,
    "validation_accuracy": 0.53125,
    "validation_loss": 1.2828506231307983
}