{
    "train_accuracy": 0.15625,
    "train_loss": 3.5348548889160156,
    "validation_accuracy": 0.09375,
    "validation_loss": 2.6767752170562744
}