{
    "train_accuracy": 0.65625,
    "train_loss": 1.1192795038223267,
    "validation_accuracy": 0.5,
    "validation_loss": 1.414745569229126
}