{
    "train_accuracy": 0.3125,
    "train_loss": 1.9025802612304688,
    "validation_accuracy": 0.5,
    "validation_loss": 1.2663029432296753
}