{
    "train_accuracy": 0.1875,
    "train_loss": 3.206134796142578,
    "validation_accuracy": 0.34375,
    "validation_loss": 2.415874719619751
}