{
    "train_accuracy": 0.65625,
    "train_loss": 1.2351082563400269,
    "validation_accuracy": 0.4375,
    "validation_loss": 1.5281559228897095
}