{
    "train_accuracy": 0.34375,
    "train_loss": 1.7061291933059692,
    "validation_accuracy": 0.46875,
    "validation_loss": 1.311983585357666
}