{
    "train_accuracy": 0.3125,
    "train_loss": 1.5645709037780762,
    "validation_accuracy": 0.40625,
    "validation_loss": 1.8057096004486084
}