{
    "train_accuracy": 0.53125,
    "train_loss": 1.4051064252853394,
    "validation_accuracy": 0.46875,
    "validation_loss": 1.4273768663406372
}