{
    "train_accuracy": 0.25,
    "train_loss": 4.63676643371582,
    "validation_accuracy": 0.34375,
    "validation_loss": 2.6795365810394287
}