{
    "train_accuracy": 0.46875,
    "train_loss": 1.4186125993728638,
    "validation_accuracy": 0.34375,
    "validation_loss": 1.7402493953704834
}