{
    "train_accuracy": 0.375,
    "train_loss": 1.7002763748168945,
    "validation_accuracy": 0.40625,
    "validation_loss": 1.8024719953536987
}