{
    "train_accuracy": 0.65625,
    "train_loss": 1.9986709356307983,
    "validation_accuracy": 0.4375,
    "validation_loss": 1.4746662378311157
}