{
    "train_accuracy": 0.46875,
    "train_loss": 1.4191434383392334,
    "validation_accuracy": 0.5625,
    "validation_loss": 1.713599681854248
}