{
    "train_accuracy": 0.6875,
    "train_loss": 0.9648019671440125,
    "validation_accuracy": 0.375,
    "validation_loss": 1.586032748222351
}