{
    "train_accuracy": 0.40625,
    "train_loss": 1.6437698602676392,
    "validation_accuracy": 0.5,
    "validation_loss": 1.3821322917938232
}