{
    "train_accuracy": 0.34375,
    "train_loss": 1.62788987159729,
    "validation_accuracy": 0.5,
    "validation_loss": 1.5455842018127441
}