{
    "train_accuracy": 0.40625,
    "train_loss": 1.7691856622695923,
    "validation_accuracy": 0.4375,
    "validation_loss": 1.5476765632629395
}