{
    "train_accuracy": 0.53125,
    "train_loss": 1.1748205423355103,
    "validation_accuracy": 0.71875,
    "validation_loss": 1.320386528968811
}