{
    "train_accuracy": 0.59375,
    "train_loss": 1.1182901859283447,
    "validation_accuracy": 0.6875,
    "validation_loss": 1.0039979219436646
}