{
    "train_accuracy": 0.53125,
    "train_loss": 1.286292314529419,
    "validation_accuracy": 0.5625,
    "validation_loss": 1.2119837999343872
}