{
    "train_accuracy": 0.21875,
    "train_loss": 2.3407278060913086,
    "validation_accuracy": 0.28125,
    "validation_loss": 2.323194980621338
}