{
    "train_accuracy": 0.125,
    "train_loss": 3.1232612133026123,
    "validation_accuracy": 0.25,
    "validation_loss": 5.155027389526367
}