{
    "train_accuracy": 0.375,
    "train_loss": 1.7397125959396362,
    "validation_accuracy": 0.28125,
    "validation_loss": 2.2401840686798096
}