{
    "train_accuracy": 0.53125,
    "train_loss": 1.3759479522705078,
    "validation_accuracy": 0.5625,
    "validation_loss": 1.5030343532562256
}