{
    "train_accuracy": 0.34375,
    "train_loss": 1.7461236715316772,
    "validation_accuracy": 0.3125,
    "validation_loss": 1.7400413751602173
}