{
    "train_accuracy": 0.625,
    "train_loss": 1.2772033214569092,
    "validation_accuracy": 0.4375,
    "validation_loss": 1.4910284280776978
}