{
    "train_accuracy": 0.28125,
    "train_loss": 2.470364570617676,
    "validation_accuracy": 0.25,
    "validation_loss": 2.8010902404785156
}