{
    "train_accuracy": 0.4375,
    "train_loss": 1.553210973739624,
    "validation_accuracy": 0.3125,
    "validation_loss": 1.8225371837615967
}