{
    "train_accuracy": 0.4375,
    "train_loss": 1.834945559501648,
    "validation_accuracy": 0.34375,
    "validation_loss": 2.3128976821899414
}