{
    "train_accuracy": 0.65625,
    "train_loss": 0.998910665512085,
    "validation_accuracy": 0.375,
    "validation_loss": 1.6631064414978027
}