{
    "train_accuracy": 0.15625,
    "train_loss": 4.853076457977295,
    "validation_accuracy": 0.03125,
    "validation_loss": 2.7173547744750977
}