{
    "train_accuracy": 0.625,
    "train_loss": 1.075432538986206,
    "validation_accuracy": 0.53125,
    "validation_loss": 1.2848550081253052
}