{
    "train_loss": 0.07741144630126653,
    "train_accuracy": 0.9914843749999948,
    "train_avg_precision": 0.9897333869377415,
    "train_min_precision": 0.9005908826188394,
    "train_avg_recall": 0.9921917632093973,
    "train_min_recall": 0.9214652353902514,
    "validation_loss": 1.349728307526582,
    "validation_accuracy": 0.6318670382165608,
    "validation_avg_precision": 0.6375759074162033,
    "validation_min_precision": 0.22069925827887604,
    "validation_avg_recall": 0.6295030301872753,
    "validation_min_recall": 0.18229261787710643,
    "train_variance": 24.670120239257812,
    "validation_variance": 541.5228881835938
}