{
    "train_loss": 0.08850383616052566,
    "train_accuracy": 0.9879687499999953,
    "train_avg_precision": 0.9865510408275151,
    "train_min_precision": 0.8791802483721947,
    "train_avg_recall": 0.9897553754156779,
    "train_min_recall": 0.9069940500783149,
    "validation_loss": 1.3466057139597125,
    "validation_accuracy": 0.6305732484076437,
    "validation_avg_precision": 0.6424658562889174,
    "validation_min_precision": 0.2413367948399795,
    "validation_avg_recall": 0.6335620815739774,
    "validation_min_recall": 0.18368332470992643,
    "train_variance": 27.902484893798828,
    "validation_variance": 522.80517578125
}