{
    "train_loss": 0.9673703470826149,
    "train_accuracy": 0.6667578124999995,
    "train_avg_precision": 0.6275813817971196,
    "train_min_precision": 0.10736861749361747,
    "train_avg_recall": 0.6384573245352446,
    "train_min_recall": 0.1272411754911756,
    "validation_loss": 1.3740162917762797,
    "validation_accuracy": 0.5265724522292994,
    "validation_avg_precision": 0.5286215636388922,
    "validation_min_precision": 0.09391065410173689,
    "validation_avg_recall": 0.5229546135039763,
    "validation_min_recall": 0.07127129770441872,
    "train_variance": 76.28960418701172,
    "validation_variance": 110.25879669189453
}