{
    "train_loss": 0.09729679662734267,
    "train_accuracy": 0.9855078124999964,
    "train_avg_precision": 0.9836314227631909,
    "train_min_precision": 0.8617475892163365,
    "train_avg_recall": 0.9881101191164666,
    "train_min_recall": 0.8960378967974721,
    "validation_loss": 1.3508628800416451,
    "validation_accuracy": 0.6285828025477704,
    "validation_avg_precision": 0.6363287882101107,
    "validation_min_precision": 0.22015579961439827,
    "validation_avg_recall": 0.6302132486527392,
    "validation_min_recall": 0.17442760707091914,
    "train_variance": 31.743038177490234,
    "validation_variance": 508.7978820800781
}