{
    "train_accuracy": 0.78125,
    "train_avg_precision": 0.8274725274725276,
    "train_min_precision": 0.42857142857142855,
    "train_avg_recall": 0.7944588744588745,
    "train_min_recall": 0.36363636363636365,
    "train_loss": 0.5776957273483276,
    "validation_accuracy": 0.75,
    "validation_avg_precision": 0.6666666666666667,
    "validation_min_precision": 0.0,
    "validation_avg_recall": 0.7037037037037036,
    "validation_min_recall": 0.0,
    "validation_loss": 0.6145901083946228,
    "train_variance": 103.59178161621094,
    "validation_variance": 215.11831665039062
}