{
    "train_loss": 0.49728329699486506,
    "train_accuracy": 0.8412890625000008,
    "train_avg_precision": 0.8164601062172281,
    "train_min_precision": 0.36864393592518524,
    "train_avg_recall": 0.8373469068554947,
    "train_min_recall": 0.4393743960288073,
    "validation_loss": 1.276697364202731,
    "validation_accuracy": 0.5945461783439492,
    "validation_avg_precision": 0.6210661055304725,
    "validation_min_precision": 0.219419734547123,
    "validation_avg_recall": 0.5945312065853469,
    "validation_min_recall": 0.19018274718911657,
    "train_variance": 95.031494140625,
    "validation_variance": 242.21212768554688
}