{
    "train_accuracy": 0.9375,
    "train_avg_precision": 0.9476190476190477,
    "train_min_precision": 0.8333333333333334,
    "train_avg_recall": 0.9482142857142858,
    "train_min_recall": 0.75,
    "train_loss": 0.15411598980426788,
    "validation_accuracy": 0.5625,
    "validation_avg_precision": 0.611111111111111,
    "validation_min_precision": 0.0,
    "validation_avg_recall": 0.5925925925925926,
    "validation_min_recall": 0.0,
    "validation_loss": 1.3976799249649048,
    "train_variance": 40.48798370361328,
    "validation_variance": 482.4276123046875
}