{
    "train_accuracy": 0.984375,
    "train_avg_precision": 0.9900000000000001,
    "train_min_precision": 0.9,
    "train_avg_recall": 0.9875,
    "train_min_recall": 0.875,
    "train_loss": 0.12574677169322968,
    "validation_accuracy": 0.5625,
    "validation_avg_precision": 0.4266666666666667,
    "validation_min_precision": 0.0,
    "validation_avg_recall": 0.5499999999999999,
    "validation_min_recall": 0.0,
    "validation_loss": 1.5220320224761963,
    "train_variance": 31.30860710144043,
    "validation_variance": 520.0857543945312
}