{
    "train_accuracy": 0.65625,
    "train_avg_precision": 0.6571428571428571,
    "train_min_precision": 0.14285714285714285,
    "train_avg_recall": 0.6906926406926407,
    "train_min_recall": 0.2857142857142857,
    "train_loss": 0.9647036790847778,
    "validation_accuracy": 0.5,
    "validation_avg_precision": 0.4375,
    "validation_min_precision": 0.0,
    "validation_avg_recall": 0.4937500000000001,
    "validation_min_recall": 0.0,
    "validation_loss": 1.0535157918930054,
    "train_variance": 79.49110412597656,
    "validation_variance": 113.0525894165039
}