{
    "train_loss": 0.1263570525962859,
    "train_accuracy": 0.9750781249999988,
    "train_avg_precision": 0.9728517748562105,
    "train_min_precision": 0.8088184027981802,
    "train_avg_recall": 0.9788554084045578,
    "train_min_recall": 0.8545208625224083,
    "validation_loss": 1.3456460761416487,
    "validation_accuracy": 0.6263933121019106,
    "validation_avg_precision": 0.6443996071473591,
    "validation_min_precision": 0.2058837919085202,
    "validation_avg_recall": 0.6221400803725644,
    "validation_min_recall": 0.15538460124447384,
    "train_variance": 41.360069274902344,
    "validation_variance": 471.4598083496094
}