{
    "train_accuracy": 0.90625,
    "train_avg_precision": 0.8838183421516754,
    "train_min_precision": 0.6666666666666666,
    "train_avg_recall": 0.9268518518518519,
    "train_min_recall": 0.7777777777777778,
    "train_loss": 0.3262769877910614,
    "validation_accuracy": 0.6875,
    "validation_avg_precision": 0.6018518518518519,
    "validation_min_precision": 0.0,
    "validation_avg_recall": 0.6851851851851851,
    "validation_min_recall": 0.0,
    "validation_loss": 0.889959990978241,
    "train_variance": 70.98941040039062,
    "validation_variance": 406.0995788574219
}