{
    "train_loss": 1.2018615056574362,
    "train_accuracy": 0.5846093749999998,
    "train_avg_precision": 0.5377125796661819,
    "train_min_precision": 0.058611201298701315,
    "train_avg_recall": 0.5579508132092175,
    "train_min_recall": 0.07976190476190478,
    "validation_loss": 1.3918959209873418,
    "validation_accuracy": 0.4999999999999999,
    "validation_avg_precision": 0.5007233520056675,
    "validation_min_precision": 0.12673048819545632,
    "validation_avg_recall": 0.5030499563540964,
    "validation_min_recall": 0.11535785516677236,
    "train_variance": 82.54764556884766,
    "validation_variance": 100.44998168945312
}