{
    "train_accuracy": 0.5625,
    "train_avg_precision": 0.5423992673992675,
    "train_min_precision": 0.125,
    "train_avg_recall": 0.6332936507936507,
    "train_min_recall": 0.125,
    "train_loss": 1.3744194507598877,
    "validation_accuracy": 0.5,
    "validation_avg_precision": 0.4259259259259259,
    "validation_min_precision": 0.0,
    "validation_avg_recall": 0.33333333333333337,
    "validation_min_recall": 0.0,
    "validation_loss": 1.201136589050293,
    "train_variance": 85.37340545654297,
    "validation_variance": 96.23246002197266
}