{
    "train_loss": 0.37938372422009686,
    "train_accuracy": 0.8824218750000014,
    "train_avg_precision": 0.8785743280786782,
    "train_min_precision": 0.48323590298590174,
    "train_avg_recall": 0.8835607609293801,
    "train_min_recall": 0.5485635712326881,
    "validation_loss": 1.3586788374906886,
    "validation_accuracy": 0.6043988853503187,
    "validation_avg_precision": 0.6372067235873905,
    "validation_min_precision": 0.19951894510718032,
    "validation_avg_recall": 0.6052049030233742,
    "validation_min_recall": 0.16843847942574056,
    "train_variance": 99.12884521484375,
    "validation_variance": 323.1587829589844
}