{
    "train_loss": 0.6152168484032152,
    "train_accuracy": 0.7947265625000001,
    "train_avg_precision": 0.7647099758456145,
    "train_min_precision": 0.26655423396048367,
    "train_avg_recall": 0.790744125317275,
    "train_min_recall": 0.3203091769341767,
    "validation_loss": 1.2597091087869778,
    "validation_accuracy": 0.5873805732484078,
    "validation_avg_precision": 0.5962228845111011,
    "validation_min_precision": 0.18199000221293207,
    "validation_avg_recall": 0.5860992926907128,
    "validation_min_recall": 0.1528729055799119,
    "train_variance": 103.97697448730469,
    "validation_variance": 212.96739196777344
}