{
    "train_accuracy": 0.9375,
    "train_avg_precision": 0.9555555555555556,
    "train_min_precision": 0.5555555555555556,
    "train_avg_recall": 0.9180952380952381,
    "train_min_recall": 0.6666666666666666,
    "train_loss": 0.3178577125072479,
    "validation_accuracy": 0.5,
    "validation_avg_precision": 0.6851851851851851,
    "validation_min_precision": 0.0,
    "validation_avg_recall": 0.5185185185185184,
    "validation_min_recall": 0.0,
    "validation_loss": 1.5023976564407349,
    "train_variance": 94.75784301757812,
    "validation_variance": 325.7521057128906
}