{
    "train_loss": 0.7693640259653324,
    "train_accuracy": 0.745117187499999,
    "train_avg_precision": 0.6900662870094517,
    "train_min_precision": 0.17446825396825397,
    "train_avg_recall": 0.7032650678653318,
    "train_min_recall": 0.18612086524586516,
    "validation_loss": 1.2282162399808314,
    "validation_accuracy": 0.5757364649681528,
    "validation_avg_precision": 0.5733412491613132,
    "validation_min_precision": 0.1699763788935763,
    "validation_avg_recall": 0.5789845354574656,
    "validation_min_recall": 0.12792918334319606,
    "train_variance": 78.11896514892578,
    "validation_variance": 121.62234497070312
}