{
    "train_accuracy": 0.984375,
    "train_avg_precision": 0.9800000000000001,
    "train_min_precision": 0.8,
    "train_avg_recall": 0.9928571428571428,
    "train_min_recall": 0.9285714285714286,
    "train_loss": 0.1168975681066513,
    "validation_accuracy": 0.625,
    "validation_avg_precision": 0.6145833333333333,
    "validation_min_precision": 0.0,
    "validation_avg_recall": 0.6458333333333333,
    "validation_min_recall": 0.0,
    "validation_loss": 0.9333134889602661,
    "train_variance": 22.552738189697266,
    "validation_variance": 555.2196044921875
}