{
    "train_loss": 0.7177620016038418,
    "train_accuracy": 0.7586328124999999,
    "train_avg_precision": 0.7201936341665185,
    "train_min_precision": 0.22433026695526692,
    "train_avg_recall": 0.7555779610690015,
    "train_min_recall": 0.29536254571451925,
    "validation_loss": 1.2134128524239645,
    "validation_accuracy": 0.5897691082802546,
    "validation_avg_precision": 0.5981397956347673,
    "validation_min_precision": 0.20477553232330292,
    "validation_avg_recall": 0.586722385599774,
    "validation_min_recall": 0.19063852813852808,
    "train_variance": 90.69677734375,
    "validation_variance": 153.68138122558594
}