{
    "train_accuracy": 0.78125,
    "train_avg_precision": 0.7726587301587301,
    "train_min_precision": 0.25,
    "train_avg_recall": 0.8288461538461539,
    "train_min_recall": 0.3333333333333333,
    "train_loss": 0.7393008470535278,
    "validation_accuracy": 0.5625,
    "validation_avg_precision": 0.5666666666666665,
    "validation_min_precision": 0.0,
    "validation_avg_recall": 0.5666666666666665,
    "validation_min_recall": 0.0,
    "validation_loss": 1.3601205348968506,
    "train_variance": 85.33267211914062,
    "validation_variance": 128.99900817871094
}