{
    "train_accuracy": 0.796875,
    "train_avg_precision": 0.8049007936507935,
    "train_min_precision": 0.4,
    "train_avg_recall": 0.7965404040404042,
    "train_min_recall": 0.5,
    "train_loss": 0.5366755723953247,
    "validation_accuracy": 0.5625,
    "validation_avg_precision": 0.4733333333333333,
    "validation_min_precision": 0.0,
    "validation_avg_recall": 0.5666666666666665,
    "validation_min_recall": 0.0,
    "validation_loss": 0.7995087504386902,
    "train_variance": 91.5986099243164,
    "validation_variance": 243.8208465576172
}