{
    "train_loss": 0.16284913171082738,
    "train_accuracy": 0.961640625000001,
    "train_avg_precision": 0.9554344131715607,
    "train_min_precision": 0.7382666177776451,
    "train_avg_recall": 0.9654082058960787,
    "train_min_recall": 0.7955375582449877,
    "validation_loss": 1.341042689836708,
    "validation_accuracy": 0.6203224522292996,
    "validation_avg_precision": 0.6324947128347278,
    "validation_min_precision": 0.21896719699267464,
    "validation_avg_recall": 0.6183483696063313,
    "validation_min_recall": 0.18160816536612706,
    "train_variance": 55.02302932739258,
    "validation_variance": 447.91107177734375
}