{
    "train_accuracy": 0.953125,
    "train_avg_precision": 0.9550000000000001,
    "train_min_precision": 0.75,
    "train_avg_recall": 0.9766666666666667,
    "train_min_recall": 0.8666666666666667,
    "train_loss": 0.14585988223552704,
    "validation_accuracy": 0.5625,
    "validation_avg_precision": 0.4583333333333333,
    "validation_min_precision": 0.0,
    "validation_avg_recall": 0.5416666666666666,
    "validation_min_recall": 0.0,
    "validation_loss": 0.8530126810073853,
    "train_variance": 53.812713623046875,
    "validation_variance": 454.03558349609375
}