{
    "train_accuracy": 0.734375,
    "train_avg_precision": 0.7102106227106227,
    "train_min_precision": 0.4,
    "train_avg_recall": 0.8040223665223665,
    "train_min_recall": 0.36363636363636365,
    "train_loss": 0.7299177646636963,
    "validation_accuracy": 0.625,
    "validation_avg_precision": 0.7037037037037038,
    "validation_min_precision": 0.0,
    "validation_avg_recall": 0.5740740740740742,
    "validation_min_recall": 0.0,
    "validation_loss": 0.8197978138923645,
    "train_variance": 98.50325012207031,
    "validation_variance": 167.96446228027344
}