{
    "train_loss": 0.26521621974185106,
    "train_accuracy": 0.9229296875000027,
    "train_avg_precision": 0.9162034511024416,
    "train_min_precision": 0.6069284847097338,
    "train_avg_recall": 0.930782389258053,
    "train_min_recall": 0.6702011640320462,
    "validation_loss": 1.3388860768573305,
    "validation_accuracy": 0.6165406050955415,
    "validation_avg_precision": 0.6463357149386559,
    "validation_min_precision": 0.21703012132948427,
    "validation_avg_recall": 0.613398722846706,
    "validation_min_recall": 0.19134704644258782,
    "train_variance": 84.23193359375,
    "validation_variance": 405.0743103027344
}