{
    "train_accuracy": 0.984375,
    "train_avg_precision": 0.9857142857142858,
    "train_min_precision": 0.8571428571428571,
    "train_avg_recall": 0.99375,
    "train_min_recall": 0.9375,
    "train_loss": 0.07466495037078857,
    "validation_accuracy": 0.75,
    "validation_avg_precision": 0.7833333333333333,
    "validation_min_precision": 0.0,
    "validation_avg_recall": 0.75,
    "validation_min_recall": 0.0,
    "validation_loss": 0.6394355297088623,
    "train_variance": 27.870933532714844,
    "validation_variance": 538.7924194335938
}