{
    "train_loss": 0.3401524480246007,
    "train_accuracy": 0.891992187500002,
    "train_avg_precision": 0.8777579145071861,
    "train_min_precision": 0.4887173729048721,
    "train_avg_recall": 0.8861836767022201,
    "train_min_recall": 0.47980649905649825,
    "validation_loss": 1.376005861789558,
    "validation_accuracy": 0.5973328025477707,
    "validation_avg_precision": 0.6230485282773248,
    "validation_min_precision": 0.1884735310690724,
    "validation_avg_recall": 0.6021664588065864,
    "validation_min_recall": 0.1532541768210558,
    "train_variance": 99.39397430419922,
    "validation_variance": 366.82379150390625
}