{
    "train_accuracy": 0.736328125,
    "train_loss": 0.802176296710968,
    "validation_accuracy": 0.69921875,
    "validation_loss": 0.8802853226661682
}