{
    "train_accuracy": 0.86328125,
    "train_loss": 0.3869509994983673,
    "validation_accuracy": 0.80078125,
    "validation_loss": 0.6157608032226562
}