{
    "train_accuracy": 0.9375,
    "train_loss": 0.17531052231788635,
    "validation_accuracy": 0.8125,
    "validation_loss": 0.5632179379463196
}