{
    "train_accuracy": 0.59521484375,
    "train_loss": 1.166473627090454,
    "validation_accuracy": 0.5774336457252502,
    "validation_loss": 1.1784532070159912
}