{
    "train_accuracy": 0.8154296875,
    "train_loss": 0.535211980342865,
    "validation_accuracy": 0.767699122428894,
    "validation_loss": 0.6679388284683228
}