{
    "train_accuracy": 0.72265625,
    "train_loss": 0.7873491048812866,
    "validation_accuracy": 0.6991150379180908,
    "validation_loss": 0.8521356582641602
}