{
    "train_accuracy": 0.458984375,
    "train_loss": 1.5064294338226318,
    "validation_accuracy": 0.4612831771373749,
    "validation_loss": 1.5155948400497437
}