{
    "train_loss": 2.5342401448418106,
    "validation_loss": 2.8984199047088626,
    "train_variance": 19.04388427734375,
    "validation_variance": 24.388225555419922
}