{
    "train_loss": 3.205820207034842,
    "validation_loss": 3.2486611366271974,
    "train_variance": 93.58956909179688,
    "validation_variance": 56.996826171875
}