{
    "train_loss": 2.8731119688819433,
    "validation_loss": 3.04553050994873,
    "train_variance": 13.338543891906738,
    "validation_variance": 15.29180908203125
}