{
    "train_loss": 2.228206118415384,
    "validation_loss": 2.7586189389228823,
    "train_variance": 36.944881439208984,
    "validation_variance": 49.61714172363281
}