{
    "train_loss": 2.213977925917682,
    "validation_loss": 2.799138903617859,
    "train_variance": 40.74230194091797,
    "validation_variance": 59.818233489990234
}