{
    "train_loss": 2.25392375272863,
    "validation_loss": 2.7811078310012816,
    "train_variance": 38.80931854248047,
    "validation_variance": 54.6909294128418
}