{
    "train_loss": 2.251945669510785,
    "validation_loss": 2.7552206754684447,
    "train_variance": 36.36854553222656,
    "validation_variance": 46.65913009643555
}