{
    "train_loss": 3.651954732221714,
    "validation_loss": 3.610227727890014,
    "train_variance": 12.091443061828613,
    "validation_variance": 10.808225631713867
}