{
    "train_loss": 2.6205409134135524,
    "validation_loss": 2.9062805175781254,
    "train_variance": 15.743191719055176,
    "validation_variance": 20.77056312561035
}