{
    "train_loss": 2.2235940807005945,
    "validation_loss": 2.7698176145553584,
    "train_variance": 38.00252914428711,
    "validation_variance": 53.31894302368164
}