{
    "train_loss": 2.5114908358630013,
    "validation_loss": 2.956874442100525,
    "train_variance": 31.126609802246094,
    "validation_variance": 40.28096389770508
}