{
    "train_loss": 2.9670186857882968,
    "train_zero_shot_top_1": 0.0,
    "train_zero_shot_top_2": 0.0,
    "validation_loss": 11.549262653697623,
    "validation_zero_shot_top_1": 0.01717634967421657,
    "validation_zero_shot_top_2": 0.11850008726341918,
    "train_variance": 5.624246120452881,
    "validation_variance": 1288.2054443359375
}