{
    "train_loss": 2.9910207608214594,
    "train_zero_shot_top_1": 0.0,
    "train_zero_shot_top_2": 0.0,
    "validation_loss": 10.086606632579459,
    "validation_zero_shot_top_1": 0.027652201946943844,
    "validation_zero_shot_top_2": 0.09165143596804219,
    "train_variance": 8.930768013000488,
    "validation_variance": 433.3050842285156
}