{
    "train_accuracy": 0.0,
    "train_loss": 2.444063425064087,
    "validation_accuracy": 0.25,
    "validation_loss": 3.2868528366088867
}