{
    "train_accuracy": 0.5,
    "train_loss": 1.6355690956115723,
    "validation_accuracy": 0.375,
    "validation_loss": 1.5968506336212158
}