{
    "train_accuracy": 0.25,
    "train_loss": 1.8777897357940674,
    "validation_accuracy": 0.0,
    "validation_loss": 3.0194687843322754
}