{
    "train_accuracy": 0.25,
    "train_loss": 2.19716477394104,
    "validation_accuracy": 0.125,
    "validation_loss": 1.956712007522583
}