{
    "train_accuracy": 0.25,
    "train_loss": 1.9730627536773682,
    "validation_accuracy": 0.25,
    "validation_loss": 1.7290681600570679
}