{
    "train_accuracy": 0.25,
    "train_loss": 1.6629546880722046,
    "validation_accuracy": 0.125,
    "validation_loss": 2.5658836364746094
}