{
    "train_accuracy": 0.125,
    "train_loss": 2.0100600719451904,
    "validation_accuracy": 0.375,
    "validation_loss": 1.6425015926361084
}