{
    "train_accuracy": 0.0,
    "train_loss": 3.770354747772217,
    "validation_accuracy": 0.0,
    "validation_loss": 3.93349027633667
}