{
    "train_accuracy": 0.5,
    "train_loss": 1.3789558410644531,
    "validation_accuracy": 0.375,
    "validation_loss": 1.4437808990478516
}