{
    "train_loss": 0.21553727474651835,
    "train_accuracy": 0.9262964118990988,
    "train_avg_precision": 0.7891171423030565,
    "train_min_precision": 0.08172996594049226,
    "train_avg_recall": 0.7777003365795658,
    "train_min_recall": 0.06691349586086429,
    "validation_loss": 0.748989751935005,
    "validation_accuracy": 0.7573242187499999,
    "validation_avg_precision": 0.7285110730309727,
    "validation_min_precision": 0.12439546686006045,
    "validation_avg_recall": 0.7574343799320913,
    "validation_min_recall": 0.01209100384264858
}