{
    "train_loss": 0.21284917755085125,
    "train_accuracy": 0.9283688748091988,
    "train_avg_precision": 0.7890049378756643,
    "train_min_precision": 0.08313266827198715,
    "train_avg_recall": 0.7727985543094887,
    "train_min_recall": 0.04956140350877193,
    "validation_loss": 0.7702908620238306,
    "validation_accuracy": 0.74873046875,
    "validation_avg_precision": 0.7237832749844896,
    "validation_min_precision": 0.1560489123885619,
    "validation_avg_recall": 0.7448277692564665,
    "validation_min_recall": 0.012822795373812203
}