{
    "train_loss": 0.2450585814944486,
    "train_accuracy": 0.9179522081425321,
    "train_avg_precision": 0.77349841829018,
    "train_min_precision": 0.08058310026273413,
    "train_avg_recall": 0.7400619140089124,
    "train_min_recall": 0.06262626262626263,
    "validation_loss": 0.9321070998907091,
    "validation_accuracy": 0.7123046875000001,
    "validation_avg_precision": 0.6769781841158535,
    "validation_min_precision": 0.012142857142857143,
    "validation_avg_recall": 0.7146050648488568,
    "validation_min_recall": 0.00125,
    "train_variance": 1.7979650497436523,
    "validation_variance": 7.130526065826416
}