{
    "train_loss": 0.26016523885099513,
    "train_accuracy": 0.9128643943552389,
    "train_avg_precision": 0.7698619189142749,
    "train_min_precision": 0.06954984360125119,
    "train_avg_recall": 0.7501027352845719,
    "train_min_recall": 0.05555555555555555,
    "validation_loss": 0.848950731754303,
    "validation_accuracy": 0.7280273437499998,
    "validation_avg_precision": 0.6951343505906613,
    "validation_min_precision": 0.020833333333333332,
    "validation_avg_recall": 0.7283740112106006,
    "validation_min_recall": 0.0018187830687830687
}