{
    "train_loss": 0.2586179882810828,
    "train_accuracy": 0.9145540302259885,
    "train_avg_precision": 0.781164261046634,
    "train_min_precision": 0.2016443595390964,
    "train_avg_recall": 0.8705086819602775,
    "train_min_recall": 0.4186705500136682,
    "validation_loss": 0.4715674854815006,
    "validation_accuracy": 0.8341796874999996,
    "validation_avg_precision": 0.8291224593904931,
    "validation_min_precision": 0.5934701783663832,
    "validation_avg_recall": 0.8296860624504266,
    "validation_min_recall": 0.41065997785939345,
    "train_variance": 2.5250306129455566,
    "validation_variance": 4.904333114624023
}