{
    "train_loss": 0.3037914035090229,
    "train_accuracy": 0.8803075844781438,
    "train_avg_precision": 0.7461068464433025,
    "train_min_precision": 0.03648656525033514,
    "train_avg_recall": 0.7193322723556184,
    "train_min_recall": 0.028502186396923236,
    "validation_loss": 0.8777740754187109,
    "validation_accuracy": 0.7080078125000001,
    "validation_avg_precision": 0.7005189731400903,
    "validation_min_precision": 0.008666666666666666,
    "validation_avg_recall": 0.7070191421968317,
    "validation_min_recall": 0.0006756756756756757,
    "train_variance": 2.336677312850952,
    "validation_variance": 6.468654632568359
}