{
    "train_loss": 0.21270833229809474,
    "train_accuracy": 0.9285579250569936,
    "train_avg_precision": 0.7886135213607915,
    "train_min_precision": 0.07270793262225331,
    "train_avg_recall": 0.7805128056988684,
    "train_min_recall": 0.06189083820662768,
    "validation_loss": 0.7391153134405614,
    "validation_accuracy": 0.7624023437499998,
    "validation_avg_precision": 0.7398840647778306,
    "validation_min_precision": 0.15338713233547735,
    "validation_avg_recall": 0.7585685788959354,
    "validation_min_recall": 0.014481747667037375,
    "train_variance": 1.8135939836502075,
    "validation_variance": 7.17767333984375
}