{
    "train_loss": 0.2353482520894,
    "train_accuracy": 0.9211447939538125,
    "train_avg_precision": 0.7956823892510745,
    "train_min_precision": 0.0963710007188268,
    "train_avg_recall": 0.7644159939377472,
    "train_min_recall": 0.0790179471667675,
    "validation_loss": 0.8725612103939057,
    "validation_accuracy": 0.7253906249999998,
    "validation_avg_precision": 0.6965719968129336,
    "validation_min_precision": 0.06228202526057369,
    "validation_avg_recall": 0.7278825903498544,
    "validation_min_recall": 0.00550985006630168
}