{
    "train_loss": 0.558389538735674,
    "train_accuracy": 0.7954902073793242,
    "train_avg_precision": 0.5433563233157498,
    "train_min_precision": 0.0,
    "train_avg_recall": 0.5188466077222302,
    "train_min_recall": 0.0,
    "validation_loss": 1.5934139460325236,
    "validation_accuracy": 0.4907226562499999,
    "validation_avg_precision": 0.4135112449331031,
    "validation_min_precision": 0.0,
    "validation_avg_recall": 0.49107001614642515,
    "validation_min_recall": 0.0,
    "train_variance": 2.2210230827331543,
    "validation_variance": 6.4319257736206055
}