{
    "train_loss": 0.23814889501061354,
    "train_accuracy": 0.9181696155615026,
    "train_avg_precision": 0.7848300957485126,
    "train_min_precision": 0.08467693297414658,
    "train_avg_recall": 0.7495077213863728,
    "train_min_recall": 0.05458089668615984,
    "validation_loss": 0.8141960114240645,
    "validation_accuracy": 0.7281249999999999,
    "validation_avg_precision": 0.6976322426250832,
    "validation_min_precision": 0.11006978490635155,
    "validation_avg_recall": 0.7242621236664432,
    "validation_min_recall": 0.01099854262082523,
    "train_variance": 1.8915507793426514,
    "validation_variance": 6.462808132171631
}