{
    "train_loss": 0.2233883712375373,
    "train_accuracy": 0.9245547871840634,
    "train_avg_precision": 0.789387341280023,
    "train_min_precision": 0.061097187412976886,
    "train_avg_recall": 0.7697613023066423,
    "train_min_recall": 0.04695071010860485,
    "validation_loss": 0.8103307515382766,
    "validation_accuracy": 0.7434570312499998,
    "validation_avg_precision": 0.7091365486954622,
    "validation_min_precision": 0.07267950751068235,
    "validation_avg_recall": 0.7423643418684729,
    "validation_min_recall": 0.006226259144497636,
    "train_variance": 1.8764728307724,
    "validation_variance": 6.682100772857666
}