{
    "train_loss": 0.20773357806498544,
    "train_accuracy": 0.9305618572653392,
    "train_avg_precision": 0.789952039280087,
    "train_min_precision": 0.07678049289891395,
    "train_avg_recall": 0.782841192431413,
    "train_min_recall": 0.07101086048454469,
    "validation_loss": 0.7523862019181253,
    "validation_accuracy": 0.7571289062499997,
    "validation_avg_precision": 0.7337707780088443,
    "validation_min_precision": 0.1682522964840038,
    "validation_avg_recall": 0.7585258641538564,
    "validation_min_recall": 0.015809264581323406,
    "train_variance": 2.0137155055999756,
    "validation_variance": 7.20867395401001
}