{
    "train_loss": 0.5004277830584005,
    "train_accuracy": 0.7980022116711264,
    "train_avg_precision": 0.5996593303240485,
    "train_min_precision": 0.008771929824561403,
    "train_avg_recall": 0.5598412443502816,
    "train_min_recall": 0.0009233610341643582,
    "validation_loss": 1.4478480249643326,
    "validation_accuracy": 0.5268554687500001,
    "validation_avg_precision": 0.4975011934614368,
    "validation_min_precision": 0.0,
    "validation_avg_recall": 0.5250015259013592,
    "validation_min_recall": 0.0,
    "train_variance": 2.3768155574798584,
    "validation_variance": 8.069730758666992
}