{
    "train_loss": 0.20405416661187223,
    "train_accuracy": 0.9312873378134618,
    "train_avg_precision": 0.7888176375839807,
    "train_min_precision": 0.093574946137273,
    "train_avg_recall": 0.7848022860605712,
    "train_min_recall": 0.06900584795321638,
    "validation_loss": 0.7261232115328312,
    "validation_accuracy": 0.7650390624999999,
    "validation_avg_precision": 0.7544086768655163,
    "validation_min_precision": 0.22172530687434286,
    "validation_avg_recall": 0.7659853521506479,
    "validation_min_recall": 0.021595133749200218,
    "train_variance": 2.149484157562256,
    "validation_variance": 7.419898986816406
}