{
    "train_loss": 0.2535967471306784,
    "train_accuracy": 0.9148801418772919,
    "train_avg_precision": 0.7725085593225579,
    "train_min_precision": 0.08178239888766205,
    "train_avg_recall": 0.7636214027747225,
    "train_min_recall": 0.08684210526315789,
    "validation_loss": 0.7880383387207985,
    "validation_accuracy": 0.7390625000000001,
    "validation_avg_precision": 0.7020921085095164,
    "validation_min_precision": 0.07657012195121951,
    "validation_avg_recall": 0.7381349647759031,
    "validation_min_recall": 0.006008172861621137,
    "train_variance": 1.8822146654129028,
    "validation_variance": 5.745021820068359
}