{
    "train_loss": 0.2728127065980644,
    "train_accuracy": 0.9095796472147896,
    "train_avg_precision": 0.7519233211672971,
    "train_min_precision": 0.031578947368421054,
    "train_avg_recall": 0.7358062488001106,
    "train_min_recall": 0.023391812865497075,
    "validation_loss": 0.8729985222220419,
    "validation_accuracy": 0.7162109375000001,
    "validation_avg_precision": 0.6800794882934826,
    "validation_min_precision": 0.02285012285012285,
    "validation_avg_recall": 0.7155750960113402,
    "validation_min_recall": 0.0019696969696969694,
    "train_variance": 1.8637136220932007,
    "validation_variance": 6.494940757751465
}