{
    "train_loss": 0.23527627137669344,
    "train_accuracy": 0.921544161804936,
    "train_avg_precision": 0.7655504560934473,
    "train_min_precision": 0.0619047619047619,
    "train_avg_recall": 0.7594988202203785,
    "train_min_recall": 0.05910609857978279,
    "validation_loss": 0.8340398222208022,
    "validation_accuracy": 0.7324218750000001,
    "validation_avg_precision": 0.7054337808297458,
    "validation_min_precision": 0.08571577242133349,
    "validation_avg_recall": 0.7309796456325434,
    "validation_min_recall": 0.010902998081732302
}