{
    "train_loss": 0.3223971165063089,
    "train_accuracy": 0.8852819685350385,
    "train_avg_precision": 0.695463239135067,
    "train_min_precision": 0.037030748915299,
    "train_avg_recall": 0.6938588459688118,
    "train_min_recall": 0.03611111111111111,
    "validation_loss": 1.000933395326138,
    "validation_accuracy": 0.6646484375000001,
    "validation_avg_precision": 0.6622455281413284,
    "validation_min_precision": 0.0,
    "validation_avg_recall": 0.6608468414762756,
    "validation_min_recall": 0.0,
    "train_variance": 1.858768105506897,
    "validation_variance": 6.026447296142578
}