{
    "train_loss": 0.2803157701304084,
    "train_accuracy": 0.9048179450787998,
    "train_avg_precision": 0.7414998511304249,
    "train_min_precision": 0.02807017543859649,
    "train_avg_recall": 0.7157678893727802,
    "train_min_recall": 0.0324410163339383,
    "validation_loss": 0.9390470251441001,
    "validation_accuracy": 0.6899414062500002,
    "validation_avg_precision": 0.6698587001607644,
    "validation_min_precision": 0.01111111111111111,
    "validation_avg_recall": 0.6911482139791899,
    "validation_min_recall": 0.0009259259259259259
}