{
    "train_loss": 0.3550765483002912,
    "train_accuracy": 0.879712076563584,
    "train_avg_precision": 0.6903554706527375,
    "train_min_precision": 0.02046783625730994,
    "train_avg_recall": 0.6498549189214423,
    "train_min_recall": 0.009523809523809525,
    "validation_loss": 1.123528717458248,
    "validation_accuracy": 0.61220703125,
    "validation_avg_precision": 0.6168240923774673,
    "validation_min_precision": 0.0,
    "validation_avg_recall": 0.6127395774696323,
    "validation_min_recall": 0.0,
    "train_variance": 1.8772188425064087,
    "validation_variance": 6.638118743896484
}