{
    "train_loss": 0.20513024011202027,
    "train_accuracy": 0.9315496442610764,
    "train_avg_precision": 0.796068821412216,
    "train_min_precision": 0.09528374102677509,
    "train_avg_recall": 0.7851456048921037,
    "train_min_recall": 0.07087162350320245,
    "validation_loss": 0.7431036010384561,
    "validation_accuracy": 0.7626953125,
    "validation_avg_precision": 0.7338764955840714,
    "validation_min_precision": 0.1732820305008756,
    "validation_avg_recall": 0.7588437791001643,
    "validation_min_recall": 0.01714817884475645,
    "train_variance": 2.1506779193878174,
    "validation_variance": 7.91838264465332
}