{
    "train_loss": 0.2028117684418695,
    "train_accuracy": 0.9326059630042636,
    "train_avg_precision": 0.7866379490987319,
    "train_min_precision": 0.08955722639933167,
    "train_avg_recall": 0.7828571933717168,
    "train_min_recall": 0.06411862990810359,
    "validation_loss": 0.732984049618244,
    "validation_accuracy": 0.76240234375,
    "validation_avg_precision": 0.7432805921401634,
    "validation_min_precision": 0.2091913316908277,
    "validation_avg_recall": 0.7624309771213642,
    "validation_min_recall": 0.022602629763705476
}