{
    "train_loss": 0.8257533050419993,
    "train_accuracy": 0.7221458146446634,
    "train_avg_precision": 0.3807989342135071,
    "train_min_precision": 0.0,
    "train_avg_recall": 0.34678925955151896,
    "train_min_recall": 0.0,
    "validation_loss": 2.3948705315589907,
    "validation_accuracy": 0.3324218749999999,
    "validation_avg_precision": 0.2249202442403837,
    "validation_min_precision": 0.0,
    "validation_avg_recall": 0.33129376486046014,
    "validation_min_recall": 0.0,
    "train_variance": 0.9606330990791321,
    "validation_variance": 2.7906787395477295
}