{
    "train_loss": 0.3327280269903049,
    "train_accuracy": 0.8885808942610757,
    "train_avg_precision": 0.7159008362030305,
    "train_min_precision": 0.05083364439467463,
    "train_avg_recall": 0.6889691461329753,
    "train_min_recall": 0.03245614035087719,
    "validation_loss": 1.0212628573179245,
    "validation_accuracy": 0.65947265625,
    "validation_avg_precision": 0.645807868920438,
    "validation_min_precision": 0.0,
    "validation_avg_recall": 0.6564640018214639,
    "validation_min_recall": 0.0,
    "train_variance": 1.796249270439148,
    "validation_variance": 6.007272720336914
}