{
    "train_loss": 0.20592933579495082,
    "train_accuracy": 0.9310533874913273,
    "train_avg_precision": 0.7925914974413448,
    "train_min_precision": 0.053017158280316175,
    "train_avg_recall": 0.7833552800372879,
    "train_min_recall": 0.0406015037593985,
    "validation_loss": 0.7356354370713234,
    "validation_accuracy": 0.7602539062500001,
    "validation_avg_precision": 0.7431311175701867,
    "validation_min_precision": 0.23232141397195116,
    "validation_avg_recall": 0.7597322380804513,
    "validation_min_recall": 0.02245277208399921
}