{
    "train_loss": 0.30835938270677593,
    "train_accuracy": 0.8910716311973438,
    "train_avg_precision": 0.7173101481328051,
    "train_min_precision": 0.04619186856028961,
    "train_avg_recall": 0.7117286108847249,
    "train_min_recall": 0.03586115827202414,
    "validation_loss": 0.9677286595106123,
    "validation_accuracy": 0.6724609375,
    "validation_avg_precision": 0.6662977588718844,
    "validation_min_precision": 0.0,
    "validation_avg_recall": 0.671813246295699,
    "validation_min_recall": 0.0,
    "train_variance": 1.878673791885376,
    "validation_variance": 5.72552490234375
}