{
    "train_loss": 0.20444453965153606,
    "train_accuracy": 0.9313275102983448,
    "train_avg_precision": 0.8018223163908633,
    "train_min_precision": 0.09304029304029304,
    "train_avg_recall": 0.7862009663654205,
    "train_min_recall": 0.07705182496471062,
    "validation_loss": 0.7585715636610985,
    "validation_accuracy": 0.75712890625,
    "validation_avg_precision": 0.7336064373232948,
    "validation_min_precision": 0.20029196625708945,
    "validation_avg_recall": 0.7550767794561631,
    "validation_min_recall": 0.02153694229013313,
    "train_variance": 2.238288164138794,
    "validation_variance": 7.389712810516357
}