{
    "train_loss": 0.2109007019745677,
    "train_accuracy": 0.9299049074189712,
    "train_avg_precision": 0.794420170439106,
    "train_min_precision": 0.10482456140350876,
    "train_avg_recall": 0.7865518623412866,
    "train_min_recall": 0.09315903394850764,
    "validation_loss": 0.7547213569283485,
    "validation_accuracy": 0.7549804687500001,
    "validation_avg_precision": 0.7303982344546219,
    "validation_min_precision": 0.13112703026947212,
    "validation_avg_recall": 0.7529023068318133,
    "validation_min_recall": 0.01204568890138587,
    "train_variance": 1.9413180351257324,
    "validation_variance": 6.54533576965332
}