{
    "train_loss": 0.2464208393766169,
    "train_accuracy": 0.9172905327980984,
    "train_avg_precision": 0.7642815933004845,
    "train_min_precision": 0.04506737859140605,
    "train_avg_recall": 0.7508251035391409,
    "train_min_recall": 0.044657097288676235,
    "validation_loss": 0.8910787597298622,
    "validation_accuracy": 0.7271484374999999,
    "validation_avg_precision": 0.6869314574150249,
    "validation_min_precision": 0.0,
    "validation_avg_recall": 0.723468223698262,
    "validation_min_recall": 0.0
}