{
    "train_loss": 0.20870446505253773,
    "train_accuracy": 0.9300136116513043,
    "train_avg_precision": 0.7992455612810535,
    "train_min_precision": 0.14063590304730114,
    "train_avg_recall": 0.7851554406256556,
    "train_min_recall": 0.10964912280701754,
    "validation_loss": 0.7573458671569825,
    "validation_accuracy": 0.7578125,
    "validation_avg_precision": 0.7321834008911288,
    "validation_min_precision": 0.1777030315607807,
    "validation_avg_recall": 0.7565849654089951,
    "validation_min_recall": 0.016326883764383765,
    "train_variance": 2.0038890838623047,
    "validation_variance": 7.147610187530518
}