{
    "train_loss": 0.21347468960703472,
    "train_accuracy": 0.9278040873376954,
    "train_avg_precision": 0.7889179204347035,
    "train_min_precision": 0.06568504594820385,
    "train_avg_recall": 0.7763911263080066,
    "train_min_recall": 0.055832829199435365,
    "validation_loss": 0.7590050466358661,
    "validation_accuracy": 0.7562500000000001,
    "validation_avg_precision": 0.7260071989720185,
    "validation_min_precision": 0.11610998002804725,
    "validation_avg_recall": 0.7546988444999917,
    "validation_min_recall": 0.012018057543362324
}