{
    "train_loss": 0.24071661422127177,
    "train_accuracy": 0.9211117091931801,
    "train_avg_precision": 0.7640463216637244,
    "train_min_precision": 0.0587719298245614,
    "train_avg_recall": 0.7648193031111372,
    "train_min_recall": 0.056018834966203385,
    "validation_loss": 0.759196224808693,
    "validation_accuracy": 0.742578125,
    "validation_avg_precision": 0.7112446743502507,
    "validation_min_precision": 0.11921390118400989,
    "validation_avg_recall": 0.7412332369989505,
    "validation_min_recall": 0.01135781409904832,
    "train_variance": 1.9471923112869263,
    "validation_variance": 6.534688472747803
}