{
    "train_loss": 0.21305286936592646,
    "train_accuracy": 0.9291061706710286,
    "train_avg_precision": 0.7816883593765452,
    "train_min_precision": 0.09106586068527536,
    "train_avg_recall": 0.767538053704956,
    "train_min_recall": 0.08047581073896865,
    "validation_loss": 0.759528438746929,
    "validation_accuracy": 0.7569335937499997,
    "validation_avg_precision": 0.7296338082951943,
    "validation_min_precision": 0.13092851196740532,
    "validation_avg_recall": 0.7579036687315855,
    "validation_min_recall": 0.023139903574686184
}