{
    "train_loss": 0.2068949535227658,
    "train_accuracy": 0.9314527563881464,
    "train_avg_precision": 0.7908373311347388,
    "train_min_precision": 0.07667780562517404,
    "train_avg_recall": 0.7835486120749734,
    "train_min_recall": 0.06009896536212325,
    "validation_loss": 0.7446873769164085,
    "validation_accuracy": 0.7633789062499997,
    "validation_avg_precision": 0.7444361943324088,
    "validation_min_precision": 0.20591175780460053,
    "validation_avg_recall": 0.7621895117628273,
    "validation_min_recall": 0.022327487191322912,
    "train_variance": 2.063113212585449,
    "validation_variance": 7.807065963745117
}