{
    "train_loss": 0.24883678529346195,
    "train_accuracy": 0.9153433149321042,
    "train_avg_precision": 0.7632553639121393,
    "train_min_precision": 0.06137498217087434,
    "train_avg_recall": 0.7273925041288002,
    "train_min_recall": 0.043692564745196324,
    "validation_loss": 0.8235421165823934,
    "validation_accuracy": 0.71923828125,
    "validation_avg_precision": 0.701295527850054,
    "validation_min_precision": 0.1372825733982949,
    "validation_avg_recall": 0.721039957548778,
    "validation_min_recall": 0.023764193752583845
}