{
    "train_loss": 0.4133579830328624,
    "train_accuracy": 0.8623974406928342,
    "train_avg_precision": 0.6400834467796604,
    "train_min_precision": 0.0,
    "train_avg_recall": 0.6147584913489387,
    "train_min_recall": 0.0,
    "validation_loss": 1.263107231259346,
    "validation_accuracy": 0.5876953125000001,
    "validation_avg_precision": 0.5326562563878313,
    "validation_min_precision": 0.0,
    "validation_avg_recall": 0.5916343841811412,
    "validation_min_recall": 0.0
}