{
    "train_loss": 0.2068730326075303,
    "train_accuracy": 0.9313440521558132,
    "train_avg_precision": 0.7927742702107607,
    "train_min_precision": 0.09637073452862926,
    "train_avg_recall": 0.7813082640897622,
    "train_min_recall": 0.07392787524366472,
    "validation_loss": 0.7392848759889605,
    "validation_accuracy": 0.7636718750000002,
    "validation_avg_precision": 0.7454483813681605,
    "validation_min_precision": 0.2054225120105734,
    "validation_avg_recall": 0.765293857788786,
    "validation_min_recall": 0.03164476575138358
}