{
    "train_loss": 0.5366762463460888,
    "train_accuracy": 0.7982692457081975,
    "train_avg_precision": 0.5694662804250821,
    "train_min_precision": 0.013157894736842105,
    "train_avg_recall": 0.5339979672377664,
    "train_min_recall": 0.007017543859649123,
    "validation_loss": 1.4794963032007216,
    "validation_accuracy": 0.5078125,
    "validation_avg_precision": 0.46081931913465435,
    "validation_min_precision": 0.0,
    "validation_avg_recall": 0.506435146832095,
    "validation_min_recall": 0.0
}