{
    "train_loss": 0.293644401587938,
    "train_accuracy": 0.893893205282981,
    "train_avg_precision": 0.7359369913688008,
    "train_min_precision": 0.06239435798799324,
    "train_avg_recall": 0.7212773019309521,
    "train_min_recall": 0.05551900584795322,
    "validation_loss": 0.9013975277543066,
    "validation_accuracy": 0.6977539062500001,
    "validation_avg_precision": 0.6868807774376514,
    "validation_min_precision": 0.010080645161290322,
    "validation_avg_recall": 0.6961841503879088,
    "validation_min_recall": 0.0008620689655172414,
    "train_variance": 2.033952236175537,
    "validation_variance": 6.261953353881836
}