{
    "train_loss": 0.22262975834963608,
    "train_accuracy": 0.9243657369362687,
    "train_avg_precision": 0.7983839955966986,
    "train_min_precision": 0.10139316559973466,
    "train_avg_recall": 0.7673700343098561,
    "train_min_recall": 0.07046783625730993,
    "validation_loss": 0.815413710474968,
    "validation_accuracy": 0.7450195312499999,
    "validation_avg_precision": 0.7147238908353473,
    "validation_min_precision": 0.08846380471380472,
    "validation_avg_recall": 0.7457298254976545,
    "validation_min_recall": 0.024034679089026914,
    "train_variance": 1.8256059885025024,
    "validation_variance": 6.28433084487915
}