{
    "train_loss": 0.30180641041513073,
    "train_accuracy": 0.897759282798098,
    "train_avg_precision": 0.7351304662345592,
    "train_min_precision": 0.07999368339548057,
    "train_avg_recall": 0.6958204962374478,
    "train_min_recall": 0.05409356725146199,
    "validation_loss": 0.9999169543385505,
    "validation_accuracy": 0.6624023437500002,
    "validation_avg_precision": 0.6483617184337314,
    "validation_min_precision": 0.010869565217391304,
    "validation_avg_recall": 0.6583723236945579,
    "validation_min_recall": 0.001,
    "train_variance": 2.0163345336914062,
    "validation_variance": 6.655134201049805
}