{
    "train_loss": 0.30489553092864535,
    "train_accuracy": 0.8941436974625838,
    "train_avg_precision": 0.7582176071743604,
    "train_min_precision": 0.07264397930249289,
    "train_avg_recall": 0.708847288020085,
    "train_min_recall": 0.04064327485380117,
    "validation_loss": 0.9658510915935041,
    "validation_accuracy": 0.6892578124999998,
    "validation_avg_precision": 0.6723832493860425,
    "validation_min_precision": 0.011574074074074073,
    "validation_avg_recall": 0.6885949503230883,
    "validation_min_recall": 0.0010416666666666667
}