{
    "train_loss": 0.26461764490395256,
    "train_accuracy": 0.9102200541579936,
    "train_avg_precision": 0.7614907214362288,
    "train_min_precision": 0.06403508771929825,
    "train_avg_recall": 0.7693613272067075,
    "train_min_recall": 0.05622389306599832,
    "validation_loss": 0.7527093842625616,
    "validation_accuracy": 0.7425781249999998,
    "validation_avg_precision": 0.7142052559141546,
    "validation_min_precision": 0.08459519319251457,
    "validation_avg_recall": 0.7435464558771255,
    "validation_min_recall": 0.014724972191323692
}