{
    "train_loss": 0.20609546805682932,
    "train_accuracy": 0.9319891866884741,
    "train_avg_precision": 0.7950326980344313,
    "train_min_precision": 0.10543622440174164,
    "train_avg_recall": 0.7812689548346933,
    "train_min_recall": 0.07163742690058479,
    "validation_loss": 0.7326402008533479,
    "validation_accuracy": 0.763671875,
    "validation_avg_precision": 0.7461582725130982,
    "validation_min_precision": 0.2223144944969858,
    "validation_avg_recall": 0.7602265943459282,
    "validation_min_recall": 0.02136816322061877
}