{
    "train_loss": 0.29740064551955786,
    "train_accuracy": 0.8936190824759634,
    "train_avg_precision": 0.7390425339906239,
    "train_min_precision": 0.06301113143218406,
    "train_avg_recall": 0.7300373428401249,
    "train_min_recall": 0.06636382623224728,
    "validation_loss": 0.9332034766674044,
    "validation_accuracy": 0.6935546874999998,
    "validation_avg_precision": 0.682313446178805,
    "validation_min_precision": 0.009523809523809523,
    "validation_avg_recall": 0.691004955903992,
    "validation_min_recall": 0.0008064516129032258
}