{
    "train_loss": 0.20787055163007026,
    "train_accuracy": 0.9307792646843098,
    "train_avg_precision": 0.7945118996515919,
    "train_min_precision": 0.07266081871345029,
    "train_avg_recall": 0.7809576080838752,
    "train_min_recall": 0.06035923141186299,
    "validation_loss": 0.7498879671096805,
    "validation_accuracy": 0.7556640625000002,
    "validation_avg_precision": 0.731441146871683,
    "validation_min_precision": 0.18037395547857105,
    "validation_avg_recall": 0.7527943331295521,
    "validation_min_recall": 0.016832081954936646,
    "train_variance": 2.0212223529815674,
    "validation_variance": 7.96068811416626
}