{
    "train_loss": 0.2050380380007259,
    "train_accuracy": 0.9320860745614041,
    "train_avg_precision": 0.7947518731178678,
    "train_min_precision": 0.08771929824561403,
    "train_avg_recall": 0.786428034458436,
    "train_min_recall": 0.0675438596491228,
    "validation_loss": 0.7414044126868249,
    "validation_accuracy": 0.76005859375,
    "validation_avg_precision": 0.7457153084334177,
    "validation_min_precision": 0.22633313823762177,
    "validation_avg_recall": 0.7622491427467541,
    "validation_min_recall": 0.021573471470914173
}