{
    "train_loss": 0.2110157776297185,
    "train_accuracy": 0.928683171146795,
    "train_avg_precision": 0.7804771020997556,
    "train_min_precision": 0.05785296574770259,
    "train_avg_recall": 0.7773067689122138,
    "train_min_recall": 0.046966374269005844,
    "validation_loss": 0.7541656523942945,
    "validation_accuracy": 0.7568359375,
    "validation_avg_precision": 0.733909488511563,
    "validation_min_precision": 0.17338796257672184,
    "validation_avg_recall": 0.7529863008432164,
    "validation_min_recall": 0.014351122623925738,
    "train_variance": 1.923274040222168,
    "validation_variance": 6.7716875076293945
}