{
    "train_loss": 0.20578603132774956,
    "train_accuracy": 0.9311101028793742,
    "train_avg_precision": 0.7823347354204309,
    "train_min_precision": 0.07330827067669173,
    "train_avg_recall": 0.7761689075311415,
    "train_min_recall": 0.05935672514619882,
    "validation_loss": 0.7396673008799551,
    "validation_accuracy": 0.7619140625000003,
    "validation_avg_precision": 0.7417136554262513,
    "validation_min_precision": 0.19354725678805781,
    "validation_avg_recall": 0.7596937079147629,
    "validation_min_recall": 0.01861994673239091,
    "train_variance": 2.1047356128692627,
    "validation_variance": 6.772899150848389
}