{
    "train_loss": 0.25868998990769965,
    "train_accuracy": 0.913646589245713,
    "train_avg_precision": 0.7641673283216969,
    "train_min_precision": 0.05299558419859171,
    "train_avg_recall": 0.7437032905503143,
    "train_min_recall": 0.03790726817042606,
    "validation_loss": 0.8906612098217008,
    "validation_accuracy": 0.7158203125000001,
    "validation_avg_precision": 0.6839949385138298,
    "validation_min_precision": 0.014102564102564103,
    "validation_avg_recall": 0.717245629701388,
    "validation_min_recall": 0.0011904761904761904,
    "train_variance": 1.7951171398162842,
    "validation_variance": 6.062037944793701
}