{
    "train_loss": 0.2794070962751122,
    "train_accuracy": 0.9066966311973441,
    "train_avg_precision": 0.7429016888399325,
    "train_min_precision": 0.039116309291747885,
    "train_avg_recall": 0.738324282993753,
    "train_min_recall": 0.03391812865497076,
    "validation_loss": 0.9024544864892959,
    "validation_accuracy": 0.7101562499999999,
    "validation_avg_precision": 0.6743230515058373,
    "validation_min_precision": 0.0,
    "validation_avg_recall": 0.7086359015344642,
    "validation_min_recall": 0.0,
    "train_variance": 1.7076270580291748,
    "validation_variance": 6.216314792633057
}