{
    "train_loss": 0.21226316795014497,
    "train_accuracy": 0.9288438631777184,
    "train_avg_precision": 0.789873996703509,
    "train_min_precision": 0.06537176274018379,
    "train_avg_recall": 0.7801266152465925,
    "train_min_recall": 0.05263157894736842,
    "validation_loss": 0.7517382055521011,
    "validation_accuracy": 0.7558593749999998,
    "validation_avg_precision": 0.7334470572546425,
    "validation_min_precision": 0.17303356734763292,
    "validation_avg_recall": 0.7536924465808178,
    "validation_min_recall": 0.0144834673573947
}