{
    "train_loss": 0.21111715179786347,
    "train_accuracy": 0.9299332656358424,
    "train_avg_precision": 0.7934524897729092,
    "train_min_precision": 0.12333611807296017,
    "train_avg_recall": 0.7813786721581939,
    "train_min_recall": 0.09733468286099865,
    "validation_loss": 0.7499810747802256,
    "validation_accuracy": 0.75712890625,
    "validation_avg_precision": 0.7321741044441386,
    "validation_min_precision": 0.15279037909746648,
    "validation_avg_recall": 0.7584736480968859,
    "validation_min_recall": 0.029506008359456635,
    "train_variance": 1.7964532375335693,
    "validation_variance": 6.658604621887207
}