{
    "train_loss": 0.20559066063479373,
    "train_accuracy": 0.9306020307959179,
    "train_avg_precision": 0.799568178713375,
    "train_min_precision": 0.11755122625685661,
    "train_avg_recall": 0.7844654058213917,
    "train_min_recall": 0.09147869674185463,
    "validation_loss": 0.7379147969186304,
    "validation_accuracy": 0.7596679687500002,
    "validation_avg_precision": 0.7367036175933739,
    "validation_min_precision": 0.19786050010281006,
    "validation_avg_recall": 0.7552874707023415,
    "validation_min_recall": 0.023361031329781328
}