{
    "train_loss": 0.2075700491928218,
    "train_accuracy": 0.9306185726533864,
    "train_avg_precision": 0.7886397831905625,
    "train_min_precision": 0.08167641325536062,
    "train_avg_recall": 0.7803195598045881,
    "train_min_recall": 0.075906432748538,
    "validation_loss": 0.7429062530398367,
    "validation_accuracy": 0.7617187500000002,
    "validation_avg_precision": 0.7435118793820482,
    "validation_min_precision": 0.1782810125115524,
    "validation_avg_recall": 0.7598714960324542,
    "validation_min_recall": 0.01679925699594484
}