{
    "train_loss": 0.29416004685979136,
    "train_accuracy": 0.9006942866141339,
    "train_avg_precision": 0.7442410728210258,
    "train_min_precision": 0.0709137353874196,
    "train_avg_recall": 0.7154738279767708,
    "train_min_recall": 0.05146895015316068,
    "validation_loss": 0.9634701803326609,
    "validation_accuracy": 0.6728515625000002,
    "validation_avg_precision": 0.6491099146643128,
    "validation_min_precision": 0.005208333333333334,
    "validation_avg_recall": 0.6711805351944898,
    "validation_min_recall": 0.0007352941176470588,
    "train_variance": 1.91549813747406,
    "validation_variance": 6.296915531158447
}