{
    "train_loss": 0.21099464020185305,
    "train_accuracy": 0.9296426009713562,
    "train_avg_precision": 0.787870781761099,
    "train_min_precision": 0.07050658284778066,
    "train_avg_recall": 0.7737668223750361,
    "train_min_recall": 0.0556390977443609,
    "validation_loss": 0.764333887398243,
    "validation_accuracy": 0.752734375,
    "validation_avg_precision": 0.7289221434453209,
    "validation_min_precision": 0.13487336930625235,
    "validation_avg_recall": 0.7548607449756637,
    "validation_min_recall": 0.012628476998042214
}