{
    "train_loss": 0.20507873045770744,
    "train_accuracy": 0.9308879689166427,
    "train_avg_precision": 0.7920463242763863,
    "train_min_precision": 0.09579504316346421,
    "train_avg_recall": 0.7837505180630601,
    "train_min_recall": 0.08000242541838466,
    "validation_loss": 0.7293532237410546,
    "validation_accuracy": 0.7669921874999999,
    "validation_avg_precision": 0.7436651635058573,
    "validation_min_precision": 0.18381335650613495,
    "validation_avg_recall": 0.765521139257042,
    "validation_min_recall": 0.015140552194286415
}