{
    "train_loss": 0.26956575481515177,
    "train_accuracy": 0.9093858704232337,
    "train_avg_precision": 0.757613593304756,
    "train_min_precision": 0.04611528822055138,
    "train_avg_recall": 0.7445922705720807,
    "train_min_recall": 0.042287567772332314,
    "validation_loss": 0.87102295383811,
    "validation_accuracy": 0.7261718749999997,
    "validation_avg_precision": 0.6845438362225529,
    "validation_min_precision": 0.0,
    "validation_avg_recall": 0.7246456537426611,
    "validation_min_recall": 0.0,
    "train_variance": 1.8545444011688232,
    "validation_variance": 6.523464679718018
}