{
    "train_loss": 0.23114727045360361,
    "train_accuracy": 0.922144396263257,
    "train_avg_precision": 0.7997337565191214,
    "train_min_precision": 0.23053023974076603,
    "train_avg_recall": 0.8965855162966828,
    "train_min_recall": 0.5256280330228713,
    "validation_loss": 0.4456720542162657,
    "validation_accuracy": 0.8434570312500002,
    "validation_avg_precision": 0.8384981896370897,
    "validation_min_precision": 0.5671744971478945,
    "validation_avg_recall": 0.8408726315589506,
    "validation_min_recall": 0.47309676398709566,
    "train_variance": 3.1175177097320557,
    "validation_variance": 7.313071250915527
}