{
    "train_loss": 0.6876851215697174,
    "train_accuracy": 0.7545939202894244,
    "train_avg_precision": 0.4261012338137886,
    "train_min_precision": 0.0,
    "train_avg_recall": 0.40721639485418426,
    "train_min_recall": 0.0,
    "validation_loss": 2.0364999979734417,
    "validation_accuracy": 0.39628906250000007,
    "validation_avg_precision": 0.27972896336738695,
    "validation_min_precision": 0.0,
    "validation_avg_recall": 0.39567166356671635,
    "validation_min_recall": 0.0,
    "train_variance": 1.7204341888427734,
    "validation_variance": 4.348030090332031
}