{
    "train_loss": 0.24406148545574724,
    "train_accuracy": 0.9189116379670935,
    "train_avg_precision": 0.7690072672225782,
    "train_min_precision": 0.09030157977526398,
    "train_avg_recall": 0.7604098413746306,
    "train_min_recall": 0.06461988304093567,
    "validation_loss": 0.7886020213365558,
    "validation_accuracy": 0.7333007812500001,
    "validation_avg_precision": 0.6967713642708429,
    "validation_min_precision": 0.06256979681357616,
    "validation_avg_recall": 0.7317043153098427,
    "validation_min_recall": 0.0054870371831628045
}