{
    "train_loss": 0.21002335036010084,
    "train_accuracy": 0.9297111316731108,
    "train_avg_precision": 0.7872529620555302,
    "train_min_precision": 0.05518341307814992,
    "train_avg_recall": 0.7769310276810949,
    "train_min_recall": 0.04444444444444444,
    "validation_loss": 0.7610011070966721,
    "validation_accuracy": 0.7559570312500001,
    "validation_avg_precision": 0.7292110462069746,
    "validation_min_precision": 0.15866718807508282,
    "validation_avg_recall": 0.7538803118905254,
    "validation_min_recall": 0.013524354359900802,
    "train_variance": 1.9667221307754517,
    "validation_variance": 6.885750770568848
}