{
    "train_loss": 0.2186734695967875,
    "train_accuracy": 0.9266272500941634,
    "train_avg_precision": 0.817494365540154,
    "train_min_precision": 0.2718050468050468,
    "train_avg_recall": 0.8869876795470326,
    "train_min_recall": 0.4400350933045236,
    "validation_loss": 0.4709270529448986,
    "validation_accuracy": 0.8382812499999999,
    "validation_avg_precision": 0.8405914061829628,
    "validation_min_precision": 0.6180063951665486,
    "validation_avg_recall": 0.8397264798374314,
    "validation_min_recall": 0.4203590382166006,
    "train_variance": 2.7105185985565186,
    "validation_variance": 7.218411922454834
}