{
    "train_loss": 0.2722051420755554,
    "train_accuracy": 0.9066446423530581,
    "train_avg_precision": 0.7490442704694593,
    "train_min_precision": 0.03907203907203907,
    "train_avg_recall": 0.7177594983128631,
    "train_min_recall": 0.02471231843048481,
    "validation_loss": 0.9107533156871795,
    "validation_accuracy": 0.7041992187499999,
    "validation_avg_precision": 0.6735039226442734,
    "validation_min_precision": 0.010326086956521738,
    "validation_avg_recall": 0.7040073937611349,
    "validation_min_recall": 0.0008928571428571428
}