{
    "train_loss": 0.20535790632691295,
    "train_accuracy": 0.9317670527257425,
    "train_avg_precision": 0.7868039348003416,
    "train_min_precision": 0.034753550543024224,
    "train_avg_recall": 0.7789841269856465,
    "train_min_recall": 0.03508771929824561,
    "validation_loss": 0.7601978778839109,
    "validation_accuracy": 0.7574218749999999,
    "validation_avg_precision": 0.7410840988810121,
    "validation_min_precision": 0.20813727654660108,
    "validation_avg_recall": 0.7604946043636419,
    "validation_min_recall": 0.021752917357828694
}