{
    "train_loss": 0.2122871768579148,
    "train_accuracy": 0.9298198348597483,
    "train_avg_precision": 0.7865542343094571,
    "train_min_precision": 0.07233361180729601,
    "train_avg_recall": 0.7702247825007082,
    "train_min_recall": 0.05590418353576248,
    "validation_loss": 0.7475777998566628,
    "validation_accuracy": 0.7583984375000001,
    "validation_avg_precision": 0.7362709391292186,
    "validation_min_precision": 0.17936995940257427,
    "validation_avg_recall": 0.7567098416818215,
    "validation_min_recall": 0.017358205178004956
}