{
    "train_loss": 0.2082785025500414,
    "train_accuracy": 0.9309045107741112,
    "train_avg_precision": 0.7896339212638253,
    "train_min_precision": 0.04352548036758563,
    "train_avg_recall": 0.7774224672298724,
    "train_min_recall": 0.0327485380116959,
    "validation_loss": 0.7366958625614642,
    "validation_accuracy": 0.7625,
    "validation_avg_precision": 0.7360842888019127,
    "validation_min_precision": 0.17558586770521914,
    "validation_avg_recall": 0.7581361702300439,
    "validation_min_recall": 0.020785555177234336,
    "train_variance": 1.9753315448760986,
    "validation_variance": 6.760861396789551
}