{
    "train_loss": 0.3084436223695153,
    "train_accuracy": 0.8916482339825547,
    "train_avg_precision": 0.7169567494324632,
    "train_min_precision": 0.012531328320802006,
    "train_avg_recall": 0.67091867288129,
    "train_min_recall": 0.0035087719298245615,
    "validation_loss": 1.0403601452708244,
    "validation_accuracy": 0.6487304687500003,
    "validation_avg_precision": 0.6353252114034079,
    "validation_min_precision": 0.01705685618729097,
    "validation_avg_recall": 0.6491739577547487,
    "validation_min_recall": 0.0016372141372141373
}