{
    "train_loss": 0.2098041670887094,
    "train_accuracy": 0.929569343725841,
    "train_avg_precision": 0.7851719495905033,
    "train_min_precision": 0.03216374269005848,
    "train_avg_recall": 0.7778721434923446,
    "train_min_recall": 0.04057017543859649,
    "validation_loss": 0.7522122904658317,
    "validation_accuracy": 0.7580078125000002,
    "validation_avg_precision": 0.7431101911899111,
    "validation_min_precision": 0.21475482332498344,
    "validation_avg_recall": 0.7571116414536077,
    "validation_min_recall": 0.019509618313352534
}