{
    "train_loss": 0.2622620648982232,
    "train_accuracy": 0.9122192608682737,
    "train_avg_precision": 0.7673816434878142,
    "train_min_precision": 0.08802213868003342,
    "train_avg_recall": 0.7466828180266057,
    "train_min_recall": 0.06578947368421052,
    "validation_loss": 0.8154673546552661,
    "validation_accuracy": 0.7247070312500001,
    "validation_avg_precision": 0.6966844292428372,
    "validation_min_precision": 0.08260323044630412,
    "validation_avg_recall": 0.7250355996179094,
    "validation_min_recall": 0.006518553647203536,
    "train_variance": 1.8236511945724487,
    "validation_variance": 6.228752136230469
}