{
    "train_loss": 0.2096678293065021,
    "train_accuracy": 0.9303279079889004,
    "train_avg_precision": 0.7905808226164422,
    "train_min_precision": 0.06953270272455331,
    "train_avg_recall": 0.7766795241712791,
    "train_min_recall": 0.0649122807017544,
    "validation_loss": 0.749496594071388,
    "validation_accuracy": 0.7601562499999999,
    "validation_avg_precision": 0.7325486210009694,
    "validation_min_precision": 0.15599352188996582,
    "validation_avg_recall": 0.757529027997578,
    "validation_min_recall": 0.016073035685938913
}