{
    "train_loss": 0.2104515595394268,
    "train_accuracy": 0.9291628860590757,
    "train_avg_precision": 0.7915389867418422,
    "train_min_precision": 0.07189168573607932,
    "train_avg_recall": 0.7792329425298377,
    "train_min_recall": 0.04532163742690058,
    "validation_loss": 0.7475958704948427,
    "validation_accuracy": 0.76015625,
    "validation_avg_precision": 0.7275017178448145,
    "validation_min_precision": 0.10416106999320772,
    "validation_avg_recall": 0.7592865162606454,
    "validation_min_recall": 0.012164005598596664,
    "train_variance": 1.9845823049545288,
    "validation_variance": 6.356168746948242
}