{
    "train_loss": 0.21244432973234278,
    "train_accuracy": 0.9294370088660932,
    "train_avg_precision": 0.7825176919330575,
    "train_min_precision": 0.04728867623604466,
    "train_avg_recall": 0.7750154197954613,
    "train_min_recall": 0.03780284043441938,
    "validation_loss": 0.7495370604097845,
    "validation_accuracy": 0.7552734375000001,
    "validation_avg_precision": 0.7354747909864683,
    "validation_min_precision": 0.16677148384534263,
    "validation_avg_recall": 0.7551348988483523,
    "validation_min_recall": 0.015033700510735947,
    "train_variance": 1.8568083047866821,
    "validation_variance": 6.923707485198975
}