{
    "train_loss": 0.23508676991128089,
    "train_accuracy": 0.9208423129299236,
    "train_avg_precision": 0.7674000241700162,
    "train_min_precision": 0.043190212373037856,
    "train_avg_recall": 0.7651727826090218,
    "train_min_recall": 0.04183535762483131,
    "validation_loss": 0.772998997569084,
    "validation_accuracy": 0.7448242187500002,
    "validation_avg_precision": 0.721733990642723,
    "validation_min_precision": 0.09955481656025134,
    "validation_avg_recall": 0.7451638890924377,
    "validation_min_recall": 0.010380883962780514,
    "train_variance": 1.9121525287628174,
    "validation_variance": 5.901373386383057
}