{
    "train_loss": 0.3529991533672601,
    "train_accuracy": 0.8784501667608292,
    "train_avg_precision": 0.7191692052307844,
    "train_min_precision": 0.03759398496240601,
    "train_avg_recall": 0.6784916033653641,
    "train_min_recall": 0.025647451963241436,
    "validation_loss": 1.0481050327420234,
    "validation_accuracy": 0.6530273437499999,
    "validation_avg_precision": 0.6421984023068196,
    "validation_min_precision": 0.0,
    "validation_avg_recall": 0.6522725177231548,
    "validation_min_recall": 0.0
}