{
    "train_loss": 0.30288710196812946,
    "train_accuracy": 0.8979648749033612,
    "train_avg_precision": 0.7406747928144727,
    "train_min_precision": 0.07520300509376973,
    "train_avg_recall": 0.7062196357798156,
    "train_min_recall": 0.05093035619351408,
    "validation_loss": 1.0091485917568208,
    "validation_accuracy": 0.6745117187499999,
    "validation_avg_precision": 0.6515692441165811,
    "validation_min_precision": 0.0,
    "validation_avg_recall": 0.6713138219443106,
    "validation_min_recall": 0.0
}