{
    "train_loss": 0.2614841035060715,
    "train_accuracy": 0.9124413948310053,
    "train_avg_precision": 0.7610671277319971,
    "train_min_precision": 0.05643274853801169,
    "train_avg_recall": 0.7643258358982065,
    "train_min_recall": 0.0647074902902035,
    "validation_loss": 0.8590395644307138,
    "validation_accuracy": 0.72763671875,
    "validation_avg_precision": 0.688496650680602,
    "validation_min_precision": 0.0,
    "validation_avg_recall": 0.7229734986706662,
    "validation_min_recall": 0.0
}