{
    "train_loss": 0.5787653222418668,
    "train_accuracy": 0.7892704553771435,
    "train_avg_precision": 0.5324926035125304,
    "train_min_precision": 0.0,
    "train_avg_recall": 0.49426522553833174,
    "train_min_recall": 0.0,
    "validation_loss": 1.6069560497999191,
    "validation_accuracy": 0.47431640625,
    "validation_avg_precision": 0.391420476982469,
    "validation_min_precision": 0.0,
    "validation_avg_recall": 0.4717546079283398,
    "validation_min_recall": 0.0
}