{
    "train_loss": 0.20917995169497378,
    "train_accuracy": 0.9303798968331862,
    "train_avg_precision": 0.7843000744193274,
    "train_min_precision": 0.06925647451963242,
    "train_avg_recall": 0.77621111940484,
    "train_min_recall": 0.0644927536231884,
    "validation_loss": 0.7404156804084777,
    "validation_accuracy": 0.7615234375000001,
    "validation_avg_precision": 0.7364880550615008,
    "validation_min_precision": 0.17350354143595426,
    "validation_avg_recall": 0.7608312504852572,
    "validation_min_recall": 0.020065492125781834,
    "train_variance": 2.0209872722625732,
    "validation_variance": 7.625904083251953
}