{
    "train_loss": 0.2809253931045532,
    "train_accuracy": 0.9031046775349402,
    "train_avg_precision": 0.7647299673341293,
    "train_min_precision": 0.19205146705146706,
    "train_avg_recall": 0.8734466699998047,
    "train_min_recall": 0.46181658225025257,
    "validation_loss": 0.46403148025274277,
    "validation_accuracy": 0.834765625,
    "validation_avg_precision": 0.835213579637081,
    "validation_min_precision": 0.5614561158302952,
    "validation_avg_recall": 0.8330983392951951,
    "validation_min_recall": 0.4800833391526709,
    "train_variance": 3.036607503890991,
    "validation_variance": 6.325412273406982
}