{
    "train_loss": 0.21301998930019245,
    "train_accuracy": 0.9295858855833093,
    "train_avg_precision": 0.7869614756604237,
    "train_min_precision": 0.04707602339181286,
    "train_avg_recall": 0.7784363300588691,
    "train_min_recall": 0.04223521767381416,
    "validation_loss": 0.7469251051545142,
    "validation_accuracy": 0.7620117187500002,
    "validation_avg_precision": 0.7334617521870415,
    "validation_min_precision": 0.1502186547312052,
    "validation_avg_recall": 0.7626053140399109,
    "validation_min_recall": 0.014167051257605302
}