{
    "train_loss": 0.3559797194443251,
    "train_accuracy": 0.8778735629299228,
    "train_avg_precision": 0.6993852409624433,
    "train_min_precision": 0.05292881534016285,
    "train_avg_recall": 0.6727276827172489,
    "train_min_recall": 0.041130604288499024,
    "validation_loss": 1.1075786992907526,
    "validation_accuracy": 0.6308593750000001,
    "validation_avg_precision": 0.6321367696408593,
    "validation_min_precision": 0.0,
    "validation_avg_recall": 0.6258469678419718,
    "validation_min_recall": 0.0
}