{
    "train_loss": 0.20744804606625905,
    "train_accuracy": 0.9303562651600761,
    "train_avg_precision": 0.7905720144742857,
    "train_min_precision": 0.06940522036799315,
    "train_avg_recall": 0.773854594382681,
    "train_min_recall": 0.0393483709273183,
    "validation_loss": 0.751346430182457,
    "validation_accuracy": 0.7599609374999999,
    "validation_avg_precision": 0.7366470712788815,
    "validation_min_precision": 0.15847465545785222,
    "validation_avg_recall": 0.7607913275020913,
    "validation_min_recall": 0.027963107624258902
}