{
    "train_loss": 0.29089316019886424,
    "train_accuracy": 0.8994725503419576,
    "train_avg_precision": 0.7327781301948838,
    "train_min_precision": 0.04312865497076023,
    "train_avg_recall": 0.6960920148371199,
    "train_min_recall": 0.0341687552213868,
    "validation_loss": 0.9806206434965135,
    "validation_accuracy": 0.6662109374999999,
    "validation_avg_precision": 0.6453815408622784,
    "validation_min_precision": 0.0,
    "validation_avg_recall": 0.6655586896842106,
    "validation_min_recall": 0.0,
    "train_variance": 1.9741325378417969,
    "validation_variance": 6.953697681427002
}