{
    "train_loss": 0.25232368916795966,
    "train_accuracy": 0.9154567457081985,
    "train_avg_precision": 0.7667553189436684,
    "train_min_precision": 0.08873511573002235,
    "train_avg_recall": 0.7570036712111535,
    "train_min_recall": 0.06593567251461988,
    "validation_loss": 0.8389063097536563,
    "validation_accuracy": 0.7274414062500001,
    "validation_avg_precision": 0.6896777787967752,
    "validation_min_precision": 0.010714285714285714,
    "validation_avg_recall": 0.7242379143186002,
    "validation_min_recall": 0.0007575757575757576
}