{
    "train_loss": 0.23473021806332103,
    "train_accuracy": 0.9220876819209054,
    "train_avg_precision": 0.7798328584200451,
    "train_min_precision": 0.06298068403331562,
    "train_avg_recall": 0.7559945959528017,
    "train_min_recall": 0.04766081871345029,
    "validation_loss": 0.831028555333614,
    "validation_accuracy": 0.7320312499999999,
    "validation_avg_precision": 0.6970192351003163,
    "validation_min_precision": 0.07002608327775192,
    "validation_avg_recall": 0.7316410318457247,
    "validation_min_recall": 0.005797700365494991,
    "train_variance": 1.9880774021148682,
    "validation_variance": 6.32003116607666
}