{
    "train_loss": 0.20495659269784622,
    "train_accuracy": 0.9317670527257425,
    "train_avg_precision": 0.7821352348047584,
    "train_min_precision": 0.053467000835421885,
    "train_avg_recall": 0.778748697419984,
    "train_min_recall": 0.043855851750588586,
    "validation_loss": 0.73291532099247,
    "validation_accuracy": 0.7622070312499998,
    "validation_avg_precision": 0.7474272114409666,
    "validation_min_precision": 0.23964398269297457,
    "validation_avg_recall": 0.761165738417964,
    "validation_min_recall": 0.023334875835009105
}