{
    "train_loss": 0.20707349688337556,
    "train_accuracy": 0.9302877344583217,
    "train_avg_precision": 0.7960176565112349,
    "train_min_precision": 0.10945492385935598,
    "train_avg_recall": 0.7798726818920767,
    "train_min_recall": 0.08031189083820663,
    "validation_loss": 0.7460191264748572,
    "validation_accuracy": 0.7594726562499999,
    "validation_avg_precision": 0.7434459393727314,
    "validation_min_precision": 0.23976008472048574,
    "validation_avg_recall": 0.7579726059513081,
    "validation_min_recall": 0.02513148478042219,
    "train_variance": 2.1559455394744873,
    "validation_variance": 7.218500137329102
}