{
    "train_loss": 0.21244253061319654,
    "train_accuracy": 0.9279813222717828,
    "train_avg_precision": 0.7902122057087856,
    "train_min_precision": 0.09540138224348751,
    "train_avg_recall": 0.7843809420790616,
    "train_min_recall": 0.0847953216374269,
    "validation_loss": 0.7437549039721488,
    "validation_accuracy": 0.7582031249999999,
    "validation_avg_precision": 0.7321677793347349,
    "validation_min_precision": 0.13615378844606563,
    "validation_avg_recall": 0.7551085288130465,
    "validation_min_recall": 0.014498281736184962,
    "train_variance": 1.8026925325393677,
    "validation_variance": 6.9062275886535645
}