{
    "train_loss": 0.48734551354458466,
    "train_accuracy": 0.8307480717960152,
    "train_avg_precision": 0.5843569635785036,
    "train_min_precision": 0.0,
    "train_avg_recall": 0.5648112572421786,
    "train_min_recall": 0.0,
    "validation_loss": 1.4834448963403701,
    "validation_accuracy": 0.5388671875000001,
    "validation_avg_precision": 0.484752274636554,
    "validation_min_precision": 0.0,
    "validation_avg_recall": 0.5364455873424558,
    "validation_min_recall": 0.0,
    "train_variance": 2.003678321838379,
    "validation_variance": 6.117457389831543
}