{
    "train_loss": 0.3089507507127627,
    "train_accuracy": 0.8941720546337597,
    "train_avg_precision": 0.7248313733629033,
    "train_min_precision": 0.033625730994152045,
    "train_avg_recall": 0.682028455878619,
    "train_min_recall": 0.024269005847953218,
    "validation_loss": 1.0527710437774656,
    "validation_accuracy": 0.6540039062499999,
    "validation_avg_precision": 0.6461626601502255,
    "validation_min_precision": 0.0,
    "validation_avg_recall": 0.6525925890516073,
    "validation_min_recall": 0.0
}