{
    "train_loss": 0.20497588630308183,
    "train_accuracy": 0.9318072252106255,
    "train_avg_precision": 0.7865063624066377,
    "train_min_precision": 0.07508639021796916,
    "train_avg_recall": 0.7760756904987399,
    "train_min_recall": 0.05292397660818713,
    "validation_loss": 0.7336493700742721,
    "validation_accuracy": 0.7646484375,
    "validation_avg_precision": 0.7442719838919024,
    "validation_min_precision": 0.19044222060700927,
    "validation_avg_recall": 0.7631376133429882,
    "validation_min_recall": 0.019625891079973604,
    "train_variance": 2.2051849365234375,
    "validation_variance": 7.189867973327637
}