{
    "train_loss": 0.21053287700602882,
    "train_accuracy": 0.9300254269650116,
    "train_avg_precision": 0.7870977086956567,
    "train_min_precision": 0.02734614313561682,
    "train_avg_recall": 0.7787931944767861,
    "train_min_recall": 0.02631578947368421,
    "validation_loss": 0.7353436894714833,
    "validation_accuracy": 0.7619140624999998,
    "validation_avg_precision": 0.7370266039301333,
    "validation_min_precision": 0.1657470998842103,
    "validation_avg_recall": 0.7582719301054927,
    "validation_min_recall": 0.016726020062358845,
    "train_variance": 1.9454313516616821,
    "validation_variance": 6.768113136291504
}