{
    "train_loss": 0.2100075811409114,
    "train_accuracy": 0.9306705614976724,
    "train_avg_precision": 0.8009731796333378,
    "train_min_precision": 0.11629553015560873,
    "train_avg_recall": 0.7873358202454613,
    "train_min_recall": 0.09122807017543859,
    "validation_loss": 0.7539946585893631,
    "validation_accuracy": 0.7590820312500002,
    "validation_avg_precision": 0.7352839134950406,
    "validation_min_precision": 0.17663692340214132,
    "validation_avg_recall": 0.7573409490685798,
    "validation_min_recall": 0.016566250176679335
}