{
    "train_loss": 0.35960999863189563,
    "train_accuracy": 0.8745439167608291,
    "train_avg_precision": 0.6567608279061792,
    "train_min_precision": 0.012280701754385965,
    "train_avg_recall": 0.6399069907788615,
    "train_min_recall": 0.005847953216374269,
    "validation_loss": 1.1320954516530037,
    "validation_accuracy": 0.60419921875,
    "validation_avg_precision": 0.566679582089586,
    "validation_min_precision": 0.0,
    "validation_avg_recall": 0.6013971326154188,
    "validation_min_recall": 0.0
}