{
    "train_loss": 0.28354847771033914,
    "train_accuracy": 0.8979247013727826,
    "train_avg_precision": 0.7377972826409521,
    "train_min_precision": 0.049665831244778615,
    "train_avg_recall": 0.7312839442792306,
    "train_min_recall": 0.03487506645401382,
    "validation_loss": 0.8914182469248774,
    "validation_accuracy": 0.7055664062499999,
    "validation_avg_precision": 0.6869235785287949,
    "validation_min_precision": 0.010384615384615384,
    "validation_avg_recall": 0.7021575871743488,
    "validation_min_recall": 0.001
}