{
    "train_loss": 0.23305791721009372,
    "train_accuracy": 0.923377948894836,
    "train_avg_precision": 0.7757164946929919,
    "train_min_precision": 0.04760395406848496,
    "train_avg_recall": 0.7518179988098213,
    "train_min_recall": 0.04171539961013645,
    "validation_loss": 0.8204757928848267,
    "validation_accuracy": 0.73583984375,
    "validation_avg_precision": 0.7017851461069745,
    "validation_min_precision": 0.06160075504985367,
    "validation_avg_recall": 0.7346457293391818,
    "validation_min_recall": 0.004405910000592498
}