{
    "train_loss": 0.4259791787256274,
    "train_accuracy": 0.854464421146794,
    "train_avg_precision": 0.6287534865157639,
    "train_min_precision": 0.0043859649122807015,
    "train_avg_recall": 0.6051823375012609,
    "train_min_recall": 0.008223684210526315,
    "validation_loss": 1.3383900016546253,
    "validation_accuracy": 0.5666992187500002,
    "validation_avg_precision": 0.5202117741614066,
    "validation_min_precision": 0.0,
    "validation_avg_recall": 0.5648183610648905,
    "validation_min_recall": 0.0
}