{
    "train_loss": 0.20487056711786675,
    "train_accuracy": 0.9320175438596499,
    "train_avg_precision": 0.7954842899263794,
    "train_min_precision": 0.08348076072534277,
    "train_avg_recall": 0.7857036220745721,
    "train_min_recall": 0.07133753186384764,
    "validation_loss": 0.7535927474498747,
    "validation_accuracy": 0.75947265625,
    "validation_avg_precision": 0.7357564097638887,
    "validation_min_precision": 0.14557948246415156,
    "validation_avg_recall": 0.7636135959811929,
    "validation_min_recall": 0.016639279868979534,
    "train_variance": 2.3022818565368652,
    "validation_variance": 7.19676399230957
}