{
    "train_loss": 0.2277436496918662,
    "train_accuracy": 0.9242688480176431,
    "train_avg_precision": 0.776363271207758,
    "train_min_precision": 0.04610886189833558,
    "train_avg_recall": 0.7669166261990412,
    "train_min_recall": 0.03592314118629908,
    "validation_loss": 0.7815308883786201,
    "validation_accuracy": 0.7488281250000001,
    "validation_avg_precision": 0.7278531706724146,
    "validation_min_precision": 0.10858684637047858,
    "validation_avg_recall": 0.7491777618696516,
    "validation_min_recall": 0.010661963794506896,
    "train_variance": 1.9552444219589233,
    "validation_variance": 6.466552734375
}