{
    "train_loss": 0.20627089263054368,
    "train_accuracy": 0.9305453154078708,
    "train_avg_precision": 0.7942433136784253,
    "train_min_precision": 0.08576998050682261,
    "train_avg_recall": 0.7873429249417994,
    "train_min_recall": 0.08125894573262994,
    "validation_loss": 0.7279998235404491,
    "validation_accuracy": 0.7652343749999998,
    "validation_avg_precision": 0.7514188225330242,
    "validation_min_precision": 0.23328997300873053,
    "validation_avg_recall": 0.7643719466654241,
    "validation_min_recall": 0.022080914296193143,
    "train_variance": 2.143897533416748,
    "validation_variance": 7.628113269805908
}