{
    "train_loss": 0.20353502858626218,
    "train_accuracy": 0.9316701638071165,
    "train_avg_precision": 0.7886965340585155,
    "train_min_precision": 0.07466362382922075,
    "train_avg_recall": 0.7819692629619052,
    "train_min_recall": 0.057504873294346975,
    "validation_loss": 0.7502054154872894,
    "validation_accuracy": 0.7586914062499999,
    "validation_avg_precision": 0.7410402712213647,
    "validation_min_precision": 0.1772450220356399,
    "validation_avg_recall": 0.7560294690047771,
    "validation_min_recall": 0.01714466529135206
}