{
    "train_loss": 0.20737496070694508,
    "train_accuracy": 0.9310297568639126,
    "train_avg_precision": 0.7916596412376745,
    "train_min_precision": 0.0788321814637604,
    "train_avg_recall": 0.7813358301664632,
    "train_min_recall": 0.06170634920634921,
    "validation_loss": 0.7295329488813876,
    "validation_accuracy": 0.7651367187499999,
    "validation_avg_precision": 0.7436499843186994,
    "validation_min_precision": 0.1680131781748942,
    "validation_avg_recall": 0.7639614787524991,
    "validation_min_recall": 0.019318346448196962
}