{
    "train_loss": 0.8253198788877121,
    "train_accuracy": 0.7498251283377936,
    "train_avg_precision": 0.3973009336256851,
    "train_min_precision": 0.0,
    "train_avg_recall": 0.3817634626668224,
    "train_min_recall": 0.0,
    "validation_loss": 2.3309914231300355,
    "validation_accuracy": 0.36054687499999993,
    "validation_avg_precision": 0.23304146445962623,
    "validation_min_precision": 0.0,
    "validation_avg_recall": 0.3593358670992946,
    "validation_min_recall": 0.0
}