{
    "train_loss": 0.21041526161787802,
    "train_accuracy": 0.9303562651600762,
    "train_avg_precision": 0.7910739902010924,
    "train_min_precision": 0.08627123363965469,
    "train_avg_recall": 0.7821050410120952,
    "train_min_recall": 0.07917478882391163,
    "validation_loss": 0.7472615510225296,
    "validation_accuracy": 0.7584960937499999,
    "validation_avg_precision": 0.7349024816600447,
    "validation_min_precision": 0.162703496887607,
    "validation_avg_recall": 0.757388860011505,
    "validation_min_recall": 0.013366171947825174
}