{
    "train_loss": 0.23794988895717423,
    "train_accuracy": 0.9172385439538123,
    "train_avg_precision": 0.7781157607082103,
    "train_min_precision": 0.08756392243234348,
    "train_avg_recall": 0.7535751720469711,
    "train_min_recall": 0.0562200956937799,
    "validation_loss": 0.8060730680823326,
    "validation_accuracy": 0.7353515625,
    "validation_avg_precision": 0.7158465568552439,
    "validation_min_precision": 0.08871437473733025,
    "validation_avg_recall": 0.7367764727729216,
    "validation_min_recall": 0.009816647273543824
}