{
    "train_loss": 0.20466066151857373,
    "train_accuracy": 0.9314362145306778,
    "train_avg_precision": 0.7958842611590891,
    "train_min_precision": 0.13277728371106978,
    "train_avg_recall": 0.79267938061367,
    "train_min_recall": 0.09649122807017543,
    "validation_loss": 0.7340573996305467,
    "validation_accuracy": 0.7656249999999999,
    "validation_avg_precision": 0.7443637863747256,
    "validation_min_precision": 0.17747082781424972,
    "validation_avg_recall": 0.7671893618571571,
    "validation_min_recall": 0.02651386880657408,
    "train_variance": 2.0759828090667725,
    "validation_variance": 8.103899955749512
}