{
    "train_loss": 0.20997321527255206,
    "train_accuracy": 0.9303964386906547,
    "train_avg_precision": 0.7893119665913797,
    "train_min_precision": 0.06956785904154325,
    "train_avg_recall": 0.7792326366644895,
    "train_min_recall": 0.05784713722290222,
    "validation_loss": 0.7253609038889409,
    "validation_accuracy": 0.7635742187499999,
    "validation_avg_precision": 0.7469078988527755,
    "validation_min_precision": 0.22207396810657679,
    "validation_avg_recall": 0.7641483691576113,
    "validation_min_recall": 0.03282983401106898
}