{
    "train_loss": 0.2782739530268469,
    "train_accuracy": 0.9003681749628304,
    "train_avg_precision": 0.7549308672758718,
    "train_min_precision": 0.06209281811650905,
    "train_avg_recall": 0.7390070788476587,
    "train_min_recall": 0.05089979376783343,
    "validation_loss": 0.8844408318400382,
    "validation_accuracy": 0.7039062500000001,
    "validation_avg_precision": 0.6897160364808265,
    "validation_min_precision": 0.011907762096774193,
    "validation_avg_recall": 0.7034953695278346,
    "validation_min_recall": 0.0016954022988505746,
    "train_variance": 2.1501569747924805,
    "validation_variance": 6.912058353424072
}