{
    "train_loss": 0.22722084140568446,
    "train_accuracy": 0.9248974406928353,
    "train_avg_precision": 0.7854894606554308,
    "train_min_precision": 0.08258079891473721,
    "train_avg_recall": 0.7646493813748881,
    "train_min_recall": 0.05847953216374269,
    "validation_loss": 0.7947365090250968,
    "validation_accuracy": 0.7417968749999999,
    "validation_avg_precision": 0.710755427524322,
    "validation_min_precision": 0.08334279523578647,
    "validation_avg_recall": 0.7409204643536363,
    "validation_min_recall": 0.011393489551384289,
    "train_variance": 1.8432080745697021,
    "validation_variance": 6.303882122039795
}