{
    "train_loss": 0.20857406106957224,
    "train_accuracy": 0.9309045107741113,
    "train_avg_precision": 0.7989403056578455,
    "train_min_precision": 0.09335839598997493,
    "train_avg_recall": 0.7823960141282542,
    "train_min_recall": 0.0682261208576998,
    "validation_loss": 0.7639433145523071,
    "validation_accuracy": 0.7538085937500002,
    "validation_avg_precision": 0.7350167600784255,
    "validation_min_precision": 0.17571282784231143,
    "validation_avg_recall": 0.7562117013995553,
    "validation_min_recall": 0.016539560190609082
}