{
    "train_loss": 0.3205127493854155,
    "train_accuracy": 0.89145918373476,
    "train_avg_precision": 0.7173093494171244,
    "train_min_precision": 0.05410481331533963,
    "train_avg_recall": 0.7009829256796223,
    "train_min_recall": 0.03070175438596491,
    "validation_loss": 1.0115137055516243,
    "validation_accuracy": 0.6705078124999999,
    "validation_avg_precision": 0.6498849509753263,
    "validation_min_precision": 0.0,
    "validation_avg_recall": 0.6677361492827427,
    "validation_min_recall": 0.0,
    "train_variance": 1.8197951316833496,
    "validation_variance": 5.377346038818359
}