{
    "train_loss": 0.21193779272991314,
    "train_accuracy": 0.9298883655615027,
    "train_avg_precision": 0.7892737752444808,
    "train_min_precision": 0.08738754703666984,
    "train_avg_recall": 0.7820874825093345,
    "train_min_recall": 0.06214574898785425,
    "validation_loss": 0.7513969883322715,
    "validation_accuracy": 0.7583984374999998,
    "validation_avg_precision": 0.7397274973147665,
    "validation_min_precision": 0.19952753998257586,
    "validation_avg_recall": 0.7571571643605957,
    "validation_min_recall": 0.019065313675965093
}