{
    "train_loss": 0.2631311220558066,
    "train_accuracy": 0.9109053611755376,
    "train_avg_precision": 0.7531214133141906,
    "train_min_precision": 0.06605448461165339,
    "train_avg_recall": 0.7351677138014076,
    "train_min_recall": 0.05137844611528822,
    "validation_loss": 0.9069756582379341,
    "validation_accuracy": 0.7084960937499999,
    "validation_avg_precision": 0.679531728474023,
    "validation_min_precision": 0.010106382978723403,
    "validation_avg_recall": 0.7040067621686388,
    "validation_min_recall": 0.0008620689655172414
}