{
    "train_loss": 0.342875656851551,
    "train_accuracy": 0.8872220965853908,
    "train_avg_precision": 0.7157176656249222,
    "train_min_precision": 0.12205636640621159,
    "train_avg_recall": 0.82282978116732,
    "train_min_recall": 0.2460668302773566,
    "validation_loss": 0.535365393012762,
    "validation_accuracy": 0.8105468750000001,
    "validation_avg_precision": 0.807660199101252,
    "validation_min_precision": 0.5327985201386117,
    "validation_avg_recall": 0.808612544989095,
    "validation_min_recall": 0.25971373230159944,
    "train_variance": 2.1891229152679443,
    "validation_variance": 3.872758150100708
}