{
    "train_loss": 0.21325056346362098,
    "train_accuracy": 0.9290541818267427,
    "train_avg_precision": 0.7884448087270637,
    "train_min_precision": 0.07997845490920283,
    "train_avg_recall": 0.7815141467831497,
    "train_min_recall": 0.0708293722812779,
    "validation_loss": 0.7443571954965591,
    "validation_accuracy": 0.7588867187500001,
    "validation_avg_precision": 0.735086407943972,
    "validation_min_precision": 0.15779434131598474,
    "validation_avg_recall": 0.7600602441616607,
    "validation_min_recall": 0.025453552749795653,
    "train_variance": 1.9034017324447632,
    "validation_variance": 6.807180881500244
}