{
    "train_loss": 0.37372329465129916,
    "train_accuracy": 0.8680169582366939,
    "train_avg_precision": 0.6475525462855439,
    "train_min_precision": 0.008771929824561403,
    "train_avg_recall": 0.6269421713435623,
    "train_min_recall": 0.005847953216374269,
    "validation_loss": 1.2056270390748978,
    "validation_accuracy": 0.584375,
    "validation_avg_precision": 0.5356542185057065,
    "validation_min_precision": 0.0,
    "validation_avg_recall": 0.5830102511259768,
    "validation_min_recall": 0.0
}