{
    "train_loss": 0.3423091055531252,
    "train_accuracy": 0.8867825541579931,
    "train_avg_precision": 0.6845688420952134,
    "train_min_precision": 0.007017543859649123,
    "train_avg_recall": 0.6706717688536029,
    "train_min_recall": 0.005012531328320802,
    "validation_loss": 1.0852295413613318,
    "validation_accuracy": 0.6447265624999999,
    "validation_avg_precision": 0.6439578369255807,
    "validation_min_precision": 0.0,
    "validation_avg_recall": 0.6443661654808726,
    "validation_min_recall": 0.0,
    "train_variance": 1.9325355291366577,
    "validation_variance": 5.971031188964844
}