{
    "train_loss": 0.36095416598152674,
    "train_accuracy": 0.8787479201952614,
    "train_avg_precision": 0.7051831478599934,
    "train_min_precision": 0.02080200501253133,
    "train_avg_recall": 0.6749480792608774,
    "train_min_recall": 0.016416040100250627,
    "validation_loss": 1.0838039919733997,
    "validation_accuracy": 0.6546875000000001,
    "validation_avg_precision": 0.6451746312364434,
    "validation_min_precision": 0.0,
    "validation_avg_recall": 0.6554272191747146,
    "validation_min_recall": 0.0,
    "train_variance": 1.9123332500457764,
    "validation_variance": 6.079688549041748
}