{
    "train_loss": 0.4739860855696494,
    "train_accuracy": 0.8179493724254134,
    "train_avg_precision": 0.6104664332516659,
    "train_min_precision": 0.0,
    "train_avg_recall": 0.5699192085806662,
    "train_min_recall": 0.0,
    "validation_loss": 1.472166216373444,
    "validation_accuracy": 0.5392578124999999,
    "validation_avg_precision": 0.5205622797751309,
    "validation_min_precision": 0.0,
    "validation_avg_recall": 0.536114766642607,
    "validation_min_recall": 0.0,
    "train_variance": 2.147721529006958,
    "validation_variance": 6.518063545227051
}