{
    "train_loss": 0.20520229611480445,
    "train_accuracy": 0.9303680804737834,
    "train_avg_precision": 0.7918242646893123,
    "train_min_precision": 0.059786461102250575,
    "train_avg_recall": 0.7802886437024434,
    "train_min_recall": 0.03888888888888889,
    "validation_loss": 0.7275231607258319,
    "validation_accuracy": 0.7634765625,
    "validation_avg_precision": 0.7370443105263345,
    "validation_min_precision": 0.17517462320011482,
    "validation_avg_recall": 0.7593829452977418,
    "validation_min_recall": 0.02000256291552691,
    "train_variance": 2.235898494720459,
    "validation_variance": 7.720767498016357
}