{
    "train_loss": 0.7540884671360252,
    "train_accuracy": 0.7472656249999995,
    "train_avg_precision": 0.694332643536565,
    "train_min_precision": 0.16748042929292908,
    "train_avg_recall": 0.7311738256263677,
    "train_min_recall": 0.24424215694436277,
    "validation_loss": 1.192017017656071,
    "validation_accuracy": 0.5947452229299366,
    "validation_avg_precision": 0.5914953997822113,
    "validation_min_precision": 0.20785907298646147,
    "validation_avg_recall": 0.590522045776823,
    "validation_min_recall": 0.19354486631556692,
    "train_variance": 112.8718032836914,
    "validation_variance": 277.29864501953125
}