{
    "train_loss": 0.5042200835049152,
    "train_accuracy": 0.8362109375000006,
    "train_avg_precision": 0.8176202862051307,
    "train_min_precision": 0.37835829424703205,
    "train_avg_recall": 0.8375790608608558,
    "train_min_recall": 0.4591572490009983,
    "validation_loss": 1.2693343204297842,
    "validation_accuracy": 0.5989251592356687,
    "validation_avg_precision": 0.6265547839405086,
    "validation_min_precision": 0.20308541423191098,
    "validation_avg_recall": 0.5987425145625785,
    "validation_min_recall": 0.1733623771840332,
    "train_variance": 129.99913024902344,
    "validation_variance": 490.64886474609375
}