{
    "train_loss": 1.0199934528768064,
    "train_accuracy": 0.6550781250000001,
    "train_avg_precision": 0.6527963378228957,
    "train_min_precision": 0.11963484085359094,
    "train_avg_recall": 0.6534385202426096,
    "train_min_recall": 0.19075537677192086,
    "validation_loss": 1.3539997213965005,
    "validation_accuracy": 0.5371218152866238,
    "validation_avg_precision": 0.5849219065474658,
    "validation_min_precision": 0.16721349245234593,
    "validation_avg_recall": 0.5341181433962753,
    "validation_min_recall": 0.17458088620509002,
    "train_variance": 136.70181274414062,
    "validation_variance": 259.9674072265625
}