{
    "train_loss": 0.1183023415785282,
    "train_accuracy": 0.978554687499999,
    "train_avg_precision": 0.9770316156627258,
    "train_min_precision": 0.8315604167074728,
    "train_avg_recall": 0.9805411473417384,
    "train_min_recall": 0.8543694027098615,
    "validation_loss": 1.418704915198551,
    "validation_accuracy": 0.6116640127388534,
    "validation_avg_precision": 0.62942534676054,
    "validation_min_precision": 0.21476563068919746,
    "validation_avg_recall": 0.6147980301722339,
    "validation_min_recall": 0.15444908948093652,
    "train_variance": 57.09589767456055,
    "validation_variance": 819.6863403320312
}