{
    "train_loss": 0.083177909408696,
    "train_accuracy": 0.9901562499999944,
    "train_avg_precision": 0.9885199316997443,
    "train_min_precision": 0.8933276170853528,
    "train_avg_recall": 0.9917703353325553,
    "train_min_recall": 0.9204893211363762,
    "validation_loss": 1.338565663547273,
    "validation_accuracy": 0.6292794585987259,
    "validation_avg_precision": 0.6420948074805641,
    "validation_min_precision": 0.24919171415986685,
    "validation_avg_recall": 0.6298379935508385,
    "validation_min_recall": 0.18631008057759643,
    "train_variance": 32.271663665771484,
    "validation_variance": 852.9663696289062
}