{
    "train_loss": 0.11067943368107094,
    "train_accuracy": 0.9806249999999982,
    "train_avg_precision": 0.9803270689470434,
    "train_min_precision": 0.845684058996556,
    "train_avg_recall": 0.9851627492794842,
    "train_min_recall": 0.8789382531812856,
    "validation_loss": 1.3517826780392106,
    "validation_accuracy": 0.6247014331210188,
    "validation_avg_precision": 0.6409595225948433,
    "validation_min_precision": 0.23481330240884374,
    "validation_avg_recall": 0.627143968518703,
    "validation_min_recall": 0.18193238113620275,
    "train_variance": 39.36960220336914,
    "validation_variance": 855.89990234375
}