{
    "train_loss": 0.10658561442047358,
    "train_accuracy": 0.981093749999997,
    "train_avg_precision": 0.977984609943728,
    "train_min_precision": 0.8452026517728884,
    "train_avg_recall": 0.9837248870659994,
    "train_min_recall": 0.8842055736338799,
    "validation_loss": 1.3209842014464601,
    "validation_accuracy": 0.6303742038216563,
    "validation_avg_precision": 0.6426700134024974,
    "validation_min_precision": 0.26653606478447234,
    "validation_avg_recall": 0.6300006285489297,
    "validation_min_recall": 0.20860480637550688,
    "train_variance": 34.309322357177734,
    "validation_variance": 976.0183715820312
}