{
    "train_accuracy": 0.984375,
    "train_avg_precision": 0.95,
    "train_min_precision": 0.5,
    "train_avg_recall": 0.9888888888888889,
    "train_min_recall": 0.8888888888888888,
    "train_loss": 0.1282549500465393,
    "validation_accuracy": 0.625,
    "validation_avg_precision": 0.6,
    "validation_min_precision": 0.0,
    "validation_avg_recall": 0.6,
    "validation_min_recall": 0.0,
    "validation_loss": 1.051611065864563,
    "train_variance": 47.89845275878906,
    "validation_variance": 757.11328125
}