{
    "train_loss": 0.23870864696800695,
    "train_accuracy": 0.9322656250000015,
    "train_avg_precision": 0.9182365052583364,
    "train_min_precision": 0.6102832414725787,
    "train_avg_recall": 0.9299185075310605,
    "train_min_recall": 0.6649872451894507,
    "validation_loss": 1.2735820560698297,
    "validation_accuracy": 0.6225119426751591,
    "validation_avg_precision": 0.629433112836541,
    "validation_min_precision": 0.26628339813053187,
    "validation_avg_recall": 0.6234031237693655,
    "validation_min_recall": 0.20421644880243603,
    "train_variance": 98.76123046875,
    "validation_variance": 745.2935180664062
}