{
    "train_accuracy": 0.9375,
    "train_avg_precision": 0.9451058201058201,
    "train_min_precision": 0.8571428571428571,
    "train_avg_recall": 0.9569664902998236,
    "train_min_recall": 0.8571428571428571,
    "train_loss": 0.20593111217021942,
    "validation_accuracy": 0.625,
    "validation_avg_precision": 0.4666666666666666,
    "validation_min_precision": 0.0,
    "validation_avg_recall": 0.5066666666666667,
    "validation_min_recall": 0.0,
    "validation_loss": 1.2467989921569824,
    "train_variance": 67.03009033203125,
    "validation_variance": 642.9418334960938
}