{
    "train_loss": 0.5835270900279287,
    "train_accuracy": 0.8108203125000008,
    "train_avg_precision": 0.7731830268340621,
    "train_min_precision": 0.2830753066378063,
    "train_avg_recall": 0.7923424784269609,
    "train_min_recall": 0.33643386821511795,
    "validation_loss": 1.221993226154595,
    "validation_accuracy": 0.5943471337579616,
    "validation_avg_precision": 0.6092998733014375,
    "validation_min_precision": 0.22395721758779075,
    "validation_avg_recall": 0.5977010759547916,
    "validation_min_recall": 0.20814261817446522,
    "train_variance": 117.77523040771484,
    "validation_variance": 327.0536804199219
}