{
    "train_loss": 0.3939743052795527,
    "train_accuracy": 0.8777734375000018,
    "train_avg_precision": 0.8581489422612038,
    "train_min_precision": 0.45837956487956394,
    "train_avg_recall": 0.8767293374242303,
    "train_min_recall": 0.5309924415861907,
    "validation_loss": 1.2998197648175966,
    "validation_accuracy": 0.6018113057324839,
    "validation_avg_precision": 0.6093900278253033,
    "validation_min_precision": 0.1905580972459953,
    "validation_avg_recall": 0.601481167452505,
    "validation_min_recall": 0.1658736521793846,
    "train_variance": 117.83277893066406,
    "validation_variance": 542.113525390625
}