{
    "train_loss": 0.1843554930761457,
    "train_accuracy": 0.9542578125000017,
    "train_avg_precision": 0.9469258080373496,
    "train_min_precision": 0.7205413593759167,
    "train_avg_recall": 0.9553559363350739,
    "train_min_recall": 0.7593392271535644,
    "validation_loss": 1.338910988941314,
    "validation_accuracy": 0.6169386942675159,
    "validation_avg_precision": 0.6292457192237321,
    "validation_min_precision": 0.2322998657393561,
    "validation_avg_recall": 0.6182188193971633,
    "validation_min_recall": 0.1822177645426052,
    "train_variance": 65.79307556152344,
    "validation_variance": 871.83984375
}