{
    "train_loss": 0.45567215599119637,
    "train_accuracy": 0.8548828125000009,
    "train_avg_precision": 0.8355068362615179,
    "train_min_precision": 0.41768395493395394,
    "train_avg_recall": 0.8492599368144128,
    "train_min_recall": 0.44924047480297413,
    "validation_loss": 1.2949896948352733,
    "validation_accuracy": 0.6047969745222929,
    "validation_avg_precision": 0.6249418038233586,
    "validation_min_precision": 0.21820065992040508,
    "validation_avg_recall": 0.6045661026871215,
    "validation_min_recall": 0.16174598579057173,
    "train_variance": 127.52569580078125,
    "validation_variance": 449.4365234375
}