{
    "train_loss": 0.9935723319649697,
    "train_accuracy": 0.6577734375000001,
    "train_avg_precision": 0.6035590265678311,
    "train_min_precision": 0.09061345598845606,
    "train_avg_recall": 0.6116988700025457,
    "train_min_recall": 0.08501109307359311,
    "validation_loss": 1.3712781591779866,
    "validation_accuracy": 0.5294585987261144,
    "validation_avg_precision": 0.5400984933117754,
    "validation_min_precision": 0.13447903830069433,
    "validation_avg_recall": 0.531059427126306,
    "validation_min_recall": 0.09923300337313072,
    "train_variance": 144.0278778076172,
    "validation_variance": 220.2860565185547
}