{
    "train_accuracy": 0.984375,
    "train_avg_precision": 0.9814814814814815,
    "train_min_precision": 0.8333333333333334,
    "train_avg_recall": 0.9814814814814815,
    "train_min_recall": 0.8333333333333334,
    "train_loss": 0.0719253197312355,
    "validation_accuracy": 0.75,
    "validation_avg_precision": 0.7083333333333333,
    "validation_min_precision": 0.0,
    "validation_avg_recall": 0.7375,
    "validation_min_recall": 0.0,
    "validation_loss": 0.6022833585739136,
    "train_variance": 23.81958770751953,
    "validation_variance": 873.3629150390625
}