{
    "train_accuracy": 1.0,
    "train_avg_precision": 1.0,
    "train_min_precision": 1.0,
    "train_avg_recall": 1.0,
    "train_min_recall": 1.0,
    "train_loss": 0.04710470512509346,
    "validation_accuracy": 0.75,
    "validation_avg_precision": 0.6666666666666666,
    "validation_min_precision": 0.0,
    "validation_avg_recall": 0.7166666666666667,
    "validation_min_recall": 0.0,
    "validation_loss": 1.2081084251403809,
    "train_variance": 18.17235565185547,
    "validation_variance": 889.0864868164062
}