{
    "train_loss": 0.1396862969826907,
    "train_accuracy": 0.9691796874999998,
    "train_avg_precision": 0.9680198679939787,
    "train_min_precision": 0.803730534891234,
    "train_avg_recall": 0.9752963795058085,
    "train_min_recall": 0.843565944676238,
    "validation_loss": 1.344656557034535,
    "validation_accuracy": 0.6176353503184712,
    "validation_avg_precision": 0.6320025031955219,
    "validation_min_precision": 0.2192549046848409,
    "validation_avg_recall": 0.6191126226529623,
    "validation_min_recall": 0.17339730333360903,
    "train_variance": 48.34272766113281,
    "validation_variance": 978.3034057617188
}