{
    "train_loss": 0.14839394507929682,
    "train_accuracy": 0.9668359375000003,
    "train_avg_precision": 0.9631290106254712,
    "train_min_precision": 0.7643142933455421,
    "train_avg_recall": 0.9679818375360774,
    "train_min_recall": 0.7993961852131349,
    "validation_loss": 1.3617055256655264,
    "validation_accuracy": 0.6173367834394905,
    "validation_avg_precision": 0.6274401632358733,
    "validation_min_precision": 0.22426746996810684,
    "validation_avg_recall": 0.6175152633990214,
    "validation_min_recall": 0.16798604792235367,
    "train_variance": 60.88704299926758,
    "validation_variance": 906.6214599609375
}