{
    "train_loss": 0.07123092684429137,
    "train_accuracy": 0.9935156249999934,
    "train_avg_precision": 0.992918334823078,
    "train_min_precision": 0.9224645552568294,
    "train_avg_recall": 0.994943716520856,
    "train_min_recall": 0.9413437490871654,
    "validation_loss": 1.3500477314754658,
    "validation_accuracy": 0.6295780254777071,
    "validation_avg_precision": 0.6369033399887649,
    "validation_min_precision": 0.22819035175723065,
    "validation_avg_recall": 0.6276629165243817,
    "validation_min_recall": 0.17430308544958217,
    "train_variance": 19.22400665283203,
    "validation_variance": 906.2796020507812
}