{
    "train_loss": 0.4104190732538699,
    "train_accuracy": 0.8659375000000016,
    "train_avg_precision": 0.8500107029178802,
    "train_min_precision": 0.4091212011028181,
    "train_avg_recall": 0.8678100812633835,
    "train_min_recall": 0.5035835761460752,
    "validation_loss": 1.3863936423496073,
    "validation_accuracy": 0.595043789808917,
    "validation_avg_precision": 0.6171282684133034,
    "validation_min_precision": 0.17909339422078271,
    "validation_avg_recall": 0.5948147511841777,
    "validation_min_recall": 0.13236689001020205,
    "train_variance": 152.44837951660156,
    "validation_variance": 699.1361083984375
}