{
    "train_loss": 0.14714542650617649,
    "train_accuracy": 0.9688671874999998,
    "train_avg_precision": 0.9653829986323911,
    "train_min_precision": 0.7808268376360469,
    "train_avg_recall": 0.9698839265845007,
    "train_min_recall": 0.8061901703280361,
    "validation_loss": 1.3513423390449228,
    "validation_accuracy": 0.6184315286624203,
    "validation_avg_precision": 0.6353044126578222,
    "validation_min_precision": 0.23984637089732627,
    "validation_avg_recall": 0.6211985412755049,
    "validation_min_recall": 0.18037380171138126,
    "train_variance": 57.43550109863281,
    "validation_variance": 762.1144409179688
}