{
    "train_loss": 0.08841590256895875,
    "train_accuracy": 0.9859765624999951,
    "train_avg_precision": 0.9856470288675513,
    "train_min_precision": 0.8922403656392591,
    "train_avg_recall": 0.9889372932804257,
    "train_min_recall": 0.9175134890694067,
    "validation_loss": 1.3786287675997244,
    "validation_accuracy": 0.6237062101910825,
    "validation_avg_precision": 0.6398637054631807,
    "validation_min_precision": 0.24384993986904804,
    "validation_avg_recall": 0.6260828723647199,
    "validation_min_recall": 0.18169479140816713,
    "train_variance": 28.478395462036133,
    "validation_variance": 1048.56884765625
}