{
    "train_loss": 0.5453465110063556,
    "train_accuracy": 0.8241796875000007,
    "train_avg_precision": 0.7926466297463022,
    "train_min_precision": 0.29962790681540663,
    "train_avg_recall": 0.805726063051943,
    "train_min_recall": 0.35530003330003274,
    "validation_loss": 1.235293539466371,
    "validation_accuracy": 0.5940485668789807,
    "validation_avg_precision": 0.6192348510529474,
    "validation_min_precision": 0.21101663729052256,
    "validation_avg_recall": 0.595969248373707,
    "validation_min_recall": 0.20239594093097268,
    "train_variance": 118.5330581665039,
    "validation_variance": 308.28656005859375
}