{
    "train_loss": 0.20107485996559263,
    "train_accuracy": 0.9496093750000023,
    "train_avg_precision": 0.9358628217240209,
    "train_min_precision": 0.6437747232342815,
    "train_avg_recall": 0.9467393475957984,
    "train_min_recall": 0.7037005374119336,
    "validation_loss": 1.2640564327786679,
    "validation_accuracy": 0.6292794585987265,
    "validation_avg_precision": 0.6377248742522791,
    "validation_min_precision": 0.2473005232559372,
    "validation_avg_recall": 0.6277389471816224,
    "validation_min_recall": 0.19920915955947802,
    "train_variance": 72.92125701904297,
    "validation_variance": 639.2677612304688
}