{
    "train_accuracy": 0.84375,
    "train_avg_precision": 0.8472222222222221,
    "train_min_precision": 0.375,
    "train_avg_recall": 0.8816137566137566,
    "train_min_recall": 0.6428571428571429,
    "train_loss": 0.35269054770469666,
    "validation_accuracy": 0.875,
    "validation_avg_precision": 0.825,
    "validation_min_precision": 0.0,
    "validation_avg_recall": 0.85,
    "validation_min_recall": 0.0,
    "validation_loss": 0.6749017238616943,
    "train_variance": 127.069091796875,
    "validation_variance": 459.1672668457031
}