{
    "train_loss": 1.1955994088947772,
    "train_accuracy": 0.5828515625000007,
    "train_avg_precision": 0.5327170393163533,
    "train_min_precision": 0.05275756882006883,
    "train_avg_recall": 0.5242274744244884,
    "train_min_recall": 0.05093349705849709,
    "validation_loss": 1.5160116739333813,
    "validation_accuracy": 0.45929538216560534,
    "validation_avg_precision": 0.4761899244020974,
    "validation_min_precision": 0.08651062313482694,
    "validation_avg_recall": 0.45887026278746007,
    "validation_min_recall": 0.06650458529439421,
    "train_variance": 181.5613555908203,
    "validation_variance": 245.24085998535156
}