{
    "train_loss": 0.9987434850633146,
    "train_accuracy": 0.6604296874999994,
    "train_avg_precision": 0.6188338472868535,
    "train_min_precision": 0.10154460816960824,
    "train_avg_recall": 0.6119056471595238,
    "train_min_recall": 0.09611208358634835,
    "validation_loss": 1.440215582300903,
    "validation_accuracy": 0.5125398089171977,
    "validation_avg_precision": 0.5414082690737413,
    "validation_min_precision": 0.1325627044576089,
    "validation_avg_recall": 0.515541085477391,
    "validation_min_recall": 0.09929780057168591,
    "train_variance": 164.593017578125,
    "validation_variance": 228.2495574951172
}