{
    "train_accuracy": 0.96875,
    "train_avg_precision": 0.9773809523809525,
    "train_min_precision": 0.8571428571428571,
    "train_avg_recall": 0.9757142857142859,
    "train_min_recall": 0.8571428571428571,
    "train_loss": 0.12718500196933746,
    "validation_accuracy": 0.75,
    "validation_avg_precision": 0.7222222222222222,
    "validation_min_precision": 0.0,
    "validation_avg_recall": 0.8148148148148149,
    "validation_min_recall": 0.0,
    "validation_loss": 0.8629242181777954,
    "train_variance": 32.62828063964844,
    "validation_variance": 844.8961791992188
}