{
    "train_loss": 0.055757898278534376,
    "train_accuracy": 0.9871484375000008,
    "train_avg_precision": 0.9830139722002804,
    "train_min_precision": 0.8772487761427817,
    "train_avg_recall": 0.9888063972565808,
    "train_min_recall": 0.9206470966366602,
    "validation_loss": 0.3884890977340408,
    "validation_accuracy": 0.8829113924050631,
    "validation_avg_precision": 0.8938277443259374,
    "validation_min_precision": 0.5765341553154156,
    "validation_avg_recall": 0.8806186402427242,
    "validation_min_recall": 0.5745178552576562,
    "train_variance": 7.876941680908203,
    "validation_variance": 122.93769836425781
}