{
    "train_loss": 0.037323756641708325,
    "train_accuracy": 0.9942578125000012,
    "train_avg_precision": 0.9925262080874832,
    "train_min_precision": 0.9361763390428692,
    "train_avg_recall": 0.9955270364731708,
    "train_min_recall": 0.9610909029097032,
    "validation_loss": 0.3634760897559456,
    "validation_accuracy": 0.8855814873417718,
    "validation_avg_precision": 0.8932410761802355,
    "validation_min_precision": 0.6036840176634237,
    "validation_avg_recall": 0.8853044299156695,
    "validation_min_recall": 0.6161428422352516,
    "train_variance": 3.4523491859436035,
    "validation_variance": 84.7031021118164
}