{
    "train_loss": 0.19681213855743412,
    "train_accuracy": 0.9324609374999989,
    "train_avg_precision": 0.9010765124194334,
    "train_min_precision": 0.540236694349159,
    "train_avg_recall": 0.9261941323390093,
    "train_min_recall": 0.6674598867340535,
    "validation_loss": 0.37485719142080864,
    "validation_accuracy": 0.8732199367088607,
    "validation_avg_precision": 0.8753106557899475,
    "validation_min_precision": 0.5934697840560003,
    "validation_avg_recall": 0.8723345263101903,
    "validation_min_recall": 0.6079450406051301,
    "train_variance": 25.1500244140625,
    "validation_variance": 59.73777770996094
}