{
    "train_loss": 0.11842918045818802,
    "train_accuracy": 0.9628906250000006,
    "train_avg_precision": 0.9383169473226758,
    "train_min_precision": 0.6514583161936098,
    "train_avg_recall": 0.963122547856053,
    "train_min_recall": 0.7848417224376303,
    "validation_loss": 0.3442836176556877,
    "validation_accuracy": 0.8851859177215189,
    "validation_avg_precision": 0.8868960247934577,
    "validation_min_precision": 0.6443615370904044,
    "validation_avg_recall": 0.88667033068824,
    "validation_min_recall": 0.635688225733588,
    "train_variance": 13.196471214294434,
    "validation_variance": 82.13899230957031
}