{
    "train_loss": 0.04619594949297609,
    "train_accuracy": 0.9907812500000011,
    "train_avg_precision": 0.9870003105123889,
    "train_min_precision": 0.8990708529200523,
    "train_avg_recall": 0.9929614686135587,
    "train_min_recall": 0.9465098896054273,
    "validation_loss": 0.36212800131945666,
    "validation_accuracy": 0.88914161392405,
    "validation_avg_precision": 0.8953940847692601,
    "validation_min_precision": 0.6167140905624502,
    "validation_avg_recall": 0.888701184117475,
    "validation_min_recall": 0.6315218336635434,
    "train_variance": 4.513372421264648,
    "validation_variance": 123.59758758544922
}