{
    "train_loss": 0.06495547250844541,
    "train_accuracy": 0.9830859375000002,
    "train_avg_precision": 0.9745391424042223,
    "train_min_precision": 0.8234539311033963,
    "train_avg_recall": 0.9817493530760244,
    "train_min_recall": 0.8816980918036696,
    "validation_loss": 0.36467371296279033,
    "validation_accuracy": 0.8852848101265821,
    "validation_avg_precision": 0.8945092993685388,
    "validation_min_precision": 0.5872676732120822,
    "validation_avg_recall": 0.8825196719334452,
    "validation_min_recall": 0.6257748156947711,
    "train_variance": 9.298397064208984,
    "validation_variance": 115.310546875
}