{
    "train_loss": 0.15528601553291072,
    "train_accuracy": 0.9482421874999994,
    "train_avg_precision": 0.9359552751389537,
    "train_min_precision": 0.7089249070123111,
    "train_avg_recall": 0.9490753793647377,
    "train_min_recall": 0.7738863688889714,
    "validation_loss": 0.4004395068446292,
    "validation_accuracy": 0.870648734177215,
    "validation_avg_precision": 0.880075328489492,
    "validation_min_precision": 0.5985792659221586,
    "validation_avg_recall": 0.8728904220721654,
    "validation_min_recall": 0.5881755393913954,
    "train_variance": 25.990625381469727,
    "validation_variance": 81.67611694335938
}