{
    "train_loss": 0.05348204201087353,
    "train_accuracy": 0.9883984375000008,
    "train_avg_precision": 0.9800565291187122,
    "train_min_precision": 0.8467990316127043,
    "train_avg_recall": 0.9869582082682115,
    "train_min_recall": 0.8992508561880644,
    "validation_loss": 0.3590133210903483,
    "validation_accuracy": 0.8879549050632909,
    "validation_avg_precision": 0.8942300595138006,
    "validation_min_precision": 0.6052247461891673,
    "validation_avg_recall": 0.887411684429197,
    "validation_min_recall": 0.6105990026572387,
    "train_variance": 5.5633087158203125,
    "validation_variance": 117.38478088378906
}