{
    "train_loss": 0.04274910579435525,
    "train_accuracy": 0.9928515625000017,
    "train_avg_precision": 0.9906132883847989,
    "train_min_precision": 0.9236799370323125,
    "train_avg_recall": 0.9944205668310008,
    "train_min_recall": 0.9551176394007187,
    "validation_loss": 0.3501143053739887,
    "validation_accuracy": 0.8879549050632906,
    "validation_avg_precision": 0.8942074335317883,
    "validation_min_precision": 0.5992674885568114,
    "validation_avg_recall": 0.8840100600171636,
    "validation_min_recall": 0.6085368868611415,
    "train_variance": 3.6477537155151367,
    "validation_variance": 73.275390625
}