{
    "train_loss": 0.051802838658914,
    "train_accuracy": 0.9888281250000007,
    "train_avg_precision": 0.9843352327498259,
    "train_min_precision": 0.8865933091094632,
    "train_avg_recall": 0.9908516373284585,
    "train_min_recall": 0.9345683449273396,
    "validation_loss": 0.3552795181734652,
    "validation_accuracy": 0.8893393987341769,
    "validation_avg_precision": 0.8945697410896741,
    "validation_min_precision": 0.6025370490921164,
    "validation_avg_recall": 0.8854780284266808,
    "validation_min_recall": 0.6180821524406196,
    "train_variance": 5.012357234954834,
    "validation_variance": 117.83867645263672
}