{
    "train_loss": 0.2602510387077928,
    "train_accuracy": 0.9088671874999993,
    "train_avg_precision": 0.8698386655265361,
    "train_min_precision": 0.4634298177191483,
    "train_avg_recall": 0.8916409694194907,
    "train_min_recall": 0.5738185650485305,
    "validation_loss": 0.4175496845494343,
    "validation_accuracy": 0.859473892405063,
    "validation_avg_precision": 0.8649178862786154,
    "validation_min_precision": 0.575474274368149,
    "validation_avg_recall": 0.8611977964085065,
    "validation_min_recall": 0.6050575036212064,
    "train_variance": 43.035789489746094,
    "validation_variance": 77.75215148925781
}