{
    "train_loss": 0.3830033932861529,
    "train_accuracy": 0.8706093085439578,
    "train_avg_precision": 0.7298098049109054,
    "train_min_precision": 0.08546623941360781,
    "train_avg_recall": 0.7960580263625466,
    "train_min_recall": 0.2509492408439955,
    "validation_loss": 0.6522479966282845,
    "validation_accuracy": 0.7667968750000003,
    "validation_avg_precision": 0.7714419235696747,
    "validation_min_precision": 0.4314168497633735,
    "validation_avg_recall": 0.766669287385736,
    "validation_min_recall": 0.3647992168353974,
    "train_variance": 2.1119296550750732,
    "validation_variance": 5.029361248016357
}