{
    "train_loss": 0.24871279299259189,
    "train_accuracy": 0.9136347739320057,
    "train_avg_precision": 0.7949733382675924,
    "train_min_precision": 0.21327176721913566,
    "train_avg_recall": 0.8935902048497237,
    "train_min_recall": 0.5074287532605963,
    "validation_loss": 0.557664279639721,
    "validation_accuracy": 0.8240234375,
    "validation_avg_precision": 0.8204220604740966,
    "validation_min_precision": 0.5517894318498409,
    "validation_avg_recall": 0.820407070762848,
    "validation_min_recall": 0.5033653692786862,
    "train_variance": 4.081061363220215,
    "validation_variance": 12.69237232208252
}