{
    "train_loss": 0.21550337787260085,
    "train_accuracy": 0.9262444230548129,
    "train_avg_precision": 0.8160571130462915,
    "train_min_precision": 0.2936488949646844,
    "train_avg_recall": 0.905501787775478,
    "train_min_recall": 0.5436720416240486,
    "validation_loss": 0.5648592807352544,
    "validation_accuracy": 0.8249023437499999,
    "validation_avg_precision": 0.8193568115957529,
    "validation_min_precision": 0.5597650956716171,
    "validation_avg_recall": 0.8208167217204605,
    "validation_min_recall": 0.46366447219190304,
    "train_variance": 4.0475077629089355,
    "validation_variance": 13.713271141052246
}