{
    "train_loss": 0.4718227349875266,
    "train_accuracy": 0.8578460561601734,
    "train_avg_precision": 0.6914580465846822,
    "train_min_precision": 0.08472767614041851,
    "train_avg_recall": 0.7610001299937652,
    "train_min_recall": 0.12410461637965882,
    "validation_loss": 0.6988542795181272,
    "validation_accuracy": 0.7490234375,
    "validation_avg_precision": 0.7456121277278277,
    "validation_min_precision": 0.33305109163844215,
    "validation_avg_recall": 0.7496404539835267,
    "validation_min_recall": 0.19374661163989737,
    "train_variance": 2.0339276790618896,
    "validation_variance": 4.436136245727539
}