{
    "train_loss": 0.28954835392926864,
    "train_accuracy": 0.9018876667608298,
    "train_avg_precision": 0.746296328027065,
    "train_min_precision": 0.13782823070748768,
    "train_avg_recall": 0.8330866783088103,
    "train_min_recall": 0.2751594120015173,
    "validation_loss": 0.5606525063514709,
    "validation_accuracy": 0.8023437499999999,
    "validation_avg_precision": 0.7936835629947897,
    "validation_min_precision": 0.5140128288724314,
    "validation_avg_recall": 0.7989345708544214,
    "validation_min_recall": 0.26740179026617455,
    "train_variance": 2.628024101257324,
    "validation_variance": 6.743834495544434
}