{
    "train_loss": 0.372045404032657,
    "train_accuracy": 0.8708668894935068,
    "train_avg_precision": 0.6980157649034311,
    "train_min_precision": 0.10231440099861153,
    "train_avg_recall": 0.8118499330360331,
    "train_min_recall": 0.23411802032462814,
    "validation_loss": 0.6103128984570503,
    "validation_accuracy": 0.7959960937499999,
    "validation_avg_precision": 0.7889576374569305,
    "validation_min_precision": 0.49415947297894297,
    "validation_avg_recall": 0.7930260901186805,
    "validation_min_recall": 0.28665966241048835,
    "train_variance": 2.428386926651001,
    "validation_variance": 4.535693168640137
}