{
    "train_loss": 0.0496019277635009,
    "train_accuracy": 0.9958575581395345,
    "train_avg_precision": 0.9954026987509191,
    "train_min_precision": 0.9605562648899679,
    "train_avg_recall": 0.9972369356498486,
    "train_min_recall": 0.9772646780662477,
    "validation_loss": 1.3902151675163945,
    "validation_accuracy": 0.6157041139240508,
    "validation_avg_precision": 0.6298750352929046,
    "validation_min_precision": 0.32968426319231686,
    "validation_avg_recall": 0.6123370673641291,
    "validation_min_recall": 0.23056899991492633,
    "train_variance": 7.922407627105713,
    "validation_variance": 390.4117126464844
}