{
    "train_loss": 0.8362571081449818,
    "train_accuracy": 0.7087195845537407,
    "train_avg_precision": 0.6948116118975494,
    "train_min_precision": 0.2285006470962436,
    "train_avg_recall": 0.7232564373134953,
    "train_min_recall": 0.3247074722960631,
    "validation_loss": 1.29172879231127,
    "validation_accuracy": 0.5625000000000001,
    "validation_avg_precision": 0.5761195871059687,
    "validation_min_precision": 0.25376876247867747,
    "validation_avg_recall": 0.5621741091511735,
    "validation_min_recall": 0.14026875676217296,
    "train_variance": 71.63066864013672,
    "validation_variance": 111.50891876220703
}