{
    "train_accuracy": 0.9814814925193787,
    "train_avg_precision": 0.9709090909090908,
    "train_min_precision": 0.8,
    "train_avg_recall": 0.9866666666666667,
    "train_min_recall": 0.9333333333333333,
    "train_loss": 0.09148062020540237,
    "validation_accuracy": 0.75,
    "validation_avg_precision": 0.6481481481481481,
    "validation_min_precision": 0.0,
    "validation_avg_recall": 0.7222222222222222,
    "validation_min_recall": 0.0,
    "validation_loss": 0.7946186661720276,
    "train_variance": 15.797601699829102,
    "validation_variance": 326.4755554199219
}