{
    "train_loss": 0.03350022162289119,
    "train_accuracy": 0.998401162790696,
    "train_avg_precision": 0.9980935599990366,
    "train_min_precision": 0.9818560297130148,
    "train_avg_recall": 0.9985634728886618,
    "train_min_recall": 0.9863118400931222,
    "validation_loss": 1.3978457337693329,
    "validation_accuracy": 0.620253164556962,
    "validation_avg_precision": 0.6401554136496198,
    "validation_min_precision": 0.3541821643127637,
    "validation_avg_recall": 0.6208421123776575,
    "validation_min_recall": 0.23795092925084702,
    "train_variance": 4.256566047668457,
    "validation_variance": 427.0815124511719
}