{
    "train_accuracy": 0.8240740895271301,
    "train_avg_precision": 0.7920634920634921,
    "train_min_precision": 0.5,
    "train_avg_recall": 0.8296848739495798,
    "train_min_recall": 0.625,
    "train_loss": 0.6036471128463745,
    "validation_accuracy": 0.625,
    "validation_avg_precision": 0.5625,
    "validation_min_precision": 0.0,
    "validation_avg_recall": 0.56875,
    "validation_min_recall": 0.0,
    "validation_loss": 1.6764369010925293,
    "train_variance": 67.72124481201172,
    "validation_variance": 165.44760131835938
}