{
    "train_loss": 0.04130013248081819,
    "train_accuracy": 0.9975290697674407,
    "train_avg_precision": 0.9970168249963767,
    "train_min_precision": 0.9736018317620138,
    "train_avg_recall": 0.9980006661165388,
    "train_min_recall": 0.982538741518656,
    "validation_loss": 1.4122583911388724,
    "validation_accuracy": 0.6143196202531646,
    "validation_avg_precision": 0.6364447287146875,
    "validation_min_precision": 0.36500942722521795,
    "validation_avg_recall": 0.6117761410764209,
    "validation_min_recall": 0.25601075269041734,
    "train_variance": 6.021234035491943,
    "validation_variance": 406.940673828125
}