{
    "train_loss": 1.1411850269450692,
    "train_accuracy": 0.6074047157930775,
    "train_avg_precision": 0.6055953107514219,
    "train_min_precision": 0.15700683959485107,
    "train_avg_recall": 0.58789701037612,
    "train_min_recall": 0.20428803403330312,
    "validation_loss": 1.4641120584705212,
    "validation_accuracy": 0.48615506329113906,
    "validation_avg_precision": 0.548088253176087,
    "validation_min_precision": 0.2233314857809057,
    "validation_avg_recall": 0.4850962605473323,
    "validation_min_recall": 0.17926008063122548,
    "train_variance": 59.37999725341797,
    "validation_variance": 84.59589385986328
}