{
    "train_accuracy": 1.0,
    "train_avg_precision": 1.0,
    "train_min_precision": 1.0,
    "train_avg_recall": 1.0,
    "train_min_recall": 1.0,
    "train_loss": 0.023979581892490387,
    "validation_accuracy": 0.6875,
    "validation_avg_precision": 0.6666666666666667,
    "validation_min_precision": 0.0,
    "validation_avg_recall": 0.5740740740740741,
    "validation_min_recall": 0.0,
    "validation_loss": 0.633272647857666,
    "train_variance": 3.60636830329895,
    "validation_variance": 428.9190673828125
}