{
    "train_loss": 0.09114234549708142,
    "train_accuracy": 0.9867597976396257,
    "train_avg_precision": 0.9842345164932671,
    "train_min_precision": 0.8909303798708628,
    "train_avg_recall": 0.9902676969921891,
    "train_min_recall": 0.93380662946212,
    "validation_loss": 1.3335149650332292,
    "validation_accuracy": 0.6156052215189877,
    "validation_avg_precision": 0.6400028106574719,
    "validation_min_precision": 0.347256338432809,
    "validation_avg_recall": 0.6163331120752197,
    "validation_min_recall": 0.2581228798177304,
    "train_variance": 15.771286010742188,
    "validation_variance": 330.10980224609375
}