{
    "train_accuracy": 0.6759259104728699,
    "train_avg_precision": 0.5595543001889751,
    "train_min_precision": 0.0,
    "train_avg_recall": 0.6528829649882281,
    "train_min_recall": 0.0,
    "train_loss": 0.895771861076355,
    "validation_accuracy": 0.4375,
    "validation_avg_precision": 0.4851851851851852,
    "validation_min_precision": 0.0,
    "validation_avg_recall": 0.5092592592592593,
    "validation_min_recall": 0.0,
    "validation_loss": 1.306924819946289,
    "train_variance": 72.9400863647461,
    "validation_variance": 116.7953109741211
}