{
    "train_loss": 0.37569863373456974,
    "train_accuracy": 0.8868836133979087,
    "train_avg_precision": 0.8609533993627415,
    "train_min_precision": 0.5522080137132089,
    "train_avg_recall": 0.8957877184409834,
    "train_min_recall": 0.6698494395838439,
    "validation_loss": 1.2587325195722936,
    "validation_accuracy": 0.6025514240506331,
    "validation_avg_precision": 0.6207502819568809,
    "validation_min_precision": 0.3150667347459002,
    "validation_avg_recall": 0.6021134089989569,
    "validation_min_recall": 0.2907615864125252,
    "train_variance": 56.86751174926758,
    "validation_variance": 202.2978973388672
}