{
    "train_accuracy": 0.944444477558136,
    "train_avg_precision": 0.9433950617283952,
    "train_min_precision": 0.8333333333333334,
    "train_avg_recall": 0.9544159544159545,
    "train_min_recall": 0.8333333333333334,
    "train_loss": 0.34429383277893066,
    "validation_accuracy": 0.5625,
    "validation_avg_precision": 0.41666666666666674,
    "validation_min_precision": 0.0,
    "validation_avg_recall": 0.4,
    "validation_min_recall": 0.0,
    "validation_loss": 1.3846044540405273,
    "train_variance": 37.90119552612305,
    "validation_variance": 233.53880310058594
}