{
    "train_loss": 0.03571572690162547,
    "train_accuracy": 0.9981831395348822,
    "train_avg_precision": 0.9981104293421674,
    "train_min_precision": 0.981853148107183,
    "train_avg_recall": 0.9984197874658431,
    "train_min_recall": 0.9850490364840782,
    "validation_loss": 1.416329519658149,
    "validation_accuracy": 0.6179786392405064,
    "validation_avg_precision": 0.6362524493767087,
    "validation_min_precision": 0.3492616173240432,
    "validation_avg_recall": 0.6177449739501488,
    "validation_min_recall": 0.2243582651526163,
    "train_variance": 4.937633991241455,
    "validation_variance": 428.51873779296875
}