{
    "train_accuracy": 1.0,
    "train_avg_precision": 1.0,
    "train_min_precision": 1.0,
    "train_avg_recall": 1.0,
    "train_min_recall": 1.0,
    "train_loss": 0.03178463503718376,
    "validation_accuracy": 0.5625,
    "validation_avg_precision": 0.29166666666666663,
    "validation_min_precision": 0.0,
    "validation_avg_recall": 0.3333333333333333,
    "validation_min_recall": 0.0,
    "validation_loss": 1.872045636177063,
    "train_variance": 6.184960842132568,
    "validation_variance": 403.7906799316406
}