{
    "train_loss": 0.06611313428296602,
    "train_accuracy": 0.992065030197765,
    "train_avg_precision": 0.9908139746380106,
    "train_min_precision": 0.9294464731313374,
    "train_avg_recall": 0.9947127161735325,
    "train_min_recall": 0.9599618969633722,
    "validation_loss": 1.38127587000026,
    "validation_accuracy": 0.6198575949367089,
    "validation_avg_precision": 0.6412871958125176,
    "validation_min_precision": 0.360539327227588,
    "validation_avg_recall": 0.6206163904742306,
    "validation_min_recall": 0.23522405472673932,
    "train_variance": 12.102387428283691,
    "validation_variance": 364.7935485839844
}