{
    "train_accuracy": 0.6481481790542603,
    "train_avg_precision": 0.6511256456908631,
    "train_min_precision": 0.09090909090909091,
    "train_avg_recall": 0.5380451127819549,
    "train_min_recall": 0.25,
    "train_loss": 1.1390483379364014,
    "validation_accuracy": 0.4375,
    "validation_avg_precision": 0.3645833333333333,
    "validation_min_precision": 0.0,
    "validation_avg_recall": 0.3333333333333333,
    "validation_min_recall": 0.0,
    "validation_loss": 1.3273553848266602,
    "train_variance": 55.70753860473633,
    "validation_variance": 79.2042007446289
}