{
    "train_loss": 0.02731517190330252,
    "train_accuracy": 0.9993822674418583,
    "train_avg_precision": 0.9992178171146033,
    "train_min_precision": 0.9921781711460572,
    "train_avg_recall": 0.9996683977573582,
    "train_min_recall": 0.9966839775736048,
    "validation_loss": 1.4189424726027475,
    "validation_accuracy": 0.6196598101265823,
    "validation_avg_precision": 0.6347192586858688,
    "validation_min_precision": 0.34924312987417977,
    "validation_avg_recall": 0.6175437139686997,
    "validation_min_recall": 0.23852536983292963,
    "train_variance": 3.047196865081787,
    "validation_variance": 461.76580810546875
}