{
    "train_accuracy": 1.0,
    "train_avg_precision": 1.0,
    "train_min_precision": 1.0,
    "train_avg_recall": 1.0,
    "train_min_recall": 1.0,
    "train_loss": 0.03347742557525635,
    "validation_accuracy": 0.5625,
    "validation_avg_precision": 0.4814814814814815,
    "validation_min_precision": 0.0,
    "validation_avg_recall": 0.537037037037037,
    "validation_min_recall": 0.0,
    "validation_loss": 1.7167311906814575,
    "train_variance": 4.19211483001709,
    "validation_variance": 419.9695739746094
}