{
    "train_accuracy": 1.0,
    "train_avg_precision": 1.0,
    "train_min_precision": 1.0,
    "train_avg_recall": 1.0,
    "train_min_recall": 1.0,
    "train_loss": 0.03906651958823204,
    "validation_accuracy": 0.5,
    "validation_avg_precision": 0.3994708994708994,
    "validation_min_precision": 0.0,
    "validation_avg_recall": 0.40740740740740733,
    "validation_min_recall": 0.0,
    "validation_loss": 1.3639487028121948,
    "train_variance": 7.846177101135254,
    "validation_variance": 381.4102478027344
}