{
    "train_loss": 0.22931389205677571,
    "train_accuracy": 0.9410072135370822,
    "train_avg_precision": 0.9307970405807544,
    "train_min_precision": 0.7151513322777674,
    "train_avg_recall": 0.9507214636579647,
    "train_min_recall": 0.8118997459320878,
    "validation_loss": 1.2519557845743399,
    "validation_accuracy": 0.6114517405063292,
    "validation_avg_precision": 0.6304525198330624,
    "validation_min_precision": 0.3402068477302633,
    "validation_avg_recall": 0.610770678523398,
    "validation_min_recall": 0.26585276224242416,
    "train_variance": 38.43128967285156,
    "validation_variance": 230.95339965820312
}