{
    "train_loss": 0.20911557840746503,
    "train_accuracy": 0.9436800172162609,
    "train_avg_precision": 0.9326726046743483,
    "train_min_precision": 0.6225254847649466,
    "train_avg_recall": 0.9546546713368949,
    "train_min_recall": 0.8138714712370926,
    "validation_loss": 1.3251583938357199,
    "validation_accuracy": 0.6093749999999999,
    "validation_avg_precision": 0.6486319060719252,
    "validation_min_precision": 0.30044981198589477,
    "validation_avg_recall": 0.6101785367667785,
    "validation_min_recall": 0.24240636766126594,
    "train_variance": 44.503150939941406,
    "validation_variance": 287.3152160644531
}