{
    "train_loss": 0.1363626092113554,
    "train_accuracy": 0.9541015624999996,
    "train_avg_precision": 0.9333941979700803,
    "train_min_precision": 0.6604134555275113,
    "train_avg_recall": 0.9495076495188369,
    "train_min_recall": 0.7349438649503531,
    "validation_loss": 0.36397970599841467,
    "validation_accuracy": 0.8789556962025311,
    "validation_avg_precision": 0.8845684205482537,
    "validation_min_precision": 0.6077983737098248,
    "validation_avg_recall": 0.8793109602388517,
    "validation_min_recall": 0.6078433370307414,
    "train_variance": 11.685563087463379,
    "validation_variance": 42.34345626831055
}