{
    "train_loss": 0.04305023509077727,
    "train_accuracy": 0.9925390625000009,
    "train_avg_precision": 0.9902526532291566,
    "train_min_precision": 0.9235807576717402,
    "train_avg_recall": 0.9937989129863388,
    "train_min_recall": 0.9511277660544344,
    "validation_loss": 0.3733995205993894,
    "validation_accuracy": 0.885878164556962,
    "validation_avg_precision": 0.8929028059831016,
    "validation_min_precision": 0.5993412170382425,
    "validation_avg_recall": 0.8849378833735009,
    "validation_min_recall": 0.6275815904538915,
    "train_variance": 4.370387554168701,
    "validation_variance": 69.37934875488281
}