{
    "train_loss": 0.050288588330149674,
    "train_accuracy": 0.9899218750000013,
    "train_avg_precision": 0.9875558695820742,
    "train_min_precision": 0.9026594406168404,
    "train_avg_recall": 0.9916215905403603,
    "train_min_recall": 0.9376195597737192,
    "validation_loss": 0.3712877495379389,
    "validation_accuracy": 0.8861748417721519,
    "validation_avg_precision": 0.8947379341507498,
    "validation_min_precision": 0.6052884051001677,
    "validation_avg_recall": 0.8843003054312673,
    "validation_min_recall": 0.6153629486236182,
    "train_variance": 5.117775917053223,
    "validation_variance": 60.21391677856445
}