{
    "train_loss": 0.2676686128601431,
    "train_accuracy": 0.903203124999999,
    "train_avg_precision": 0.8675856819822602,
    "train_min_precision": 0.45612033833245463,
    "train_avg_recall": 0.8846163332292815,
    "train_min_recall": 0.5095377549603374,
    "validation_loss": 0.42998452710954443,
    "validation_accuracy": 0.8515625,
    "validation_avg_precision": 0.86435031167955,
    "validation_min_precision": 0.5423769576566264,
    "validation_avg_recall": 0.8529990331816777,
    "validation_min_recall": 0.5319395111665951,
    "train_variance": 17.11166000366211,
    "validation_variance": 32.57844543457031
}