{
    "train_loss": 0.03848525249399243,
    "train_accuracy": 0.9943359375000014,
    "train_avg_precision": 0.9927237572047908,
    "train_min_precision": 0.9399263763936263,
    "train_avg_recall": 0.9953058197004229,
    "train_min_recall": 0.9623983677862701,
    "validation_loss": 0.38355456066282506,
    "validation_accuracy": 0.8857792721518987,
    "validation_avg_precision": 0.89356805422881,
    "validation_min_precision": 0.598662272297104,
    "validation_avg_recall": 0.8850461428935811,
    "validation_min_recall": 0.6082304858601056,
    "train_variance": 3.7424428462982178,
    "validation_variance": 68.01451110839844
}