{
    "train_accuracy": 1.0,
    "train_loss": 0.00037491126568056643,
    "validation_accuracy": 0.8046875,
    "validation_loss": 1.4226770401000977
}