{
    "train_accuracy": 1.0,
    "train_loss": 0.001462323241867125,
    "validation_accuracy": 0.875,
    "validation_loss": 0.7033932209014893
}