{
    "train_accuracy": 1.0,
    "train_loss": 0.00035496221971698105,
    "validation_accuracy": 0.828125,
    "validation_loss": 1.1326005458831787
}