{
    "train_accuracy": 0.953125,
    "train_loss": 0.0889119952917099,
    "validation_accuracy": 0.8359375,
    "validation_loss": 0.5333052277565002
}