{
    "train_accuracy": 1.0,
    "train_loss": 0.016393844038248062,
    "validation_accuracy": 0.8828125,
    "validation_loss": 0.8809623718261719
}