{
    "train_accuracy": 1.0,
    "train_loss": 0.001399519038386643,
    "validation_accuracy": 0.859375,
    "validation_loss": 0.7002250552177429
}