{
    "train_accuracy": 0.8828125,
    "train_loss": 0.21748477220535278,
    "validation_accuracy": 0.7890625,
    "validation_loss": 1.2192614078521729
}