{
    "train_loss": 0.2853020978601355,
    "train_accuracy": 0.8970338022499756,
    "train_avg_precision": 0.7363378455132543,
    "train_min_precision": 0.049665831244778615,
    "train_avg_recall": 0.7305138698941191,
    "train_min_recall": 0.03487506645401382,
    "validation_loss": 0.8966732621192932,
    "validation_accuracy": 0.7027343749999997,
    "validation_avg_precision": 0.6837693183827743,
    "validation_min_precision": 0.010384615384615384,
    "validation_avg_recall": 0.6993877245763382,
    "validation_min_recall": 0.001
}