{
    "train_loss": 0.20765239379385064,
    "train_accuracy": 0.93113846005055,
    "train_avg_precision": 0.7943524109611921,
    "train_min_precision": 0.10948867527814896,
    "train_avg_recall": 0.7849354050239596,
    "train_min_recall": 0.08193772720088509,
    "validation_loss": 0.7530429497361182,
    "validation_accuracy": 0.7560546875000002,
    "validation_avg_precision": 0.7334361761453714,
    "validation_min_precision": 0.1922579185867001,
    "validation_avg_recall": 0.7519524968328294,
    "validation_min_recall": 0.01819641304095716
}