{
    "train_loss": 0.21649197815803056,
    "train_accuracy": 0.9281467408464672,
    "train_avg_precision": 0.7847017764682087,
    "train_min_precision": 0.04707602339181286,
    "train_avg_recall": 0.7746857490520997,
    "train_min_recall": 0.04223521767381416,
    "validation_loss": 0.7550290003418921,
    "validation_accuracy": 0.75947265625,
    "validation_avg_precision": 0.7258311239949637,
    "validation_min_precision": 0.11533289127144705,
    "validation_avg_recall": 0.7600869028179134,
    "validation_min_recall": 0.009831879688977854
}