{
    "train_loss": 0.213859496148009,
    "train_accuracy": 0.9296709581425323,
    "train_avg_precision": 0.7919318069404697,
    "train_min_precision": 0.08919521024784183,
    "train_avg_recall": 0.7810482499564262,
    "train_min_recall": 0.07917478882391163,
    "validation_loss": 0.7554072380065918,
    "validation_accuracy": 0.7557617187499999,
    "validation_avg_precision": 0.7291131770734204,
    "validation_min_precision": 0.14017553065089103,
    "validation_avg_recall": 0.7546939512503824,
    "validation_min_recall": 0.011478707560360787
}