{
    "train_loss": 0.20655067892451037,
    "train_accuracy": 0.9315094717761935,
    "train_avg_precision": 0.7852092105295035,
    "train_min_precision": 0.08955722639933167,
    "train_avg_recall": 0.7828411457537562,
    "train_min_recall": 0.06411862990810359,
    "validation_loss": 0.7415116727352143,
    "validation_accuracy": 0.7596679687499998,
    "validation_avg_precision": 0.7397580615789943,
    "validation_min_precision": 0.19481073094745635,
    "validation_avg_recall": 0.7595818258857724,
    "validation_min_recall": 0.0209072274648549
}