{
    "train_loss": 0.2075064924725315,
    "train_accuracy": 0.9313440521558131,
    "train_avg_precision": 0.8007960629186853,
    "train_min_precision": 0.097953216374269,
    "train_avg_recall": 0.7894822493429486,
    "train_min_recall": 0.09708741550846813,
    "validation_loss": 0.763031430542469,
    "validation_accuracy": 0.7555664062499999,
    "validation_avg_precision": 0.7347163604418592,
    "validation_min_precision": 0.1694925617123893,
    "validation_avg_recall": 0.7576977683545731,
    "validation_min_recall": 0.016859673780818044
}