{
    "train_loss": 0.24905946693922335,
    "train_accuracy": 0.9161255108682738,
    "train_avg_precision": 0.7624623627149948,
    "train_min_precision": 0.04506737859140605,
    "train_avg_recall": 0.749278572207979,
    "train_min_recall": 0.044657097288676235,
    "validation_loss": 0.897306056320667,
    "validation_accuracy": 0.72490234375,
    "validation_avg_precision": 0.6850804429008521,
    "validation_min_precision": 0.0,
    "validation_avg_recall": 0.7209814912262921,
    "validation_min_recall": 0.0
}