{
    "train_loss": 0.21444414582168847,
    "train_accuracy": 0.9286831711467949,
    "train_avg_precision": 0.7861283155557525,
    "train_min_precision": 0.07298426245794666,
    "train_avg_recall": 0.7713876646537605,
    "train_min_recall": 0.0556390977443609,
    "validation_loss": 0.7723378658294678,
    "validation_accuracy": 0.75048828125,
    "validation_avg_precision": 0.7246478074669436,
    "validation_min_precision": 0.11835677428866284,
    "validation_avg_recall": 0.7525671657168193,
    "validation_min_recall": 0.011702551072116289
}