{
    "train_loss": 0.2170730126008653,
    "train_accuracy": 0.9285177515264149,
    "train_avg_precision": 0.7769014606975894,
    "train_min_precision": 0.045614035087719294,
    "train_avg_recall": 0.767072420876591,
    "train_min_recall": 0.03654970760233918,
    "validation_loss": 0.7711660608649255,
    "validation_accuracy": 0.7496093750000001,
    "validation_avg_precision": 0.7119079079484592,
    "validation_min_precision": 0.09814734361245989,
    "validation_avg_recall": 0.7476880003322931,
    "validation_min_recall": 0.011116099652283861
}