{
    "train_loss": 0.2104797768488265,
    "train_accuracy": 0.9302192037565673,
    "train_avg_precision": 0.7908651744053646,
    "train_min_precision": 0.09637073452862926,
    "train_avg_recall": 0.7788476801023791,
    "train_min_recall": 0.07392787524366472,
    "validation_loss": 0.7471740528941155,
    "validation_accuracy": 0.7606445312500002,
    "validation_avg_precision": 0.7422937821903506,
    "validation_min_precision": 0.19493934827034728,
    "validation_avg_recall": 0.7623816407182489,
    "validation_min_recall": 0.02888928865122398
}