{
    "train_loss": 0.21108748358592647,
    "train_accuracy": 0.9292479586182987,
    "train_avg_precision": 0.7871238127015565,
    "train_min_precision": 0.08111946532999165,
    "train_avg_recall": 0.7779558261143512,
    "train_min_recall": 0.075906432748538,
    "validation_loss": 0.7507830739021302,
    "validation_accuracy": 0.7591796875000001,
    "validation_avg_precision": 0.735145477716343,
    "validation_min_precision": 0.14670460260086393,
    "validation_avg_recall": 0.7574191934743753,
    "validation_min_recall": 0.013728541413886242
}