{
    "train_loss": 0.3544647293655495,
    "train_accuracy": 0.8781075132520573,
    "train_avg_precision": 0.7192974918721622,
    "train_min_precision": 0.03759398496240601,
    "train_avg_recall": 0.6783535114984739,
    "train_min_recall": 0.025647451963241436,
    "validation_loss": 1.0511528596282005,
    "validation_accuracy": 0.6510742187499998,
    "validation_avg_precision": 0.6412567673610289,
    "validation_min_precision": 0.0,
    "validation_avg_recall": 0.6503366877669068,
    "validation_min_recall": 0.0
}