{
    "train_loss": 0.2296957517402214,
    "train_accuracy": 0.9243090215482217,
    "train_avg_precision": 0.7797319641631947,
    "train_min_precision": 0.08105790792771402,
    "train_avg_recall": 0.7834533037814867,
    "train_min_recall": 0.0769079561649221,
    "validation_loss": 0.7310545966029166,
    "validation_accuracy": 0.7583007812499998,
    "validation_avg_precision": 0.7272782071439369,
    "validation_min_precision": 0.124070026573526,
    "validation_avg_recall": 0.7557439050641691,
    "validation_min_recall": 0.012664930431609591
}