{
    "train_loss": 0.20944269341334956,
    "train_accuracy": 0.9293684781643388,
    "train_avg_precision": 0.8005840709340915,
    "train_min_precision": 0.09558498077469926,
    "train_avg_recall": 0.788763655872959,
    "train_min_recall": 0.08785600364547733,
    "validation_loss": 0.7508218631148338,
    "validation_accuracy": 0.7592773437499999,
    "validation_avg_precision": 0.7351441817197947,
    "validation_min_precision": 0.16802850399153846,
    "validation_avg_recall": 0.759738134213024,
    "validation_min_recall": 0.013148031034977898
}