{
    "train_loss": 0.20965797493332317,
    "train_accuracy": 0.9308926954604039,
    "train_avg_precision": 0.7920093033863739,
    "train_min_precision": 0.10543622440174164,
    "train_avg_recall": 0.7773685212710235,
    "train_min_recall": 0.07163742690058479,
    "validation_loss": 0.7406768098473548,
    "validation_accuracy": 0.7617187500000001,
    "validation_avg_precision": 0.7469155337841121,
    "validation_min_precision": 0.2219173451566744,
    "validation_avg_recall": 0.7583168327144096,
    "validation_min_recall": 0.018810618463585522
}