{
    "train_loss": 0.20865056023263093,
    "train_accuracy": 0.9310817457081986,
    "train_avg_precision": 0.7817106290936107,
    "train_min_precision": 0.053467000835421885,
    "train_avg_recall": 0.7759163373716976,
    "train_min_recall": 0.043855851750588586,
    "validation_loss": 0.740832291543484,
    "validation_accuracy": 0.75966796875,
    "validation_avg_precision": 0.7444416169982766,
    "validation_min_precision": 0.22877573907220367,
    "validation_avg_recall": 0.7586337490116829,
    "validation_min_recall": 0.022599581717362045
}