{
    "train_loss": 0.2464652009177626,
    "train_accuracy": 0.9187060458618304,
    "train_avg_precision": 0.7676852079359684,
    "train_min_precision": 0.09053188526872738,
    "train_avg_recall": 0.7583139751607247,
    "train_min_recall": 0.0587719298245614,
    "validation_loss": 0.7958864167332651,
    "validation_accuracy": 0.7311523437500002,
    "validation_avg_precision": 0.6948086308729281,
    "validation_min_precision": 0.062123679730387044,
    "validation_avg_recall": 0.7296218634368754,
    "validation_min_recall": 0.0054870371831628045
}