{
    "train_loss": 0.20800201803968663,
    "train_accuracy": 0.9309446843046899,
    "train_avg_precision": 0.781907347533626,
    "train_min_precision": 0.06337814232551074,
    "train_avg_recall": 0.7694433727618035,
    "train_min_recall": 0.050292397660818715,
    "validation_loss": 0.7859415337443353,
    "validation_accuracy": 0.7510742187499999,
    "validation_avg_precision": 0.730642029000402,
    "validation_min_precision": 0.16317929216460184,
    "validation_avg_recall": 0.751036097529495,
    "validation_min_recall": 0.013282964217746829
}