{
    "train_loss": 0.3058598015392036,
    "train_accuracy": 0.8938010439538119,
    "train_avg_precision": 0.7535359824141681,
    "train_min_precision": 0.048624278086520645,
    "train_avg_recall": 0.7053473359842746,
    "train_min_recall": 0.030116959064327486,
    "validation_loss": 0.9700421497225763,
    "validation_accuracy": 0.6867187499999999,
    "validation_avg_precision": 0.6701291109898864,
    "validation_min_precision": 0.011574074074074073,
    "validation_avg_recall": 0.6867512469084236,
    "validation_min_recall": 0.0010416666666666667
}