{
    "train_loss": 0.21089131241304834,
    "train_accuracy": 0.9303444498463689,
    "train_avg_precision": 0.7909426200944375,
    "train_min_precision": 0.07537214247740563,
    "train_avg_recall": 0.7782578877171573,
    "train_min_recall": 0.056317878028404336,
    "validation_loss": 0.7378452740609645,
    "validation_accuracy": 0.7624023437500003,
    "validation_avg_precision": 0.7356378824441033,
    "validation_min_precision": 0.13137911290540338,
    "validation_avg_recall": 0.7612024731118171,
    "validation_min_recall": 0.01633853278360069
}