{
    "train_loss": 0.2380850738600681,
    "train_accuracy": 0.9173756053573212,
    "train_avg_precision": 0.7814884931208937,
    "train_min_precision": 0.06672513159355264,
    "train_avg_recall": 0.7542504245737923,
    "train_min_recall": 0.0532902769744875,
    "validation_loss": 0.8276214808225633,
    "validation_accuracy": 0.7349609374999999,
    "validation_avg_precision": 0.7136716825546289,
    "validation_min_precision": 0.07070976353928299,
    "validation_avg_recall": 0.7361351378539281,
    "validation_min_recall": 0.007427536384432937
}