{
    "train_loss": 0.8260785424918458,
    "train_accuracy": 0.7487971678114779,
    "train_avg_precision": 0.3968412885944775,
    "train_min_precision": 0.0,
    "train_avg_recall": 0.38031180280186405,
    "train_min_recall": 0.0,
    "validation_loss": 2.331964445114136,
    "validation_accuracy": 0.35937500000000006,
    "validation_avg_precision": 0.23264071225097918,
    "validation_min_precision": 0.0,
    "validation_avg_recall": 0.35817361102287065,
    "validation_min_recall": 0.0
}