{
    "train_loss": 0.21691889172060452,
    "train_accuracy": 0.9271187803201515,
    "train_avg_precision": 0.7882390280276521,
    "train_min_precision": 0.06735588972431078,
    "train_avg_recall": 0.7740538244027595,
    "train_min_recall": 0.05643778987699132,
    "validation_loss": 0.7671123139560222,
    "validation_accuracy": 0.75380859375,
    "validation_avg_precision": 0.7225413148261026,
    "validation_min_precision": 0.10318454628866001,
    "validation_avg_recall": 0.7522837670728498,
    "validation_min_recall": 0.009542212132734306
}