{
    "train_loss": 0.21338977076505367,
    "train_accuracy": 0.9290896288135603,
    "train_avg_precision": 0.7847166177713367,
    "train_min_precision": 0.0304093567251462,
    "train_avg_recall": 0.7767440380488512,
    "train_min_recall": 0.04093567251461988,
    "validation_loss": 0.7604798018932343,
    "validation_accuracy": 0.7547851562499999,
    "validation_avg_precision": 0.7273622539319706,
    "validation_min_precision": 0.14034926565197747,
    "validation_avg_recall": 0.754075693051708,
    "validation_min_recall": 0.012202384421134421
}