{
    "train_loss": 0.21099778369330535,
    "train_accuracy": 0.928917120423234,
    "train_avg_precision": 0.7892454799123416,
    "train_min_precision": 0.06794323206389957,
    "train_avg_recall": 0.7712488758947823,
    "train_min_recall": 0.0393483709273183,
    "validation_loss": 0.7595457971096041,
    "validation_accuracy": 0.7579101562499999,
    "validation_avg_precision": 0.7321247002209618,
    "validation_min_precision": 0.14177591720423594,
    "validation_avg_recall": 0.7589751753117224,
    "validation_min_recall": 0.02536866111991251
}