{
    "train_loss": 0.2387487796837824,
    "train_accuracy": 0.9187863918772919,
    "train_avg_precision": 0.7652858236318701,
    "train_min_precision": 0.04655943442107636,
    "train_avg_recall": 0.7564522125233021,
    "train_min_recall": 0.03508771929824561,
    "validation_loss": 0.7800343796610831,
    "validation_accuracy": 0.7436523437500001,
    "validation_avg_precision": 0.7136474755786429,
    "validation_min_precision": 0.0924147290146175,
    "validation_avg_recall": 0.7424737427684018,
    "validation_min_recall": 0.008220576953045396
}