{
    "train_loss": 0.4635188694585834,
    "train_accuracy": 0.8230041024977697,
    "train_avg_precision": 0.5935030112857969,
    "train_min_precision": 0.01586687306501548,
    "train_avg_recall": 0.5854012295174763,
    "train_min_recall": 0.01023391812865497,
    "validation_loss": 1.3588002741336824,
    "validation_accuracy": 0.54755859375,
    "validation_avg_precision": 0.5084459433887487,
    "validation_min_precision": 0.0,
    "validation_avg_recall": 0.5480527203747496,
    "validation_min_recall": 0.0
}