{
    "train_loss": 0.21316150118384442,
    "train_accuracy": 0.9295740702696021,
    "train_avg_precision": 0.7898222214623944,
    "train_min_precision": 0.06938178780284043,
    "train_avg_recall": 0.7749752511969548,
    "train_min_recall": 0.05989974937343358,
    "validation_loss": 0.7571397244930268,
    "validation_accuracy": 0.7579101562499999,
    "validation_avg_precision": 0.7270559154335408,
    "validation_min_precision": 0.12929043720295502,
    "validation_avg_recall": 0.7551630847283657,
    "validation_min_recall": 0.013313776426679653
}