{
    "train_loss": 0.21022718465119078,
    "train_accuracy": 0.9308241647586496,
    "train_avg_precision": 0.7936421222101491,
    "train_min_precision": 0.11416296679454575,
    "train_avg_recall": 0.7760933822945364,
    "train_min_recall": 0.08323272338552475,
    "validation_loss": 0.7492313414812088,
    "validation_accuracy": 0.760546875,
    "validation_avg_precision": 0.7355325386634394,
    "validation_min_precision": 0.1532693586256231,
    "validation_avg_recall": 0.7571968961275047,
    "validation_min_recall": 0.013074544607439344
}