{
    "train_loss": 0.31051159323307503,
    "train_accuracy": 0.8937608704232334,
    "train_avg_precision": 0.7249067761287546,
    "train_min_precision": 0.03654970760233918,
    "train_avg_recall": 0.6814830436733262,
    "train_min_recall": 0.024269005847953218,
    "validation_loss": 1.0565551355481146,
    "validation_accuracy": 0.6508789062499999,
    "validation_avg_precision": 0.6421131614003807,
    "validation_min_precision": 0.0,
    "validation_avg_recall": 0.6500932779749629,
    "validation_min_recall": 0.0
}