{
    "train_loss": 0.4147511537660632,
    "train_accuracy": 0.8620547871840623,
    "train_avg_precision": 0.6387640194314356,
    "train_min_precision": 0.0,
    "train_avg_recall": 0.6139099253262893,
    "train_min_recall": 0.0,
    "validation_loss": 1.266446256637573,
    "validation_accuracy": 0.5864257812500001,
    "validation_avg_precision": 0.5324504026268275,
    "validation_min_precision": 0.0,
    "validation_avg_recall": 0.5903330394457305,
    "validation_min_recall": 0.0
}