{
    "train_loss": 0.2120204246357868,
    "train_accuracy": 0.9292881311031818,
    "train_avg_precision": 0.786217718543266,
    "train_min_precision": 0.06674538911381016,
    "train_avg_recall": 0.7778786733295829,
    "train_min_recall": 0.06018075491759702,
    "validation_loss": 0.7511961951851844,
    "validation_accuracy": 0.7550781249999996,
    "validation_avg_precision": 0.7322466432727337,
    "validation_min_precision": 0.17195562150873447,
    "validation_avg_recall": 0.7514250957807767,
    "validation_min_recall": 0.01579602896328179
}