{
    "train_loss": 0.2120624077424668,
    "train_accuracy": 0.929259773932006,
    "train_avg_precision": 0.7954019698295599,
    "train_min_precision": 0.09147869674185465,
    "train_avg_recall": 0.777501442329706,
    "train_min_recall": 0.0650932887774993,
    "validation_loss": 0.771903219819069,
    "validation_accuracy": 0.75107421875,
    "validation_avg_precision": 0.7282782299421628,
    "validation_min_precision": 0.13993921954841917,
    "validation_avg_recall": 0.753482923542429,
    "validation_min_recall": 0.011379662898358851
}