{
    "train_loss": 0.21266419061443262,
    "train_accuracy": 0.9291628860590757,
    "train_avg_precision": 0.7871393282859934,
    "train_min_precision": 0.07745995423340961,
    "train_avg_recall": 0.7756118275227603,
    "train_min_recall": 0.05539311241065627,
    "validation_loss": 0.7653092011809349,
    "validation_accuracy": 0.75537109375,
    "validation_avg_precision": 0.7288276112483457,
    "validation_min_precision": 0.13290478176268208,
    "validation_avg_recall": 0.7542069066804217,
    "validation_min_recall": 0.011906360914274296
}