{
    "train_loss": 0.21531622843784198,
    "train_accuracy": 0.928175098017643,
    "train_avg_precision": 0.7842464685707343,
    "train_min_precision": 0.07300194931773879,
    "train_avg_recall": 0.7736677116809322,
    "train_min_recall": 0.05097972203235361,
    "validation_loss": 0.7646255910396577,
    "validation_accuracy": 0.7537109375000001,
    "validation_avg_precision": 0.7280012965410306,
    "validation_min_precision": 0.1355056463705003,
    "validation_avg_recall": 0.7548996078989033,
    "validation_min_recall": 0.012662505432272262
}