{
    "train_loss": 0.20868417359234998,
    "train_accuracy": 0.9300656004955901,
    "train_avg_precision": 0.7891211850588143,
    "train_min_precision": 0.08702311333890281,
    "train_avg_recall": 0.781632190844915,
    "train_min_recall": 0.07123049559382326,
    "validation_loss": 0.7375330306589603,
    "validation_accuracy": 0.7640625000000001,
    "validation_avg_precision": 0.7356515430461724,
    "validation_min_precision": 0.14623402155015527,
    "validation_avg_recall": 0.7626720176443109,
    "validation_min_recall": 0.011135982036183649
}