{
    "train_loss": 0.20930777960702,
    "train_accuracy": 0.9291628860590758,
    "train_avg_precision": 0.7976003016124897,
    "train_min_precision": 0.11228806836211976,
    "train_avg_recall": 0.7834480394388629,
    "train_min_recall": 0.09147869674185463,
    "validation_loss": 0.7468311093747616,
    "validation_accuracy": 0.7569335937500001,
    "validation_avg_precision": 0.7295713812993678,
    "validation_min_precision": 0.1589920198539681,
    "validation_avg_recall": 0.7527898661105235,
    "validation_min_recall": 0.018686770405520404
}