{
    "train_loss": 0.2157440104505473,
    "train_accuracy": 0.9291345278422045,
    "train_avg_precision": 0.7850072591574864,
    "train_min_precision": 0.07482381166591692,
    "train_avg_recall": 0.7690868238756526,
    "train_min_recall": 0.0627642825011246,
    "validation_loss": 0.7555184438824654,
    "validation_accuracy": 0.7552734375,
    "validation_avg_precision": 0.7258898808295423,
    "validation_min_precision": 0.129425336526868,
    "validation_avg_recall": 0.7536186572398574,
    "validation_min_recall": 0.01361614750449567
}