{
    "train_loss": 0.2662443006247805,
    "train_accuracy": 0.9100144620527304,
    "train_avg_precision": 0.7633202141252403,
    "train_min_precision": 0.07543859649122808,
    "train_avg_recall": 0.7695971713498475,
    "train_min_recall": 0.06471734892787524,
    "validation_loss": 0.7598585605621336,
    "validation_accuracy": 0.7408203124999998,
    "validation_avg_precision": 0.7099545910186976,
    "validation_min_precision": 0.07165163734985519,
    "validation_avg_recall": 0.7417264782739211,
    "validation_min_recall": 0.013891638857990359
}