{
    "train_loss": 0.21201385113230925,
    "train_accuracy": 0.9285862822281693,
    "train_avg_precision": 0.7886167941018766,
    "train_min_precision": 0.09302042986253511,
    "train_avg_recall": 0.7797004588337411,
    "train_min_recall": 0.07480506822612086,
    "validation_loss": 0.7795691668987272,
    "validation_accuracy": 0.7533203125,
    "validation_avg_precision": 0.7255734441370869,
    "validation_min_precision": 0.15349493289218522,
    "validation_avg_recall": 0.755576714980751,
    "validation_min_recall": 0.014863127049554396
}