{
    "train_loss": 0.26376298174523477,
    "train_accuracy": 0.9121672720239877,
    "train_avg_precision": 0.7605708415779713,
    "train_min_precision": 0.05643274853801169,
    "train_avg_recall": 0.7639012763939111,
    "train_min_recall": 0.0643342166806477,
    "validation_loss": 0.8639352083206172,
    "validation_accuracy": 0.72578125,
    "validation_avg_precision": 0.6877010180040474,
    "validation_min_precision": 0.0,
    "validation_avg_recall": 0.7211395606840385,
    "validation_min_recall": 0.0
}