{
    "train_loss": 0.28277418906228574,
    "train_accuracy": 0.8967076905986721,
    "train_avg_precision": 0.742484673148407,
    "train_min_precision": 0.019298245614035085,
    "train_avg_recall": 0.7292052050218067,
    "train_min_recall": 0.016025641025641024,
    "validation_loss": 0.8800591275095939,
    "validation_accuracy": 0.71357421875,
    "validation_avg_precision": 0.6976232231736068,
    "validation_min_precision": 0.011016949152542373,
    "validation_avg_recall": 0.7091319367915357,
    "validation_min_recall": 0.0009615384615384616
}