{
    "train_loss": 0.3752825171278235,
    "train_accuracy": 0.8677428354296765,
    "train_avg_precision": 0.646375670329704,
    "train_min_precision": 0.008771929824561403,
    "train_avg_recall": 0.6261234624288566,
    "train_min_recall": 0.005847953216374269,
    "validation_loss": 1.2095415830612182,
    "validation_accuracy": 0.5834960937500001,
    "validation_avg_precision": 0.5348584753048395,
    "validation_min_precision": 0.0,
    "validation_avg_recall": 0.5821742445160252,
    "validation_min_recall": 0.0
}