{
    "train_loss": 0.20975480372445626,
    "train_accuracy": 0.9312353489691757,
    "train_avg_precision": 0.7972505489957569,
    "train_min_precision": 0.07553606237816764,
    "train_avg_recall": 0.7875198016390541,
    "train_min_recall": 0.07309941520467836,
    "validation_loss": 0.7573798194527628,
    "validation_accuracy": 0.7553710937500002,
    "validation_avg_precision": 0.7386334803175577,
    "validation_min_precision": 0.20732982903416364,
    "validation_avg_recall": 0.754425872524908,
    "validation_min_recall": 0.020472413328383718
}