{
    "train_loss": 0.6479789206856176,
    "train_accuracy": 0.7955469217216756,
    "train_avg_precision": 0.4730398303442152,
    "train_min_precision": 0.0,
    "train_avg_recall": 0.44675239669220496,
    "train_min_recall": 0.0,
    "validation_loss": 1.8664537653326987,
    "validation_accuracy": 0.43789062500000003,
    "validation_avg_precision": 0.3329255231043341,
    "validation_min_precision": 0.0,
    "validation_avg_recall": 0.43740049822731936,
    "validation_min_recall": 0.0
}