{
    "train_loss": 0.30983008313597293,
    "train_accuracy": 0.8910314576667652,
    "train_avg_precision": 0.7133609552837838,
    "train_min_precision": 0.012531328320802006,
    "train_avg_recall": 0.668665135842856,
    "train_min_recall": 0.0035087719298245615,
    "validation_loss": 1.0445584297180177,
    "validation_accuracy": 0.64755859375,
    "validation_avg_precision": 0.635850003686879,
    "validation_min_precision": 0.01705685618729097,
    "validation_avg_recall": 0.6479447868689713,
    "validation_min_recall": 0.0016372141372141373
}