{
    "train_loss": 0.3612095216910044,
    "train_accuracy": 0.8735159562345134,
    "train_avg_precision": 0.6555612740356377,
    "train_min_precision": 0.012280701754385965,
    "train_avg_recall": 0.638577313291803,
    "train_min_recall": 0.005847953216374269,
    "validation_loss": 1.1360002592206,
    "validation_accuracy": 0.60302734375,
    "validation_avg_precision": 0.5593749716926864,
    "validation_min_precision": 0.0,
    "validation_avg_recall": 0.6002617663830601,
    "validation_min_recall": 0.0
}