{
    "train_loss": 0.20860178716350022,
    "train_accuracy": 0.9309895833333339,
    "train_avg_precision": 0.7927141955952386,
    "train_min_precision": 0.08698830409356725,
    "train_avg_recall": 0.7836123764101741,
    "train_min_recall": 0.0675438596491228,
    "validation_loss": 0.7495329648256303,
    "validation_accuracy": 0.7581054687499998,
    "validation_avg_precision": 0.7420051522371605,
    "validation_min_precision": 0.19994839222052277,
    "validation_avg_recall": 0.7603289426116278,
    "validation_min_recall": 0.018141279880827844
}