{
    "train_loss": 0.33131518620148054,
    "train_accuracy": 0.8852866950787994,
    "train_avg_precision": 0.6810155552606154,
    "train_min_precision": 0.0043859649122807015,
    "train_avg_recall": 0.6832911855663827,
    "train_min_recall": 0.013157894736842105,
    "validation_loss": 1.011604729294777,
    "validation_accuracy": 0.66201171875,
    "validation_avg_precision": 0.6616872004859189,
    "validation_min_precision": 0.0,
    "validation_avg_recall": 0.662300759898801,
    "validation_min_recall": 0.0
}