{
    "train_loss": 0.2102350080222415,
    "train_accuracy": 0.9302877344583218,
    "train_avg_precision": 0.7895701377879178,
    "train_min_precision": 0.09993252361673413,
    "train_avg_recall": 0.7830766292441789,
    "train_min_recall": 0.08163464216095795,
    "validation_loss": 0.7423464015126227,
    "validation_accuracy": 0.76064453125,
    "validation_avg_precision": 0.732328084996995,
    "validation_min_precision": 0.13681617955464043,
    "validation_avg_recall": 0.7572584449098354,
    "validation_min_recall": 0.011721918494721609
}