{
    "train_loss": 0.24105271017342286,
    "train_accuracy": 0.9194315264099526,
    "train_avg_precision": 0.767506491904537,
    "train_min_precision": 0.06954887218045112,
    "train_avg_recall": 0.7627174698963203,
    "train_min_recall": 0.06812865497076023,
    "validation_loss": 0.7936488337814804,
    "validation_accuracy": 0.7431640624999999,
    "validation_avg_precision": 0.7141421858797397,
    "validation_min_precision": 0.05242587696855989,
    "validation_avg_recall": 0.742049670139483,
    "validation_min_recall": 0.0063029712223260604
}