{
    "train_loss": 1.3994716092159871,
    "train_accuracy": 0.5570388122608786,
    "train_avg_precision": 0.12754566002051296,
    "train_min_precision": 0.0,
    "train_avg_recall": 0.2019285061516494,
    "train_min_recall": 0.0,
    "validation_loss": 2.6982779085636137,
    "validation_accuracy": 0.19140625,
    "validation_avg_precision": 0.05034845451963492,
    "validation_min_precision": 0.0,
    "validation_avg_recall": 0.1923681206407872,
    "validation_min_recall": 0.0
}