{
    "train_loss": 0.2512858528317067,
    "train_accuracy": 0.9145894772128059,
    "train_avg_precision": 0.7612777749380186,
    "train_min_precision": 0.05962059620596206,
    "train_avg_recall": 0.7264825376901044,
    "train_min_recall": 0.04076858813700919,
    "validation_loss": 0.829548181593418,
    "validation_accuracy": 0.7180664062499998,
    "validation_avg_precision": 0.7006145918389592,
    "validation_min_precision": 0.13658812895385045,
    "validation_avg_recall": 0.7198178607771448,
    "validation_min_recall": 0.023764193752583845
}