{
    "train_loss": 0.4273604776775627,
    "train_accuracy": 0.8542588290415308,
    "train_avg_precision": 0.628641960898682,
    "train_min_precision": 0.0043859649122807015,
    "train_avg_recall": 0.6045614910544475,
    "train_min_recall": 0.008223684210526315,
    "validation_loss": 1.3421633154153827,
    "validation_accuracy": 0.564453125,
    "validation_avg_precision": 0.5167459761494477,
    "validation_min_precision": 0.0,
    "validation_avg_recall": 0.5615695733667873,
    "validation_min_recall": 0.0
}