{
    "train_loss": 0.5113216565366377,
    "train_accuracy": 0.8042266902170682,
    "train_avg_precision": 0.5897675994585828,
    "train_min_precision": 0.0,
    "train_avg_recall": 0.5524124472498542,
    "train_min_recall": 0.0,
    "validation_loss": 1.4808414965867993,
    "validation_accuracy": 0.5266601562500002,
    "validation_avg_precision": 0.4938456380812443,
    "validation_min_precision": 0.0,
    "validation_avg_recall": 0.526665993771969,
    "validation_min_recall": 0.0
}