{
    "train_accuracy": 0.84375,
    "train_loss": 0.49385184049606323,
    "validation_accuracy": 0.65625,
    "validation_loss": 1.0183558464050293
}