{
    "train_accuracy": 0.59375,
    "train_loss": 1.0822335481643677,
    "validation_accuracy": 0.59375,
    "validation_loss": 1.1301798820495605
}