{
    "train_accuracy": 0.5625,
    "train_loss": 1.2603541612625122,
    "validation_accuracy": 0.5,
    "validation_loss": 1.215847134590149
}