{
    "train_accuracy": 0.96875,
    "train_loss": 0.35656580328941345,
    "validation_accuracy": 0.6875,
    "validation_loss": 1.1425150632858276
}