{
    "train_accuracy": 0.875,
    "train_loss": 0.4029754400253296,
    "validation_accuracy": 0.625,
    "validation_loss": 0.8070590496063232
}