{
    "train_accuracy": 0.34375,
    "train_loss": 1.581343412399292,
    "validation_accuracy": 0.53125,
    "validation_loss": 1.6840757131576538
}