{
    "train_accuracy": 0.53125,
    "train_loss": 1.0393269062042236,
    "validation_accuracy": 0.6875,
    "validation_loss": 1.163030743598938
}