{
    "train_accuracy": 0.9375,
    "train_loss": 0.3465976119041443,
    "validation_accuracy": 0.625,
    "validation_loss": 0.9975257515907288
}