{
    "train_accuracy": 0.65625,
    "train_loss": 0.9996580481529236,
    "validation_accuracy": 0.375,
    "validation_loss": 1.4452415704727173
}