{
    "train_accuracy": 0.9375,
    "train_loss": 0.4868784248828888,
    "validation_accuracy": 0.625,
    "validation_loss": 1.0465548038482666
}