{
    "train_accuracy": 0.71875,
    "train_loss": 0.7259056568145752,
    "validation_accuracy": 0.53125,
    "validation_loss": 1.366843819618225
}