{
    "train_accuracy": 0.78125,
    "train_loss": 0.6184131503105164,
    "validation_accuracy": 0.8125,
    "validation_loss": 0.6168721914291382
}