{
    "train_accuracy": 0.84375,
    "train_loss": 0.492160826921463,
    "validation_accuracy": 0.65625,
    "validation_loss": 1.0124529600143433
}