{
    "train_accuracy": 0.8125,
    "train_loss": 0.4877178370952606,
    "validation_accuracy": 0.84375,
    "validation_loss": 0.48186978697776794
}