{
    "train_accuracy": 0.75,
    "train_loss": 0.8349280953407288,
    "validation_accuracy": 0.5625,
    "validation_loss": 1.0630919933319092
}