{
    "train_accuracy": 0.875,
    "train_loss": 0.30227774381637573,
    "validation_accuracy": 0.75,
    "validation_loss": 0.8958412408828735
}