{
    "train_accuracy": 0.53125,
    "train_loss": 1.2838515043258667,
    "validation_accuracy": 0.53125,
    "validation_loss": 0.8803864121437073
}