{
    "train_accuracy": 0.96875,
    "train_loss": 0.2769578993320465,
    "validation_accuracy": 0.65625,
    "validation_loss": 0.9391260743141174
}