{
    "train_accuracy": 0.625,
    "train_loss": 1.2531882524490356,
    "validation_accuracy": 0.5,
    "validation_loss": 1.4002197980880737
}