{
    "train_accuracy": 0.875,
    "train_loss": 0.4669557213783264,
    "validation_accuracy": 0.6875,
    "validation_loss": 0.9884776473045349
}