{
    "train_accuracy": 1.0,
    "train_loss": 0.21827121078968048,
    "validation_accuracy": 0.5625,
    "validation_loss": 1.2891570329666138
}