{
    "train_accuracy": 0.34375,
    "train_loss": 1.4922560453414917,
    "validation_accuracy": 0.40625,
    "validation_loss": 1.5453449487686157
}