{
    "train_accuracy": 0.90625,
    "train_loss": 0.3056318163871765,
    "validation_accuracy": 0.625,
    "validation_loss": 1.1943296194076538
}