{
    "train_accuracy": 0.8125,
    "train_loss": 0.5119616389274597,
    "validation_accuracy": 0.75,
    "validation_loss": 0.7550788521766663
}