{
    "train_accuracy": 0.78125,
    "train_loss": 0.6253828406333923,
    "validation_accuracy": 0.65625,
    "validation_loss": 0.6109336614608765
}