{
    "train_accuracy": 0.9375,
    "train_loss": 0.2843201756477356,
    "validation_accuracy": 0.6875,
    "validation_loss": 1.2320572137832642
}