{
    "train_accuracy": 0.8125,
    "train_loss": 0.8133095502853394,
    "validation_accuracy": 0.46875,
    "validation_loss": 1.257117509841919
}