{
    "train_accuracy": 0.625,
    "train_loss": 1.0401769876480103,
    "validation_accuracy": 0.46875,
    "validation_loss": 1.2757174968719482
}