{
    "train_accuracy": 0.71875,
    "train_loss": 0.7871623039245605,
    "validation_accuracy": 0.625,
    "validation_loss": 1.0598913431167603
}