{
    "train_accuracy": 0.8125,
    "train_loss": 0.9203391075134277,
    "validation_accuracy": 0.6875,
    "validation_loss": 0.9587450623512268
}