{
    "train_accuracy": 0.875,
    "train_loss": 0.5044716000556946,
    "validation_accuracy": 0.78125,
    "validation_loss": 0.6700013279914856
}