{
    "train_accuracy": 0.90625,
    "train_loss": 0.3134412169456482,
    "validation_accuracy": 0.46875,
    "validation_loss": 1.3297151327133179
}