{
    "train_accuracy": 0.9375,
    "train_loss": 0.2433631867170334,
    "validation_accuracy": 0.78125,
    "validation_loss": 0.7176206111907959
}