{
    "train_accuracy": 0.90625,
    "train_loss": 0.4032965898513794,
    "validation_accuracy": 0.71875,
    "validation_loss": 1.0195711851119995
}