{
    "train_accuracy": 0.71875,
    "train_loss": 0.7529727816581726,
    "validation_accuracy": 0.65625,
    "validation_loss": 0.9753808379173279
}