{
    "train_loss": 0.5465139504522087,
    "train_accuracy": 0.8208984375000014,
    "train_avg_precision": 0.7907948234781315,
    "train_min_precision": 0.3421584465371222,
    "train_avg_recall": 0.8067239608784876,
    "train_min_recall": 0.36516034312909235,
    "validation_loss": 1.2664368179193723,
    "validation_accuracy": 0.595043789808917,
    "validation_avg_precision": 0.602824665888794,
    "validation_min_precision": 0.18549704011487445,
    "validation_avg_recall": 0.5953734767827126,
    "validation_min_recall": 0.14029915590425143,
    "train_variance": 125.18486785888672,
    "validation_variance": 355.84344482421875
}