{
    "train_accuracy": 1.0,
    "train_avg_precision": 1.0,
    "train_min_precision": 1.0,
    "train_avg_recall": 1.0,
    "train_min_recall": 1.0,
    "train_loss": 0.09306319802999496,
    "validation_accuracy": 0.6875,
    "validation_avg_precision": 0.5925925925925926,
    "validation_min_precision": 0.0,
    "validation_avg_recall": 0.5740740740740741,
    "validation_min_recall": 0.0,
    "validation_loss": 1.0285935401916504,
    "train_variance": 34.827518463134766,
    "validation_variance": 853.8222045898438
}