{
    "train_loss": 0.09653259459417313,
    "train_accuracy": 0.9858593749999961,
    "train_avg_precision": 0.9836581783040792,
    "train_min_precision": 0.8602033244533208,
    "train_avg_recall": 0.9885148565792392,
    "train_min_recall": 0.9012122893983352,
    "validation_loss": 1.4084568395736108,
    "validation_accuracy": 0.6243033439490444,
    "validation_avg_precision": 0.6373604600872843,
    "validation_min_precision": 0.22093308319422966,
    "validation_avg_recall": 0.6176408817650857,
    "validation_min_recall": 0.16709564321029285,
    "train_variance": 34.29649353027344,
    "validation_variance": 898.902099609375
}