{
    "train_loss": 1.397189943045378,
    "train_accuracy": 0.5137499999999998,
    "train_avg_precision": 0.5394925062482859,
    "train_min_precision": 0.04424439841419332,
    "train_avg_recall": 0.5149344247652176,
    "train_min_recall": 0.060714983545865915,
    "validation_loss": 1.5491800604352526,
    "validation_accuracy": 0.47004378980891737,
    "validation_avg_precision": 0.5109870079582518,
    "validation_min_precision": 0.09923743798199045,
    "validation_avg_recall": 0.4653464040088245,
    "validation_min_recall": 0.08176041934003715,
    "train_variance": 139.9033966064453,
    "validation_variance": 191.80003356933594
}