{
    "train_accuracy": 0.890625,
    "train_avg_precision": 0.8484126984126984,
    "train_min_precision": 0.0,
    "train_avg_recall": 0.8173076923076923,
    "train_min_recall": 0.0,
    "train_loss": 0.3156086206436157,
    "validation_accuracy": 0.5625,
    "validation_avg_precision": 0.4629629629629629,
    "validation_min_precision": 0.0,
    "validation_avg_recall": 0.40740740740740733,
    "validation_min_recall": 0.0,
    "validation_loss": 1.7995789051055908,
    "train_variance": 121.35589599609375,
    "validation_variance": 512.6031494140625
}