{
    "train_accuracy": 1.0,
    "train_avg_precision": 1.0,
    "train_min_precision": 1.0,
    "train_avg_recall": 1.0,
    "train_min_recall": 1.0,
    "train_loss": 0.054049503058195114,
    "validation_accuracy": 0.75,
    "validation_avg_precision": 0.6041666666666667,
    "validation_min_precision": 0.0,
    "validation_avg_recall": 0.5208333333333333,
    "validation_min_recall": 0.0,
    "validation_loss": 1.2517536878585815,
    "train_variance": 33.18413543701172,
    "validation_variance": 889.3381958007812
}