{
    "train_loss": 0.1817172324284912,
    "train_accuracy": 0.9545312500000014,
    "train_avg_precision": 0.9448681933357972,
    "train_min_precision": 0.7023090561936326,
    "train_avg_recall": 0.9567651311183548,
    "train_min_recall": 0.766472281191031,
    "validation_loss": 1.2696653035036312,
    "validation_accuracy": 0.6292794585987258,
    "validation_avg_precision": 0.6352362107696499,
    "validation_min_precision": 0.25008238192014876,
    "validation_avg_recall": 0.6270448229524662,
    "validation_min_recall": 0.19413975974485523,
    "train_variance": 63.224483489990234,
    "validation_variance": 834.8798828125
}