{
    "train_accuracy": 0.984375,
    "train_avg_precision": 0.9916666666666667,
    "train_min_precision": 0.9166666666666666,
    "train_avg_recall": 0.9952380952380953,
    "train_min_recall": 0.9523809523809523,
    "train_loss": 0.07789140194654465,
    "validation_accuracy": 0.6875,
    "validation_avg_precision": 0.6,
    "validation_min_precision": 0.0,
    "validation_avg_recall": 0.5,
    "validation_min_recall": 0.0,
    "validation_loss": 1.3308566808700562,
    "train_variance": 23.88045310974121,
    "validation_variance": 930.0333862304688
}