{
    "train_loss": 0.08588618448004126,
    "train_accuracy": 0.9883203124999954,
    "train_avg_precision": 0.9870009091262725,
    "train_min_precision": 0.8869533789331538,
    "train_avg_recall": 0.9903212939826566,
    "train_min_recall": 0.9134879499585343,
    "validation_loss": 1.3731952658884088,
    "validation_accuracy": 0.6269904458598727,
    "validation_avg_precision": 0.6439752145164598,
    "validation_min_precision": 0.2508078616358871,
    "validation_avg_recall": 0.6274187597807549,
    "validation_min_recall": 0.18228830617365646,
    "train_variance": 24.59030532836914,
    "validation_variance": 918.7264404296875
}