{
    "train_loss": 1.0676276391744612,
    "train_accuracy": 0.6288281250000002,
    "train_avg_precision": 0.5971491333293854,
    "train_min_precision": 0.08131746031746037,
    "train_avg_recall": 0.5986279746840086,
    "train_min_recall": 0.10046087082851789,
    "validation_loss": 1.402138470464452,
    "validation_accuracy": 0.5117436305732483,
    "validation_avg_precision": 0.5214304746410946,
    "validation_min_precision": 0.09964900633690443,
    "validation_avg_recall": 0.5098260998260999,
    "validation_min_recall": 0.07186850658188237,
    "train_variance": 121.6611328125,
    "validation_variance": 168.5050811767578
}