{
    "train_loss": 0.426893591657281,
    "train_accuracy": 0.865507812500001,
    "train_avg_precision": 0.8746600944217368,
    "train_min_precision": 0.4954909756458698,
    "train_avg_recall": 0.8731024255422999,
    "train_min_recall": 0.5478669663669655,
    "validation_loss": 1.5225839235220742,
    "validation_accuracy": 0.5786226114649681,
    "validation_avg_precision": 0.6196777181860357,
    "validation_min_precision": 0.17754296846998624,
    "validation_avg_recall": 0.5770015299633136,
    "validation_min_recall": 0.14901646478079594,
    "train_variance": 198.17637634277344,
    "validation_variance": 719.8673706054688
}