{
    "train_loss": 1.3130524811148654,
    "train_accuracy": 0.5409765624999997,
    "train_avg_precision": 0.5427525178593193,
    "train_min_precision": 0.05250176906426908,
    "train_avg_recall": 0.5338495228808948,
    "train_min_recall": 0.07422520881895883,
    "validation_loss": 1.4832985940252894,
    "validation_accuracy": 0.49462579617834396,
    "validation_avg_precision": 0.5064278085285362,
    "validation_min_precision": 0.09405124245888576,
    "validation_avg_recall": 0.4886265297571028,
    "validation_min_recall": 0.08219019126662437,
    "train_variance": 141.6151123046875,
    "validation_variance": 210.31735229492188
}