{
    "train_accuracy": 0.9375,
    "train_avg_precision": 0.9527777777777778,
    "train_min_precision": 0.75,
    "train_avg_recall": 0.9221153846153847,
    "train_min_recall": 0.5,
    "train_loss": 0.31403225660324097,
    "validation_accuracy": 0.6875,
    "validation_avg_precision": 0.6851851851851851,
    "validation_min_precision": 0.0,
    "validation_avg_recall": 0.5925925925925926,
    "validation_min_recall": 0.0,
    "validation_loss": 1.0873709917068481,
    "train_variance": 161.2769012451172,
    "validation_variance": 674.3076171875
}