{
    "train_accuracy": 0.859375,
    "train_avg_precision": 0.685607448107448,
    "train_min_precision": 0.0,
    "train_avg_recall": 0.7233516483516483,
    "train_min_recall": 0.0,
    "train_loss": 0.44939038157463074,
    "validation_accuracy": 0.5625,
    "validation_avg_precision": 0.5407407407407406,
    "validation_min_precision": 0.0,
    "validation_avg_recall": 0.537037037037037,
    "validation_min_recall": 0.0,
    "validation_loss": 1.5184104442596436,
    "train_variance": 128.37405395507812,
    "validation_variance": 352.11138916015625
}