{
    "train_loss": 0.14574456457048637,
    "train_accuracy": 0.9694140625,
    "train_avg_precision": 0.9655856810878507,
    "train_min_precision": 0.7745227275304654,
    "train_avg_recall": 0.9712723147730263,
    "train_min_recall": 0.8174918394513976,
    "validation_loss": 1.3353293564668876,
    "validation_accuracy": 0.6258957006369426,
    "validation_avg_precision": 0.6394125601079964,
    "validation_min_precision": 0.23651456469927798,
    "validation_avg_recall": 0.6232349774547229,
    "validation_min_recall": 0.19252212755397463,
    "train_variance": 48.73729705810547,
    "validation_variance": 774.0659790039062
}