{
    "train_loss": 0.699206457510591,
    "train_accuracy": 0.7680859374999998,
    "train_avg_precision": 0.7304779419836387,
    "train_min_precision": 0.21754494810744787,
    "train_avg_recall": 0.7436315006946702,
    "train_min_recall": 0.266075969169719,
    "validation_loss": 1.2855093968901667,
    "validation_accuracy": 0.5738455414012738,
    "validation_avg_precision": 0.5939722821219194,
    "validation_min_precision": 0.18744098258429467,
    "validation_avg_recall": 0.5721201569131508,
    "validation_min_recall": 0.16761188210232789,
    "train_variance": 142.01246643066406,
    "validation_variance": 304.3285827636719
}