{
    "train_loss": 1.0302700524032116,
    "train_accuracy": 0.6440234374999994,
    "train_avg_precision": 0.5986573002151094,
    "train_min_precision": 0.09801767676767675,
    "train_avg_recall": 0.6141341059296167,
    "train_min_recall": 0.13237240659667132,
    "validation_loss": 1.3745115691689163,
    "validation_accuracy": 0.516421178343949,
    "validation_avg_precision": 0.5159217533018584,
    "validation_min_precision": 0.10165399002978619,
    "validation_avg_recall": 0.5148600149555566,
    "validation_min_recall": 0.08733159975198188,
    "train_variance": 124.91299438476562,
    "validation_variance": 191.24754333496094
}