{
    "train_loss": 0.4212938597425817,
    "train_accuracy": 0.8630078125000019,
    "train_avg_precision": 0.8437934090787798,
    "train_min_precision": 0.4106520909645901,
    "train_avg_recall": 0.8557181512398133,
    "train_min_recall": 0.43683714202464125,
    "validation_loss": 1.2968455822604474,
    "validation_accuracy": 0.6056926751592359,
    "validation_avg_precision": 0.6182874905521618,
    "validation_min_precision": 0.2170415925192995,
    "validation_avg_recall": 0.6027926917974687,
    "validation_min_recall": 0.1809877666565564,
    "train_variance": 135.59249877929688,
    "validation_variance": 590.736328125
}