{
    "train_loss": 0.07841637314762911,
    "train_accuracy": 0.9913671874999941,
    "train_avg_precision": 0.989710749864506,
    "train_min_precision": 0.9010380777847834,
    "train_avg_recall": 0.9930046251270764,
    "train_min_recall": 0.9261766027122988,
    "validation_loss": 1.3740134508746438,
    "validation_accuracy": 0.630772292993631,
    "validation_avg_precision": 0.6443010911870966,
    "validation_min_precision": 0.2352227598387208,
    "validation_avg_recall": 0.6308261442497111,
    "validation_min_recall": 0.18456769698807912,
    "train_variance": 21.375688552856445,
    "validation_variance": 905.2800903320312
}