{
    "train_loss": 0.07270476338919253,
    "train_accuracy": 0.9921874999999937,
    "train_avg_precision": 0.9904456859056372,
    "train_min_precision": 0.9058147259194997,
    "train_avg_recall": 0.9937348591854759,
    "train_min_recall": 0.9331879101935164,
    "validation_loss": 1.4032187241657528,
    "validation_accuracy": 0.6290804140127387,
    "validation_avg_precision": 0.6402666573882384,
    "validation_min_precision": 0.23556022887233077,
    "validation_avg_recall": 0.6278856122645933,
    "validation_min_recall": 0.18148321954054433,
    "train_variance": 19.303565979003906,
    "validation_variance": 945.1918334960938
}