{
    "train_loss": 0.11835893752984704,
    "train_accuracy": 0.9748828124999988,
    "train_avg_precision": 0.9719321630190769,
    "train_min_precision": 0.8178012317060277,
    "train_avg_recall": 0.9778123361199828,
    "train_min_recall": 0.8546581841898202,
    "validation_loss": 1.3644146121990912,
    "validation_accuracy": 0.6217157643312101,
    "validation_avg_precision": 0.6340517752013045,
    "validation_min_precision": 0.2199568862925925,
    "validation_avg_recall": 0.6161563153760604,
    "validation_min_recall": 0.167225661811649,
    "train_variance": 47.96397399902344,
    "validation_variance": 1007.2581787109375
}