{
    "train_accuracy": 0.671875,
    "train_avg_precision": 0.6418650793650794,
    "train_min_precision": 0.0,
    "train_avg_recall": 0.6221356421356422,
    "train_min_recall": 0.0,
    "train_loss": 0.9544236660003662,
    "validation_accuracy": 0.6875,
    "validation_avg_precision": 0.6666666666666666,
    "validation_min_precision": 0.0,
    "validation_avg_recall": 0.6979166666666666,
    "validation_min_recall": 0.0,
    "validation_loss": 0.8765426278114319,
    "train_variance": 112.86060333251953,
    "validation_variance": 224.1205291748047
}