{
    "train_loss": 0.33655521690845525,
    "train_accuracy": 0.8971875000000019,
    "train_avg_precision": 0.8828257171675838,
    "train_min_precision": 0.5408582563270052,
    "train_avg_recall": 0.89657478986585,
    "train_min_recall": 0.5899000497051964,
    "validation_loss": 1.318434250582555,
    "validation_accuracy": 0.6103702229299363,
    "validation_avg_precision": 0.6234618663533984,
    "validation_min_precision": 0.23991024898668206,
    "validation_avg_recall": 0.6088826981581756,
    "validation_min_recall": 0.19037545964297553,
    "train_variance": 120.63721466064453,
    "validation_variance": 694.6793212890625
}