{
    "train_loss": 0.4390176081657409,
    "train_accuracy": 0.8607421875000014,
    "train_avg_precision": 0.83223648453149,
    "train_min_precision": 0.38470368520368436,
    "train_avg_recall": 0.8520524318792793,
    "train_min_recall": 0.4477430355592111,
    "validation_loss": 1.2449991964990166,
    "validation_accuracy": 0.6043988853503183,
    "validation_avg_precision": 0.6128082939707142,
    "validation_min_precision": 0.21232502458617108,
    "validation_avg_recall": 0.6066640681730605,
    "validation_min_recall": 0.18567513519742812,
    "train_variance": 101.31987762451172,
    "validation_variance": 409.62744140625
}