{
    "train_loss": 0.6367979129031305,
    "train_accuracy": 0.791015625000001,
    "train_avg_precision": 0.7603444300632579,
    "train_min_precision": 0.21929185397935402,
    "train_avg_recall": 0.7934744655677092,
    "train_min_recall": 0.34414355966745647,
    "validation_loss": 1.2403134031660246,
    "validation_accuracy": 0.6023089171974523,
    "validation_avg_precision": 0.6121723816024117,
    "validation_min_precision": 0.23507136882933052,
    "validation_avg_recall": 0.6023218668638303,
    "validation_min_recall": 0.2148964269983378,
    "train_variance": 129.51397705078125,
    "validation_variance": 440.98291015625
}