{
    "train_loss": 0.962474156320095,
    "train_accuracy": 0.6678515624999988,
    "train_avg_precision": 0.6573800722117865,
    "train_min_precision": 0.13398335692085692,
    "train_avg_recall": 0.6697413710829309,
    "train_min_recall": 0.19499441183816185,
    "validation_loss": 1.2893163079668764,
    "validation_accuracy": 0.5538415605095542,
    "validation_avg_precision": 0.5848594733500126,
    "validation_min_precision": 0.16389963539645064,
    "validation_avg_recall": 0.5494276695232109,
    "validation_min_recall": 0.16964917601860272,
    "train_variance": 123.24850463867188,
    "validation_variance": 237.60643005371094
}