{
    "train_accuracy": 0.40625,
    "train_avg_precision": 0.48278822055137843,
    "train_min_precision": 0.0,
    "train_avg_recall": 0.44869047619047625,
    "train_min_recall": 0.0,
    "train_loss": 1.7091147899627686,
    "validation_accuracy": 0.4375,
    "validation_avg_precision": 0.34444444444444444,
    "validation_min_precision": 0.0,
    "validation_avg_recall": 0.3981481481481482,
    "validation_min_recall": 0.0,
    "validation_loss": 1.5303705930709839,
    "train_variance": 124.66077423095703,
    "validation_variance": 174.10813903808594
}