{
    "train_loss": 0.22550671799108377,
    "train_accuracy": 0.9393750000000018,
    "train_avg_precision": 0.9366388402039134,
    "train_min_precision": 0.6721658949710415,
    "train_avg_recall": 0.9411521524512585,
    "train_min_recall": 0.6983973922319504,
    "validation_loss": 1.3726924422440256,
    "validation_accuracy": 0.606389331210191,
    "validation_avg_precision": 0.6278232234511691,
    "validation_min_precision": 0.19259525859844326,
    "validation_avg_recall": 0.6037344988698489,
    "validation_min_recall": 0.1534376805077442,
    "train_variance": 76.72219848632812,
    "validation_variance": 642.4991455078125
}