{
    "train_loss": 0.08929464985150838,
    "train_accuracy": 0.9845312499999958,
    "train_avg_precision": 0.9824038025234983,
    "train_min_precision": 0.8693132551680316,
    "train_avg_recall": 0.9873359924465661,
    "train_min_recall": 0.905891193386933,
    "validation_loss": 1.3904346387097792,
    "validation_accuracy": 0.6217157643312103,
    "validation_avg_precision": 0.6345988786514266,
    "validation_min_precision": 0.22570817363810985,
    "validation_avg_recall": 0.6199098353875424,
    "validation_min_recall": 0.16551132872788915,
    "train_variance": 30.497093200683594,
    "validation_variance": 1095.887451171875
}