{
    "train_loss": 0.13858958975411953,
    "train_accuracy": 0.9693359375000005,
    "train_avg_precision": 0.967104013567327,
    "train_min_precision": 0.798920955474263,
    "train_avg_recall": 0.9711393207943055,
    "train_min_recall": 0.8194863355598633,
    "validation_loss": 1.376730410536384,
    "validation_accuracy": 0.614450636942675,
    "validation_avg_precision": 0.6360826016225977,
    "validation_min_precision": 0.23133658627289197,
    "validation_avg_recall": 0.616144497752778,
    "validation_min_recall": 0.16944044985446255,
    "train_variance": 60.27964401245117,
    "validation_variance": 983.01123046875
}