{
    "train_accuracy": 0.984375,
    "train_avg_precision": 0.9930555555555556,
    "train_min_precision": 0.9375,
    "train_avg_recall": 0.9907407407407407,
    "train_min_recall": 0.9166666666666666,
    "train_loss": 0.10367852449417114,
    "validation_accuracy": 0.4375,
    "validation_avg_precision": 0.33333333333333337,
    "validation_min_precision": 0.0,
    "validation_avg_recall": 0.32407407407407407,
    "validation_min_recall": 0.0,
    "validation_loss": 1.9631118774414062,
    "train_variance": 19.081567764282227,
    "validation_variance": 938.5575561523438
}