{
    "train_loss": 0.3343629654124376,
    "train_accuracy": 0.9023828125000004,
    "train_avg_precision": 0.8840787518653829,
    "train_min_precision": 0.5159071810542385,
    "train_avg_recall": 0.8967881466718223,
    "train_min_recall": 0.5707904838217329,
    "validation_loss": 1.2679765118155508,
    "validation_accuracy": 0.6185310509554136,
    "validation_avg_precision": 0.6272385170836438,
    "validation_min_precision": 0.23707020156064734,
    "validation_avg_recall": 0.6172333113336296,
    "validation_min_recall": 0.20435846884891462,
    "train_variance": 100.26770782470703,
    "validation_variance": 509.9146728515625
}