{
    "train_loss": 3.2343870395300343,
    "train_zero_shot_top_1": 0.0,
    "train_zero_shot_top_2": 0.0,
    "validation_loss": 8.906494574113328,
    "validation_zero_shot_top_1": 0.13772106732857586,
    "validation_zero_shot_top_2": 0.3553299769236736,
    "train_variance": 7.2424750328063965,
    "validation_variance": 622.7071533203125
}