{
    "train_loss": 2.9836571489761305,
    "train_zero_shot_top_1": 0.0,
    "train_zero_shot_top_2": 0.0,
    "validation_loss": 11.690931927074084,
    "validation_zero_shot_top_1": 0.14961555615885822,
    "validation_zero_shot_top_2": 0.32927760432826564,
    "train_variance": 5.7535786628723145,
    "validation_variance": 867.0764770507812
}