{
    "train_accuracy": 0.375,
    "train_loss": 1.779489517211914,
    "validation_accuracy": 0.375,
    "validation_loss": 2.0965003967285156
}