{
    "train_accuracy": 0.25,
    "train_loss": 1.9359041452407837,
    "validation_accuracy": 0.75,
    "validation_loss": 1.0169775485992432
}