{
    "train_accuracy": 0.25,
    "train_loss": 1.6201010942459106,
    "validation_accuracy": 0.375,
    "validation_loss": 1.8940389156341553
}