{
    "train_accuracy": 0.5,
    "train_loss": 11.720479011535645,
    "validation_accuracy": 0.0,
    "validation_loss": 3.1559250354766846
}