{
    "train_accuracy": 0.375,
    "train_loss": 2.043842315673828,
    "validation_accuracy": 0.25,
    "validation_loss": 1.808191180229187
}