{
    "train_accuracy": 0.375,
    "train_loss": 1.4872328042984009,
    "validation_accuracy": 0.375,
    "validation_loss": 1.6483080387115479
}