{
    "train_accuracy": 0.125,
    "train_loss": 2.528447389602661,
    "validation_accuracy": 0.125,
    "validation_loss": 2.024822473526001
}