{
    "train_accuracy": 0.375,
    "train_loss": 1.706765055656433,
    "validation_accuracy": 0.25,
    "validation_loss": 1.920662522315979
}