{
    "train_accuracy": 0.125,
    "train_loss": 5.5220627784729,
    "validation_accuracy": 0.0,
    "validation_loss": 3.1637492179870605
}