{
    "train_accuracy": 0.25,
    "train_loss": 1.7581539154052734,
    "validation_accuracy": 0.5,
    "validation_loss": 1.556560754776001
}