{
    "train_accuracy": 0.5,
    "train_loss": 1.7786533832550049,
    "validation_accuracy": 0.625,
    "validation_loss": 1.5463893413543701
}