{
    "train_accuracy": 0.375,
    "train_loss": 2.0510897636413574,
    "validation_accuracy": 0.125,
    "validation_loss": 1.8007760047912598
}