{
    "train_accuracy": 0.0,
    "train_loss": 2.150376081466675,
    "validation_accuracy": 0.375,
    "validation_loss": 1.8847273588180542
}