{
    "train_accuracy": 0.25,
    "train_loss": 1.7620537281036377,
    "validation_accuracy": 0.375,
    "validation_loss": 1.9628610610961914
}