{
    "train_accuracy": 0.25,
    "train_loss": 1.9459025859832764,
    "validation_accuracy": 0.375,
    "validation_loss": 1.4700552225112915
}