{
    "train_accuracy": 0.25,
    "train_loss": 1.4748765230178833,
    "validation_accuracy": 0.25,
    "validation_loss": 21.00859260559082
}