{
    "train_accuracy": 0.5,
    "train_loss": 1.714132308959961,
    "validation_accuracy": 0.125,
    "validation_loss": 1.9908703565597534
}