{
    "train_accuracy": 0.375,
    "train_loss": 2.1026625633239746,
    "validation_accuracy": 0.25,
    "validation_loss": 1.9019802808761597
}