{
    "train_accuracy": 0.5,
    "train_loss": 1.236891746520996,
    "validation_accuracy": 0.0,
    "validation_loss": 4.1664018630981445
}