{
    "train_accuracy": 0.0,
    "train_loss": 6.444605827331543,
    "validation_accuracy": 0.0,
    "validation_loss": 7.165276527404785
}