{
    "train_accuracy": 0.0,
    "train_loss": 3.4694061279296875,
    "validation_accuracy": 0.125,
    "validation_loss": 3.0983991622924805
}