{
    "train_accuracy": 0.375,
    "train_loss": 1.369055986404419,
    "validation_accuracy": 0.375,
    "validation_loss": 2.0174548625946045
}