{
    "train_accuracy": 0.0,
    "train_loss": 2.2212934494018555,
    "validation_accuracy": 0.125,
    "validation_loss": 2.274339199066162
}