{
    "train_accuracy": 0.125,
    "train_loss": 1.90484619140625,
    "validation_accuracy": 0.25,
    "validation_loss": 1.967714786529541
}