{
    "train_accuracy": 0.125,
    "train_loss": 1.6231462955474854,
    "validation_accuracy": 0.0,
    "validation_loss": 1.9938244819641113
}