{
    "train_accuracy": 0.5,
    "train_loss": 1.3136096000671387,
    "validation_accuracy": 0.375,
    "validation_loss": 1.778694748878479
}