{
    "train_accuracy": 0.25,
    "train_loss": 1.6549065113067627,
    "validation_accuracy": 0.5,
    "validation_loss": 1.4615089893341064
}