{
    "train_accuracy": 0.125,
    "train_loss": 2.75612735748291,
    "validation_accuracy": 0.125,
    "validation_loss": 1.779787302017212
}