{
    "train_accuracy": 0.5,
    "train_loss": 1.665747880935669,
    "validation_accuracy": 0.375,
    "validation_loss": 2.0964529514312744
}