{
    "train_accuracy": 0.375,
    "train_loss": 2.028759479522705,
    "validation_accuracy": 0.375,
    "validation_loss": 1.774056077003479
}