{
    "train_accuracy": 0.125,
    "train_loss": 2.109602928161621,
    "validation_accuracy": 0.375,
    "validation_loss": 1.7281103134155273
}