{
    "train_accuracy": 0.125,
    "train_loss": 1.6715198755264282,
    "validation_accuracy": 0.5,
    "validation_loss": 1.4756956100463867
}