{
    "train_accuracy": 0.125,
    "train_loss": 1.7207010984420776,
    "validation_accuracy": 0.125,
    "validation_loss": 1.7316702604293823
}