{
    "train_accuracy": 0.0,
    "train_loss": 5.459105014801025,
    "validation_accuracy": 0.0,
    "validation_loss": 9.181084632873535
}