{
    "train_accuracy": 0.25,
    "train_loss": 2.896152973175049,
    "validation_accuracy": 0.5,
    "validation_loss": 1.339835286140442
}