{
    "train_accuracy": 0.375,
    "train_loss": 1.6173551082611084,
    "validation_accuracy": 0.0,
    "validation_loss": 2.513378620147705
}