{
    "train_accuracy": 0.375,
    "train_loss": 1.8244125843048096,
    "validation_accuracy": 0.125,
    "validation_loss": 2.0542545318603516
}