{
    "train_loss": 9.81820780810188,
    "validation_loss": 9.702134990692139,
    "train_variance": 3.9641473293304443,
    "validation_variance": 3.790449619293213
}