{
    "train_loss": 9.476815930534809,
    "validation_loss": 9.38694677352905,
    "train_variance": 4.71910285949707,
    "validation_variance": 5.281742572784424
}