{
    "train_loss": 9.966394727370318,
    "validation_loss": 9.864417934417723,
    "train_variance": 5.697351932525635,
    "validation_variance": 7.9614081382751465
}