{
    "train_loss": 9.504617253471823,
    "validation_loss": 9.400263357162476,
    "train_variance": 4.360464572906494,
    "validation_variance": 4.954565525054932
}