{
    "train_loss": 11.095256334192609,
    "validation_loss": 10.939911270141602,
    "train_variance": 3.779014825820923,
    "validation_variance": 4.27030086517334
}