{
    "train_loss": 9.497803284140197,
    "validation_loss": 9.416883659362794,
    "train_variance": 4.53822135925293,
    "validation_variance": 5.443314552307129
}