{
    "train_loss": 9.628742868760051,
    "validation_loss": 9.520140552520752,
    "train_variance": 4.203124046325684,
    "validation_variance": 4.949179172515869
}