{
    "train_loss": 9.494188589208271,
    "validation_loss": 9.420315551757811,
    "train_variance": 4.606953144073486,
    "validation_variance": 4.718350410461426
}