{
    "train_loss": 9.982494937672334,
    "validation_loss": 9.868743801116944,
    "train_variance": 4.5308098793029785,
    "validation_variance": 4.647189617156982
}