{
    "train_loss": 10.106266941743735,
    "validation_loss": 9.978009796142578,
    "train_variance": 2.545973300933838,
    "validation_variance": 2.0928032398223877
}