{
    "train_loss": 10.217525392420152,
    "validation_loss": 10.086352729797364,
    "train_variance": 6.246487140655518,
    "validation_variance": 6.496571063995361
}