{
    "train_loss": 9.494558816797598,
    "validation_loss": 9.379995155334473,
    "train_variance": 4.7663254737854,
    "validation_variance": 4.906073093414307
}