{
    "train_loss": 9.476417440526626,
    "validation_loss": 9.399676513671876,
    "train_variance": 4.891106128692627,
    "validation_variance": 5.251003742218018
}