{
    "train_loss": 9.51206720015582,
    "validation_loss": 9.417155694961549,
    "train_variance": 4.189023017883301,
    "validation_variance": 4.060857772827148
}