{
    "train_accuracy": 1.0,
    "train_loss": 0.01456684060394764,
    "validation_accuracy": 0.9375,
    "validation_loss": 0.1433006227016449
}