{
    "train_accuracy": 1.0,
    "train_loss": 0.03409001603722572,
    "validation_accuracy": 1.0,
    "validation_loss": 0.03546595945954323
}