{
    "train_accuracy": 1.0,
    "train_loss": 0.0026207563932985067,
    "validation_accuracy": 0.875,
    "validation_loss": 0.7115147709846497
}