{
    "train_accuracy": 0.984375,
    "train_loss": 0.05104747414588928,
    "validation_accuracy": 0.8125,
    "validation_loss": 0.3946617841720581
}