{
    "train_accuracy": 0.9296875,
    "train_loss": 0.18385788798332214,
    "validation_accuracy": 0.875,
    "validation_loss": 0.2912783920764923
}