{
    "train_accuracy": 1.0,
    "train_loss": 0.004279234446585178,
    "validation_accuracy": 0.875,
    "validation_loss": 0.7300013899803162
}