{
    "train_accuracy": 1.0,
    "train_loss": 0.003431018441915512,
    "validation_accuracy": 1.0,
    "validation_loss": 0.03684890642762184
}