{
    "train_accuracy": 1.0,
    "train_loss": 0.008444405160844326,
    "validation_accuracy": 0.8125,
    "validation_loss": 0.5284545421600342
}