{
    "train_accuracy": 1.0,
    "train_loss": 0.022776519879698753,
    "validation_accuracy": 0.875,
    "validation_loss": 0.24859043955802917
}