{
    "train_accuracy": 1.0,
    "train_loss": 0.005124079994857311,
    "validation_accuracy": 0.9375,
    "validation_loss": 0.19675637781620026
}