{
    "train_accuracy": 1.0,
    "train_loss": 0.0035361642949283123,
    "validation_accuracy": 0.9375,
    "validation_loss": 0.2986004650592804
}