{
    "train_accuracy": 1.0,
    "train_loss": 0.012348153628408909,
    "validation_accuracy": 0.8125,
    "validation_loss": 0.4905080795288086
}