{
    "train_accuracy": 1.0,
    "train_loss": 0.0060767983086407185,
    "validation_accuracy": 0.875,
    "validation_loss": 0.7828661799430847
}