{
    "train_accuracy": 0.96875,
    "train_loss": 0.10632538795471191,
    "validation_accuracy": 0.8125,
    "validation_loss": 0.6113617420196533
}