{
    "train_accuracy": 0.9609375,
    "train_loss": 0.08759387582540512,
    "validation_accuracy": 0.8125,
    "validation_loss": 0.49553635716438293
}