{
    "train_loss": 3.0972979038345563,
    "train_zero_shot_top_1": 0.0,
    "train_zero_shot_top_2": 0.0,
    "validation_loss": 7.43259403922341,
    "validation_zero_shot_top_1": 0.15623363810890473,
    "validation_zero_shot_top_2": 0.5025154892569036,
    "train_variance": 0.7550203800201416,
    "validation_variance": 73.05034637451172
}