{
    "train_loss": 3.080664832373055,
    "train_zero_shot_top_1": 0.0,
    "train_zero_shot_top_2": 0.0,
    "validation_loss": 8.166446208953857,
    "validation_zero_shot_top_1": 0.15724868135277692,
    "validation_zero_shot_top_2": 0.3148094506282966,
    "train_variance": 0.9139813184738159,
    "validation_variance": 73.41447448730469
}