{
    "train_loss": 3.119157369039497,
    "train_zero_shot_top_1": 0.0,
    "train_zero_shot_top_2": 0.0,
    "validation_loss": 8.5534968809648,
    "validation_zero_shot_top_1": 0.13971721804219672,
    "validation_zero_shot_top_2": 0.41959827315389386,
    "train_variance": 1.2441350221633911,
    "validation_variance": 181.79449462890625
}