{
    "train_accuracy": 0.89453125,
    "train_loss": 0.27245864272117615,
    "validation_accuracy": 0.8125,
    "validation_loss": 0.5813149213790894
}