{
    "train_accuracy": 0.8916015625,
    "train_loss": 0.2799329161643982,
    "validation_accuracy": 0.79296875,
    "validation_loss": 0.6178503632545471
}