{
    "train_accuracy": 0.9033203125,
    "train_loss": 0.28231433033943176,
    "validation_accuracy": 0.802734375,
    "validation_loss": 0.587003231048584
}