{
    "train_accuracy": 0.8984375,
    "train_loss": 0.2969190180301666,
    "validation_accuracy": 0.822265625,
    "validation_loss": 0.5239540338516235
}