{
    "train_accuracy": 0.7734375,
    "train_loss": 0.6100845336914062,
    "validation_accuracy": 0.763671875,
    "validation_loss": 0.7064141631126404
}