{
    "train_accuracy": 0.845703125,
    "train_loss": 0.4157712161540985,
    "validation_accuracy": 0.8037109375,
    "validation_loss": 0.5792094469070435
}