{
    "train_accuracy": 0.8828125,
    "train_loss": 0.32737112045288086,
    "validation_accuracy": 0.798828125,
    "validation_loss": 0.5907523036003113
}