{
    "train_accuracy": 0.828125,
    "train_loss": 0.6447609663009644,
    "validation_accuracy": 0.6875,
    "validation_loss": 0.9366446733474731
}