{
    "train_accuracy": 0.6328125,
    "train_loss": 1.0187050104141235,
    "validation_accuracy": 0.6875,
    "validation_loss": 1.0436882972717285
}