{
    "train_accuracy": 0.8203125,
    "train_loss": 0.6680408716201782,
    "validation_accuracy": 0.6875,
    "validation_loss": 1.059633731842041
}