{
    "train_accuracy": 0.7578125,
    "train_loss": 0.755442202091217,
    "validation_accuracy": 0.5625,
    "validation_loss": 0.9070858955383301
}