{
    "train_accuracy": 0.6328125,
    "train_loss": 1.159184217453003,
    "validation_accuracy": 0.4375,
    "validation_loss": 1.4625511169433594
}