{
    "train_accuracy": 0.6875,
    "train_loss": 0.8804793357849121,
    "validation_accuracy": 0.677734375,
    "validation_loss": 0.9258049726486206
}