{
    "train_accuracy": 0.8125,
    "train_loss": 0.649061918258667,
    "validation_accuracy": 0.625,
    "validation_loss": 1.1238209009170532
}