{
    "train_accuracy": 0.390625,
    "train_loss": 1.5821501016616821,
    "validation_accuracy": 0.375,
    "validation_loss": 1.4490599632263184
}