{
    "train_accuracy": 0.578125,
    "train_loss": 1.177497148513794,
    "validation_accuracy": 0.375,
    "validation_loss": 1.657699465751648
}