{
    "train_loss": 0.42795401863884497,
    "train_accuracy": 0.8541973871097225,
    "train_avg_precision": 0.7012857748583632,
    "train_min_precision": 0.08766409029566924,
    "train_avg_recall": 0.8057281160700377,
    "train_min_recall": 0.24235800332397883,
    "validation_loss": 0.5862410776317118,
    "validation_accuracy": 0.7972656250000001,
    "validation_avg_precision": 0.7912480238552722,
    "validation_min_precision": 0.4967670277853346,
    "validation_avg_recall": 0.7934577533343025,
    "validation_min_recall": 0.36292413153928166,
    "train_variance": 26.9124755859375,
    "validation_variance": 14.605566024780273
}