{
    "train_loss": 0.3363199241851506,
    "train_accuracy": 0.8873591579888995,
    "train_avg_precision": 0.7425846140891995,
    "train_min_precision": 0.1355649954334165,
    "train_avg_recall": 0.8459909900324549,
    "train_min_recall": 0.34591035516381874,
    "validation_loss": 0.5853031612932684,
    "validation_accuracy": 0.8076171875000001,
    "validation_avg_precision": 0.8058187465326249,
    "validation_min_precision": 0.5385831743243052,
    "validation_avg_recall": 0.8064632161644295,
    "validation_min_recall": 0.3797982036027239,
    "train_variance": 29.950288772583008,
    "validation_variance": 25.9241943359375
}