{
    "train_loss": 0.47919661120364526,
    "train_accuracy": 0.8453332959559919,
    "train_avg_precision": 0.6645418594840418,
    "train_min_precision": 0.07586107276509753,
    "train_avg_recall": 0.7804308376664119,
    "train_min_recall": 0.19298772703779118,
    "validation_loss": 0.6398435525596141,
    "validation_accuracy": 0.77724609375,
    "validation_avg_precision": 0.767826819822007,
    "validation_min_precision": 0.46577783344077256,
    "validation_avg_recall": 0.7750462000305726,
    "validation_min_recall": 0.23894530554139176,
    "train_variance": 28.897563934326172,
    "validation_variance": 16.178754806518555
}