{
    "train_loss": 0.31809702646314053,
    "train_accuracy": 0.890825865561502,
    "train_avg_precision": 0.7471594279404518,
    "train_min_precision": 0.1945901077480025,
    "train_avg_recall": 0.8808823852795461,
    "train_min_recall": 0.47650309383755907,
    "validation_loss": 0.5761185444891453,
    "validation_accuracy": 0.8177734375,
    "validation_avg_precision": 0.8114948920953949,
    "validation_min_precision": 0.5564739378029003,
    "validation_avg_recall": 0.8112139397297887,
    "validation_min_recall": 0.44932604476863697,
    "train_variance": 34.28681564331055,
    "validation_variance": 38.60737609863281
}