{
    "train_accuracy": 1.0,
    "train_loss": 0.06993740797042847,
    "validation_accuracy": 0.810546875,
    "validation_loss": 0.5669782757759094
}