{
    "train_accuracy": 1.0,
    "train_loss": 0.09287203103303909,
    "validation_accuracy": 0.779296875,
    "validation_loss": 0.6164169311523438
}