{
    "train_accuracy": 1.0,
    "train_loss": 0.05238063260912895,
    "validation_accuracy": 0.77734375,
    "validation_loss": 0.6641891002655029
}