{
    "train_accuracy": 0.88671875,
    "train_loss": 0.3765581548213959,
    "validation_accuracy": 0.724609375,
    "validation_loss": 0.7942050099372864
}