{
    "train_accuracy": 1.0,
    "train_loss": 0.08285994827747345,
    "validation_accuracy": 0.802734375,
    "validation_loss": 0.6326833963394165
}