{
    "train_accuracy": 1.0,
    "train_loss": 0.03150290250778198,
    "validation_accuracy": 0.822265625,
    "validation_loss": 0.596630871295929
}