{
    "train_accuracy": 0.96484375,
    "train_loss": 0.16302849352359772,
    "validation_accuracy": 0.7890625,
    "validation_loss": 0.6315729022026062
}