{
    "train_accuracy": 1.0,
    "train_loss": 0.03255178779363632,
    "validation_accuracy": 0.826171875,
    "validation_loss": 0.5024150609970093
}