{
    "train_accuracy": 1.0,
    "train_loss": 0.02431301213800907,
    "validation_accuracy": 0.79296875,
    "validation_loss": 0.6258701682090759
}