{
    "train_loss": 0.09855202503502368,
    "train_accuracy": 0.9784375000000002,
    "train_avg_precision": 0.978676847855428,
    "train_min_precision": 0.8706393100373028,
    "train_avg_recall": 0.9787861406809899,
    "train_min_recall": 0.8702322458673082,
    "validation_loss": 0.2908595898483372,
    "validation_accuracy": 0.9026898734177214,
    "validation_avg_precision": 0.9023652806976679,
    "validation_min_precision": 0.6722550414123681,
    "validation_avg_recall": 0.9030612321311168,
    "validation_min_recall": 0.6736673953166881
}