{
    "train_loss": 0.13401421943679453,
    "train_accuracy": 0.9636718749999993,
    "train_avg_precision": 0.9645498349891236,
    "train_min_precision": 0.8243574881505623,
    "train_avg_recall": 0.9642590217522728,
    "train_min_recall": 0.83022950995513,
    "validation_loss": 0.2847885227278818,
    "validation_accuracy": 0.8980419303797469,
    "validation_avg_precision": 0.898481810074288,
    "validation_min_precision": 0.6529594154501082,
    "validation_avg_recall": 0.8994003924641277,
    "validation_min_recall": 0.6676564253958737
}