{
    "train_loss": 0.05497434289194644,
    "train_accuracy": 0.9965625000000014,
    "train_avg_precision": 0.9966369370475064,
    "train_min_precision": 0.9463127554139982,
    "train_avg_recall": 0.9965603576900135,
    "train_min_recall": 0.9408596194471991,
    "validation_loss": 0.26668962911714483,
    "validation_accuracy": 0.9081289556962024,
    "validation_avg_precision": 0.9078202945520152,
    "validation_min_precision": 0.6875590263111327,
    "validation_avg_recall": 0.9063762615905266,
    "validation_min_recall": 0.6624261443293857
}