{
    "train_loss": 3.3027683089761157,
    "validation_loss": 3.3041733503341675,
    "train_variance": 4.895092487335205,
    "validation_variance": 5.373903751373291
}