{
    "train_loss": 2.82345994500553,
    "validation_loss": 2.9251092195510866,
    "train_variance": 9.206796646118164,
    "validation_variance": 10.390718460083008
}