{
    "train_loss": 3.100928090600407,
    "validation_loss": 3.182968449592591,
    "train_variance": 7.066970348358154,
    "validation_variance": 7.791536331176758
}