{
    "train_loss": 2.813495046952193,
    "validation_loss": 2.9357276678085324,
    "train_variance": 9.28701400756836,
    "validation_variance": 10.61086368560791
}