{
    "train_loss": 3.1160163318409646,
    "validation_loss": 3.165588736534118,
    "train_variance": 5.297194957733154,
    "validation_variance": 5.481262683868408
}