{
    "train_loss": 2.8607544029460237,
    "validation_loss": 2.952895450592041,
    "train_variance": 7.678431987762451,
    "validation_variance": 8.684091567993164
}