{
    "train_loss": 2.823267378526576,
    "validation_loss": 2.9397356510162354,
    "train_variance": 9.045018196105957,
    "validation_variance": 10.414360046386719
}