{
    "train_loss": 3.188567486931296,
    "validation_loss": 3.222896361351013,
    "train_variance": 5.667337417602539,
    "validation_variance": 6.673947334289551
}