{
    "train_loss": 3.3016284437740544,
    "validation_loss": 3.33537015914917,
    "train_variance": 7.122149467468262,
    "validation_variance": 7.694152355194092
}