{
    "train_loss": 5.123379084643196,
    "validation_loss": 5.058840608596801,
    "train_variance": 1.3321027755737305,
    "validation_variance": 1.3486583232879639
}