{
    "train_loss": 2.842145692600924,
    "validation_loss": 2.9619822263717657,
    "train_variance": 8.389349937438965,
    "validation_variance": 10.09409236907959
}