{
    "train_loss": 2.84851835194756,
    "validation_loss": 2.9543967247009273,
    "train_variance": 8.08022689819336,
    "validation_variance": 9.460590362548828
}