{
    "train_loss": 2.848223646949319,
    "validation_loss": 2.9621329307556152,
    "train_variance": 8.139467239379883,
    "validation_variance": 9.423182487487793
}