{
    "train_loss": 2.8348267414990596,
    "validation_loss": 2.942682719230652,
    "train_variance": 8.60085678100586,
    "validation_variance": 9.975390434265137
}