{
    "train_loss": 2.857516782424029,
    "validation_loss": 2.9470302820205685,
    "train_variance": 7.832294940948486,
    "validation_variance": 9.295488357543945
}