{
    "train_loss": 3.598811458138859,
    "validation_loss": 3.5731647729873655,
    "train_variance": 4.258577346801758,
    "validation_variance": 4.563701152801514
}