{
    "train_loss": 4.033131436740652,
    "validation_loss": 3.991373920440674,
    "train_variance": 4.126781463623047,
    "validation_variance": 4.219637870788574
}