{
    "train_loss": 3.3533880402060126,
    "validation_loss": 3.3677732229232786,
    "train_variance": 5.165780544281006,
    "validation_variance": 5.531510829925537
}