{
    "train_loss": 3.2315719576442947,
    "validation_loss": 3.2480733394622803,
    "train_variance": 5.1268463134765625,
    "validation_variance": 5.664194107055664
}