{
    "train_loss": 2.8547599540037276,
    "validation_loss": 2.9490530252456666,
    "train_variance": 7.977747917175293,
    "validation_variance": 9.163908958435059
}