{
    "train_loss": 3.369944092806648,
    "validation_loss": 3.3756545543670655,
    "train_variance": 5.981536388397217,
    "validation_variance": 6.406181812286377
}