{
    "train_loss": 3.470085604050579,
    "validation_loss": 3.4563052654266353,
    "train_variance": 4.695303916931152,
    "validation_variance": 5.0496745109558105
}