{
    "train_loss": 3.7127848821527802,
    "validation_loss": 3.687460613250732,
    "train_variance": 4.840028762817383,
    "validation_variance": 5.440639019012451
}