{
    "train_loss": 3.4042699617498045,
    "validation_loss": 3.3966809272766105,
    "train_variance": 4.116520881652832,
    "validation_variance": 4.473909378051758
}