{
    "train_loss": 2.8143890857696534,
    "validation_loss": 2.9446205139160155,
    "train_variance": 9.132580757141113,
    "validation_variance": 10.837105751037598
}