{
    "train_loss": 2.8392334769753838,
    "validation_loss": 2.946012592315674,
    "train_variance": 8.390046119689941,
    "validation_variance": 9.600763320922852
}