{
    "train_loss": 3.025106407614315,
    "validation_loss": 3.08466522693634,
    "train_variance": 5.985097408294678,
    "validation_variance": 6.175235748291016
}