{
    "train_loss": 9.69960597543155,
    "validation_loss": 9.589372825622558,
    "train_variance": 4.424679756164551,
    "validation_variance": 4.843388080596924
}