{
    "train_loss": 9.510680176230041,
    "validation_loss": 9.41831340789795,
    "train_variance": 4.335381984710693,
    "validation_variance": 4.021590232849121
}