{
    "train_loss": 9.474933276456944,
    "validation_loss": 9.386098432540894,
    "train_variance": 4.8411784172058105,
    "validation_variance": 4.83140230178833
}