{
    "train_loss": 10.662881200453816,
    "validation_loss": 10.53566598892212,
    "train_variance": 7.477311611175537,
    "validation_variance": 8.777017593383789
}