{
    "train_loss": 9.502902569490317,
    "validation_loss": 9.399078750610352,
    "train_variance": 4.437664985656738,
    "validation_variance": 4.9251275062561035
}