{
    "train_loss": 9.493433851354265,
    "validation_loss": 9.381478738784791,
    "train_variance": 4.714652061462402,
    "validation_variance": 5.5962677001953125
}