{
    "train_loss": 9.841429115744198,
    "validation_loss": 9.719795227050781,
    "train_variance": 4.666790962219238,
    "validation_variance": 5.660869121551514
}