{
    "train_loss": 9.497714592428764,
    "validation_loss": 9.41482458114624,
    "train_variance": 4.68328857421875,
    "validation_variance": 5.619622707366943
}