{
    "train_loss": 9.484932641422047,
    "validation_loss": 9.401770210266113,
    "train_variance": 4.679519176483154,
    "validation_variance": 4.959205150604248
}