{
    "train_loss": 9.684028109382181,
    "validation_loss": 9.576935482025146,
    "train_variance": 4.741764068603516,
    "validation_variance": 5.765031814575195
}