{
    "train_loss": 9.481329413021315,
    "validation_loss": 9.376935243606567,
    "train_variance": 5.136797904968262,
    "validation_variance": 5.358523368835449
}