{
    "train_loss": 12.166753589405731,
    "validation_loss": 12.007877063751222,
    "train_variance": 1.9522910118103027,
    "validation_variance": 2.251944065093994
}