{
    "train_loss": 9.475341000276453,
    "validation_loss": 9.394304752349854,
    "train_variance": 5.135130882263184,
    "validation_variance": 5.269549369812012
}