{
    "train_loss": 10.075162225611075,
    "validation_loss": 9.957375526428223,
    "train_variance": 5.567080974578857,
    "validation_variance": 6.469345569610596
}