{
    "train_accuracy": 0.7421875,
    "train_loss": 0.8250903487205505,
    "validation_accuracy": 0.625,
    "validation_loss": 1.0944966077804565
}