{
    "train_accuracy": 0.873046875,
    "train_loss": 0.3701656758785248,
    "validation_accuracy": 0.802734375,
    "validation_loss": 0.5808888077735901
}