{
    "train_accuracy": 0.71875,
    "train_loss": 0.8142555356025696,
    "validation_accuracy": 0.59375,
    "validation_loss": 1.2442649602890015
}