{
    "train_accuracy": 1.0,
    "train_loss": 0.03671223297715187,
    "validation_accuracy": 0.7421875,
    "validation_loss": 0.8934372067451477
}