{
    "train_accuracy": 1.0,
    "train_loss": 0.0011087661841884255,
    "validation_accuracy": 0.7890625,
    "validation_loss": 1.0577335357666016
}