{
    "train_accuracy": 0.517578125,
    "train_loss": 1.3106131553649902,
    "validation_accuracy": 0.4453125,
    "validation_loss": 1.4124542474746704
}