{
    "train_accuracy": 1.0,
    "train_loss": 0.0006491669337265193,
    "validation_accuracy": 0.7421875,
    "validation_loss": 1.2291021347045898
}