{
    "train_accuracy": 1.0,
    "train_loss": 0.0016881977207958698,
    "validation_accuracy": 0.78125,
    "validation_loss": 0.9189910888671875
}