{
    "train_accuracy": 0.90625,
    "train_loss": 0.2615834176540375,
    "validation_accuracy": 0.828125,
    "validation_loss": 0.5381465554237366
}