{
    "train_accuracy": 0.6015625,
    "train_loss": 1.0715596675872803,
    "validation_accuracy": 0.5,
    "validation_loss": 1.4034113883972168
}