{
    "train_accuracy": 0.9375,
    "train_loss": 0.18041492998600006,
    "validation_accuracy": 0.869140625,
    "validation_loss": 0.5222216844558716
}