{
    "train_accuracy": 0.890625,
    "train_loss": 0.37794822454452515,
    "validation_accuracy": 0.71875,
    "validation_loss": 0.838826060295105
}