{
    "train_accuracy": 0.76171875,
    "train_loss": 0.7277793288230896,
    "validation_accuracy": 0.76171875,
    "validation_loss": 0.7209980487823486
}