{
    "train_accuracy": 0.40234375,
    "train_loss": 1.6016393899917603,
    "validation_accuracy": 0.4140625,
    "validation_loss": 1.6465482711791992
}