{
    "train_accuracy": 0.47705078125,
    "train_loss": 1.5084797143936157,
    "validation_accuracy": 0.45962390303611755,
    "validation_loss": 1.4906114339828491
}