{
    "train_accuracy": 0.833984375,
    "train_loss": 0.46624380350112915,
    "validation_accuracy": 0.7997787594795227,
    "validation_loss": 0.579081654548645
}