{
    "train_accuracy": 0.759765625,
    "train_loss": 0.7013673186302185,
    "validation_accuracy": 0.6953125,
    "validation_loss": 0.8152180314064026
}