{
    "train_accuracy": 0.76318359375,
    "train_loss": 0.6855869889259338,
    "validation_accuracy": 0.7356194853782654,
    "validation_loss": 0.8085113167762756
}