{
    "train_accuracy": 0.740234375,
    "train_loss": 0.7389415502548218,
    "validation_accuracy": 0.712890625,
    "validation_loss": 0.7930600047111511
}