{
    "train_accuracy": 0.79296875,
    "train_loss": 0.5838965177536011,
    "validation_accuracy": 0.73828125,
    "validation_loss": 0.7458353042602539
}