{
    "train_accuracy": 0.740234375,
    "train_loss": 0.6861409544944763,
    "validation_accuracy": 0.734375,
    "validation_loss": 0.7921135425567627
}