{
    "train_accuracy": 0.521484375,
    "train_loss": 1.3143724203109741,
    "validation_accuracy": 0.5293141603469849,
    "validation_loss": 1.3473962545394897
}