{
    "train_accuracy": 0.775390625,
    "train_loss": 0.6709960103034973,
    "validation_accuracy": 0.7421875,
    "validation_loss": 0.7526302933692932
}