{
    "train_accuracy": 0.775390625,
    "train_loss": 0.6763619780540466,
    "validation_accuracy": 0.763671875,
    "validation_loss": 0.735475480556488
}