{
    "train_accuracy": 0.77734375,
    "train_loss": 0.6938847303390503,
    "validation_accuracy": 0.716796875,
    "validation_loss": 0.797484278678894
}