{
    "train_accuracy": 0.71533203125,
    "train_loss": 0.8344727158546448,
    "validation_accuracy": 0.6803097128868103,
    "validation_loss": 0.8789755702018738
}