{
    "train_accuracy": 0.771484375,
    "train_loss": 0.6851735711097717,
    "validation_accuracy": 0.755859375,
    "validation_loss": 0.7100467681884766
}