{
    "train_accuracy": 0.763671875,
    "train_loss": 0.6891565918922424,
    "validation_accuracy": 0.70703125,
    "validation_loss": 0.8463150858879089
}