{
    "train_accuracy": 0.767578125,
    "train_loss": 0.6816576719284058,
    "validation_accuracy": 0.7421875,
    "validation_loss": 0.8009363412857056
}