{
    "train_accuracy": 0.794921875,
    "train_loss": 0.608704149723053,
    "validation_accuracy": 0.76171875,
    "validation_loss": 0.722790002822876
}