{
    "train_accuracy": 0.408203125,
    "train_loss": 1.6308969259262085,
    "validation_accuracy": 0.4009955823421478,
    "validation_loss": 1.6802992820739746
}