{
    "train_accuracy": 0.90771484375,
    "train_loss": 0.26583945751190186,
    "validation_accuracy": 0.8407079577445984,
    "validation_loss": 0.4933111071586609
}