{
    "train_accuracy": 0.8603515625,
    "train_loss": 0.39327472448349,
    "validation_accuracy": 0.8030973672866821,
    "validation_loss": 0.6185123324394226
}