{
    "train_accuracy": 0.78125,
    "train_loss": 0.6693940758705139,
    "validation_accuracy": 0.732421875,
    "validation_loss": 0.755459189414978
}