{
    "train_accuracy": 0.7421875,
    "train_loss": 0.6985317468643188,
    "validation_accuracy": 0.73828125,
    "validation_loss": 0.7441477179527283
}