{
    "train_accuracy": 0.759765625,
    "train_loss": 0.637129008769989,
    "validation_accuracy": 0.73046875,
    "validation_loss": 0.7577046155929565
}