{
    "train_accuracy": 0.57421875,
    "train_loss": 1.1719402074813843,
    "validation_accuracy": 0.619140625,
    "validation_loss": 1.0459383726119995
}