{
    "train_accuracy": 0.544921875,
    "train_loss": 1.304345965385437,
    "validation_accuracy": 0.546875,
    "validation_loss": 1.2517629861831665
}