{
    "train_accuracy": 0.798828125,
    "train_loss": 0.6464170217514038,
    "validation_accuracy": 0.763671875,
    "validation_loss": 0.7073922157287598
}