{
    "train_accuracy": 0.767578125,
    "train_loss": 0.6763514876365662,
    "validation_accuracy": 0.71875,
    "validation_loss": 0.8206011056900024
}