{
    "train_accuracy": 0.806640625,
    "train_loss": 0.5070775747299194,
    "validation_accuracy": 0.78125,
    "validation_loss": 0.6406170129776001
}