{
    "train_accuracy": 0.939453125,
    "train_loss": 0.19082464277744293,
    "validation_accuracy": 0.87890625,
    "validation_loss": 0.41177240014076233
}