{
    "train_accuracy": 0.4296875,
    "train_loss": 1.5647203922271729,
    "validation_accuracy": 0.470703125,
    "validation_loss": 1.5015634298324585
}