{
    "train_accuracy": 0.8046875,
    "train_loss": 0.5286020636558533,
    "validation_accuracy": 0.779296875,
    "validation_loss": 0.6484888792037964
}