{
    "train_accuracy": 0.92578125,
    "train_loss": 0.19550275802612305,
    "validation_accuracy": 0.869140625,
    "validation_loss": 0.4186009466648102
}