{
    "train_accuracy": 0.8984375,
    "train_loss": 0.2736400365829468,
    "validation_accuracy": 0.85546875,
    "validation_loss": 0.5524914860725403
}