{
    "train_accuracy": 0.91796875,
    "train_loss": 0.23985306918621063,
    "validation_accuracy": 0.8515625,
    "validation_loss": 0.49819061160087585
}