{
    "train_accuracy": 0.857421875,
    "train_loss": 0.3869816064834595,
    "validation_accuracy": 0.830078125,
    "validation_loss": 0.5595853328704834
}