{
    "train_accuracy": 0.59375,
    "train_loss": 1.1086194515228271,
    "validation_accuracy": 0.662109375,
    "validation_loss": 0.972957193851471
}