{
    "train_accuracy": 0.90625,
    "train_loss": 0.27258554100990295,
    "validation_accuracy": 0.865234375,
    "validation_loss": 0.46447500586509705
}