{
    "train_accuracy": 0.685546875,
    "train_loss": 0.9877941012382507,
    "validation_accuracy": 0.6875,
    "validation_loss": 0.900987446308136
}