{
    "train_accuracy": 0.880859375,
    "train_loss": 0.3044808506965637,
    "validation_accuracy": 0.8046875,
    "validation_loss": 0.5638886094093323
}