{
    "train_accuracy": 0.935546875,
    "train_loss": 0.17682009935379028,
    "validation_accuracy": 0.88671875,
    "validation_loss": 0.40674665570259094
}