{
    "train_accuracy": 0.93359375,
    "train_loss": 0.1839313507080078,
    "validation_accuracy": 0.890625,
    "validation_loss": 0.352292537689209
}