{
    "train_accuracy": 0.80859375,
    "train_loss": 0.5266038179397583,
    "validation_accuracy": 0.826171875,
    "validation_loss": 0.5078755021095276
}