{
    "train_accuracy": 0.849609375,
    "train_loss": 0.4270455837249756,
    "validation_accuracy": 0.84375,
    "validation_loss": 0.47762244939804077
}