{
    "train_accuracy": 0.74609375,
    "train_loss": 0.7748673558235168,
    "validation_accuracy": 0.724609375,
    "validation_loss": 0.8139713406562805
}