{
    "train_accuracy": 0.912109375,
    "train_loss": 0.22186166048049927,
    "validation_accuracy": 0.869140625,
    "validation_loss": 0.47634926438331604
}