{
    "train_accuracy": 0.943359375,
    "train_loss": 0.18497386574745178,
    "validation_accuracy": 0.8828125,
    "validation_loss": 0.4690479040145874
}