{
    "train_accuracy": 0.80078125,
    "train_loss": 0.558565616607666,
    "validation_accuracy": 0.810546875,
    "validation_loss": 0.6105356812477112
}