{
    "train_accuracy": 0.740234375,
    "train_loss": 0.7377058267593384,
    "validation_accuracy": 0.75390625,
    "validation_loss": 0.6703083515167236
}