{
    "train_accuracy": 0.869140625,
    "train_loss": 0.3935075104236603,
    "validation_accuracy": 0.82421875,
    "validation_loss": 0.46912702918052673
}