{
    "train_accuracy": 0.943359375,
    "train_loss": 0.1611451655626297,
    "validation_accuracy": 0.91796875,
    "validation_loss": 0.2552526593208313
}