{
    "train_accuracy": 0.791015625,
    "train_loss": 0.6329239010810852,
    "validation_accuracy": 0.765625,
    "validation_loss": 0.6852796077728271
}