{
    "train_accuracy": 0.86328125,
    "train_loss": 0.3718876242637634,
    "validation_accuracy": 0.845703125,
    "validation_loss": 0.4981835186481476
}