{
    "train_accuracy": 0.548828125,
    "train_loss": 1.2232415676116943,
    "validation_accuracy": 0.580078125,
    "validation_loss": 1.232336163520813
}