{
    "train_accuracy": 0.802734375,
    "train_loss": 0.6170947551727295,
    "validation_accuracy": 0.763671875,
    "validation_loss": 0.6967814564704895
}