{
    "train_accuracy": 0.67578125,
    "train_loss": 0.9314196705818176,
    "validation_accuracy": 0.712890625,
    "validation_loss": 0.8519741296768188
}