{
    "train_accuracy": 0.8984375,
    "train_loss": 0.29935532808303833,
    "validation_accuracy": 0.826171875,
    "validation_loss": 0.49972933530807495
}