{
    "train_accuracy": 0.787109375,
    "train_loss": 0.6144337058067322,
    "validation_accuracy": 0.77734375,
    "validation_loss": 0.6651439070701599
}