{
    "train_accuracy": 0.7890625,
    "train_loss": 0.5472851395606995,
    "validation_accuracy": 0.802734375,
    "validation_loss": 0.6142197251319885
}