{
    "train_accuracy": 0.837890625,
    "train_loss": 0.4305358827114105,
    "validation_accuracy": 0.837890625,
    "validation_loss": 0.4446170926094055
}