{
    "train_accuracy": 0.79296875,
    "train_loss": 0.6042770147323608,
    "validation_accuracy": 0.79296875,
    "validation_loss": 0.5868683457374573
}