{
    "train_accuracy": 0.853515625,
    "train_loss": 0.36941659450531006,
    "validation_accuracy": 0.8203125,
    "validation_loss": 0.5103601217269897
}