{
    "train_accuracy": 0.939453125,
    "train_loss": 0.1897628754377365,
    "validation_accuracy": 0.859375,
    "validation_loss": 0.4352564215660095
}