{
    "train_accuracy": 0.888671875,
    "train_loss": 0.33440452814102173,
    "validation_accuracy": 0.845703125,
    "validation_loss": 0.5166916847229004
}