{
    "train_accuracy": 0.79296875,
    "train_loss": 0.5650948286056519,
    "validation_accuracy": 0.77734375,
    "validation_loss": 0.6242430210113525
}