{
    "train_accuracy": 0.93359375,
    "train_loss": 0.17907845973968506,
    "validation_accuracy": 0.84375,
    "validation_loss": 0.4984131157398224
}