{
    "train_accuracy": 0.53125,
    "train_loss": 1.3036872148513794,
    "validation_accuracy": 0.552734375,
    "validation_loss": 1.2782201766967773
}