{
    "train_accuracy": 0.888671875,
    "train_loss": 0.3479020893573761,
    "validation_accuracy": 0.837890625,
    "validation_loss": 0.46285027265548706
}