{
    "train_accuracy": 0.775390625,
    "train_loss": 0.6195061206817627,
    "validation_accuracy": 0.763671875,
    "validation_loss": 0.7158025503158569
}