{
    "train_accuracy": 0.94140625,
    "train_loss": 0.17361675202846527,
    "validation_accuracy": 0.865234375,
    "validation_loss": 0.4142446517944336
}