{
    "train_accuracy": 0.916015625,
    "train_loss": 0.2375522404909134,
    "validation_accuracy": 0.87109375,
    "validation_loss": 0.43846094608306885
}