{
    "train_accuracy": 0.74609375,
    "train_loss": 0.7018179297447205,
    "validation_accuracy": 0.71875,
    "validation_loss": 0.7768481373786926
}