{
    "train_accuracy": 0.591796875,
    "train_loss": 1.156845211982727,
    "validation_accuracy": 0.578125,
    "validation_loss": 1.1628406047821045
}