{
    "train_accuracy": 0.615234375,
    "train_loss": 1.0707075595855713,
    "validation_accuracy": 0.65625,
    "validation_loss": 0.9838526248931885
}