{
    "train_accuracy": 0.677734375,
    "train_loss": 0.9227635860443115,
    "validation_accuracy": 0.689453125,
    "validation_loss": 0.9389731287956238
}