{
    "train_accuracy": 0.83203125,
    "train_loss": 0.5166320204734802,
    "validation_accuracy": 0.7578125,
    "validation_loss": 0.6398721933364868
}