{
    "train_accuracy": 0.8046875,
    "train_loss": 0.5811769366264343,
    "validation_accuracy": 0.822265625,
    "validation_loss": 0.5256305932998657
}