{
    "train_accuracy": 0.375,
    "train_loss": 1.7281198501586914,
    "validation_accuracy": 0.4296875,
    "validation_loss": 1.6225534677505493
}