{
    "train_accuracy": 0.501953125,
    "train_loss": 1.4417667388916016,
    "validation_accuracy": 0.455078125,
    "validation_loss": 1.4909693002700806
}