{
    "train_accuracy": 0.55078125,
    "train_loss": 1.1446512937545776,
    "validation_accuracy": 0.548828125,
    "validation_loss": 1.2084105014801025
}