{
    "train_accuracy": 0.869140625,
    "train_loss": 0.35932841897010803,
    "validation_accuracy": 0.8671875,
    "validation_loss": 0.37021610140800476
}