{
    "train_accuracy": 0.75,
    "train_loss": 0.7458145618438721,
    "validation_accuracy": 0.734375,
    "validation_loss": 0.782092809677124
}