{
    "train_accuracy": 0.861328125,
    "train_loss": 0.4065105617046356,
    "validation_accuracy": 0.8828125,
    "validation_loss": 0.3858240246772766
}