{
    "train_accuracy": 0.537109375,
    "train_loss": 1.3555818796157837,
    "validation_accuracy": 0.546875,
    "validation_loss": 1.294690489768982
}