{
    "train_accuracy": 0.83203125,
    "train_loss": 0.49223238229751587,
    "validation_accuracy": 0.79296875,
    "validation_loss": 0.5727746486663818
}