{
    "train_accuracy": 0.69921875,
    "train_loss": 0.836525559425354,
    "validation_accuracy": 0.712890625,
    "validation_loss": 0.8258556723594666
}