{
    "train_accuracy": 0.9375,
    "train_loss": 0.17691640555858612,
    "validation_accuracy": 0.880859375,
    "validation_loss": 0.34298354387283325
}