{
    "train_accuracy": 0.794921875,
    "train_loss": 0.5730332732200623,
    "validation_accuracy": 0.794921875,
    "validation_loss": 0.6279679536819458
}