{
    "train_accuracy": 0.82421875,
    "train_loss": 0.4769634008407593,
    "validation_accuracy": 0.83203125,
    "validation_loss": 0.46792447566986084
}