{
    "train_accuracy": 0.884765625,
    "train_loss": 0.2823299765586853,
    "validation_accuracy": 0.875,
    "validation_loss": 0.4558524787425995
}