{
    "train_accuracy": 0.951171875,
    "train_loss": 0.14095936715602875,
    "validation_accuracy": 0.85546875,
    "validation_loss": 0.45752161741256714
}