{
    "train_accuracy": 0.287109375,
    "train_loss": 1.9160106182098389,
    "validation_accuracy": 0.359375,
    "validation_loss": 1.9136799573898315
}