{
    "train_accuracy": 0.8515625,
    "train_loss": 0.4015025198459625,
    "validation_accuracy": 0.869140625,
    "validation_loss": 0.36890217661857605
}