{
    "train_accuracy": 0.896484375,
    "train_loss": 0.3000214099884033,
    "validation_accuracy": 0.837890625,
    "validation_loss": 0.537340521812439
}