{
    "train_accuracy": 0.884765625,
    "train_loss": 0.3448452353477478,
    "validation_accuracy": 0.873046875,
    "validation_loss": 0.44633108377456665
}