{
    "train_accuracy": 0.908203125,
    "train_loss": 0.24363450706005096,
    "validation_accuracy": 0.833984375,
    "validation_loss": 0.538299560546875
}