{
    "train_accuracy": 0.919921875,
    "train_loss": 0.19932621717453003,
    "validation_accuracy": 0.890625,
    "validation_loss": 0.40584713220596313
}