{
    "train_accuracy": 0.962890625,
    "train_loss": 0.11151983588933945,
    "validation_accuracy": 0.884765625,
    "validation_loss": 0.44137582182884216
}