{
    "train_accuracy": 0.587890625,
    "train_loss": 1.1215565204620361,
    "validation_accuracy": 0.65625,
    "validation_loss": 0.9788116216659546
}