{
    "train_accuracy": 0.54296875,
    "train_loss": 1.2821513414382935,
    "validation_accuracy": 0.55859375,
    "validation_loss": 1.2439347505569458
}