{
    "train_accuracy": 0.93359375,
    "train_loss": 0.1793227642774582,
    "validation_accuracy": 0.884765625,
    "validation_loss": 0.37347039580345154
}