{
    "train_accuracy": 0.734375,
    "train_loss": 0.7825547456741333,
    "validation_accuracy": 0.703125,
    "validation_loss": 0.8268232941627502
}