{
    "train_accuracy": 0.818359375,
    "train_loss": 0.5064600706100464,
    "validation_accuracy": 0.82421875,
    "validation_loss": 0.4962867200374603
}