{
    "train_accuracy": 0.93359375,
    "train_loss": 0.16045740246772766,
    "validation_accuracy": 0.890625,
    "validation_loss": 0.3923422694206238
}