{
    "train_accuracy": 0.810546875,
    "train_loss": 0.5431304574012756,
    "validation_accuracy": 0.806640625,
    "validation_loss": 0.5433626174926758
}