{
    "train_accuracy": 0.90234375,
    "train_loss": 0.24181032180786133,
    "validation_accuracy": 0.84375,
    "validation_loss": 0.46035072207450867
}