{
    "train_accuracy": 0.955078125,
    "train_loss": 0.11791739612817764,
    "validation_accuracy": 0.845703125,
    "validation_loss": 0.5631868243217468
}