{
    "train_accuracy": 0.919921875,
    "train_loss": 0.23549991846084595,
    "validation_accuracy": 0.865234375,
    "validation_loss": 0.36761102080345154
}