{
    "train_accuracy": 0.853515625,
    "train_loss": 0.42787712812423706,
    "validation_accuracy": 0.841796875,
    "validation_loss": 0.48348820209503174
}