{
    "train_accuracy": 0.958984375,
    "train_loss": 0.10192760825157166,
    "validation_accuracy": 0.8671875,
    "validation_loss": 0.4873664379119873
}