{
    "train_accuracy": 0.82421875,
    "train_loss": 0.43170294165611267,
    "validation_accuracy": 0.849609375,
    "validation_loss": 0.42007264494895935
}