{
    "train_accuracy": 0.90625,
    "train_loss": 0.29097816348075867,
    "validation_accuracy": 0.87890625,
    "validation_loss": 0.400058388710022
}