{
    "train_accuracy": 0.869140625,
    "train_loss": 0.37153342366218567,
    "validation_accuracy": 0.833984375,
    "validation_loss": 0.4591672420501709
}