{
    "train_loss": 0.42203383487324375,
    "train_accuracy": 0.8643881892049031,
    "train_avg_precision": 0.8525911990030574,
    "train_min_precision": 0.5625505990466995,
    "train_avg_recall": 0.8612964660352098,
    "train_min_recall": 0.5701368253974956,
    "validation_loss": 1.3626279438598248,
    "validation_accuracy": 0.5810917721518989,
    "validation_avg_precision": 0.601405730464403,
    "validation_min_precision": 0.3032409129444735,
    "validation_avg_recall": 0.5775493566225274,
    "validation_min_recall": 0.22073371631264407,
    "train_variance": 84.41797637939453,
    "validation_variance": 379.6192626953125
}