{
    "train_accuracy": 1.0,
    "train_avg_precision": 1.0,
    "train_min_precision": 1.0,
    "train_avg_recall": 1.0,
    "train_min_recall": 1.0,
    "train_loss": 0.032730307430028915,
    "validation_accuracy": 0.75,
    "validation_avg_precision": 0.5740740740740741,
    "validation_min_precision": 0.0,
    "validation_avg_recall": 0.611111111111111,
    "validation_min_recall": 0.0,
    "validation_loss": 0.7740437388420105,
    "train_variance": 3.190298557281494,
    "validation_variance": 647.1552734375
}