{
    "train_loss": 0.04065064679571362,
    "train_accuracy": 0.9971656976744178,
    "train_avg_precision": 0.9967605737602967,
    "train_min_precision": 0.9707351399263039,
    "train_avg_recall": 0.9981868604671951,
    "train_min_recall": 0.9840041275012699,
    "validation_loss": 1.4392879514754569,
    "validation_accuracy": 0.6145174050632911,
    "validation_avg_precision": 0.6352555802679338,
    "validation_min_precision": 0.33829864187272995,
    "validation_avg_recall": 0.6118388881688995,
    "validation_min_recall": 0.2487144979095998,
    "train_variance": 4.715296745300293,
    "validation_variance": 776.201904296875
}