{
    "train_loss": 0.1349436807077983,
    "train_accuracy": 0.9722545219022176,
    "train_avg_precision": 0.965799057565922,
    "train_min_precision": 0.8209605717217596,
    "train_avg_recall": 0.9777420159202462,
    "train_min_recall": 0.8844107553529066,
    "validation_loss": 1.3210542903670779,
    "validation_accuracy": 0.6146162974683547,
    "validation_avg_precision": 0.6290711313418663,
    "validation_min_precision": 0.34315122936875114,
    "validation_avg_recall": 0.6144945124141198,
    "validation_min_recall": 0.27902643299927476,
    "train_variance": 22.789554595947266,
    "validation_variance": 553.47119140625
}