{
    "train_loss": 0.029071823386258865,
    "train_accuracy": 0.9990552325581376,
    "train_avg_precision": 0.9987964437057332,
    "train_min_precision": 0.9879843138214146,
    "train_avg_recall": 0.9993724389326438,
    "train_min_recall": 0.9937613033168595,
    "validation_loss": 1.432625464246243,
    "validation_accuracy": 0.6155063291139242,
    "validation_avg_precision": 0.6345117133577121,
    "validation_min_precision": 0.358538527448176,
    "validation_avg_recall": 0.6161154182309759,
    "validation_min_recall": 0.228863783488322,
    "train_variance": 2.2201130390167236,
    "validation_variance": 673.1895141601562
}