{
    "train_accuracy": 0.8796296119689941,
    "train_avg_precision": 0.8860592348827645,
    "train_min_precision": 0.6,
    "train_avg_recall": 0.8934294871794872,
    "train_min_recall": 0.5384615384615384,
    "train_loss": 0.3836059272289276,
    "validation_accuracy": 0.8125,
    "validation_avg_precision": 0.7708333333333333,
    "validation_min_precision": 0.0,
    "validation_avg_recall": 0.7083333333333333,
    "validation_min_recall": 0.0,
    "validation_loss": 0.8152399659156799,
    "train_variance": 75.25972747802734,
    "validation_variance": 345.1533508300781
}