{
    "train_accuracy": 0.9537037014961243,
    "train_avg_precision": 0.9491341991341992,
    "train_min_precision": 0.75,
    "train_avg_recall": 0.963047138047138,
    "train_min_recall": 0.8666666666666667,
    "train_loss": 0.20182421803474426,
    "validation_accuracy": 0.5625,
    "validation_avg_precision": 0.5740740740740741,
    "validation_min_precision": 0.0,
    "validation_avg_recall": 0.5185185185185184,
    "validation_min_recall": 0.0,
    "validation_loss": 1.3199357986450195,
    "train_variance": 50.473018646240234,
    "validation_variance": 389.68505859375
}