{
    "train_loss": 0.051759138304826834,
    "train_accuracy": 0.9947674418604654,
    "train_avg_precision": 0.9932474362566284,
    "train_min_precision": 0.9425299169682054,
    "train_avg_recall": 0.9965280902866169,
    "train_min_recall": 0.9706310299444749,
    "validation_loss": 1.4134408831596381,
    "validation_accuracy": 0.6179786392405062,
    "validation_avg_precision": 0.6395750147733518,
    "validation_min_precision": 0.34414428401442615,
    "validation_avg_recall": 0.6185738862111967,
    "validation_min_recall": 0.2425624109075338,
    "train_variance": 6.735590934753418,
    "validation_variance": 766.1915893554688
}