{
    "train_loss": 0.07071086767801016,
    "train_accuracy": 0.9917083873305219,
    "train_avg_precision": 0.9914959291527758,
    "train_min_precision": 0.9326946406241323,
    "train_avg_recall": 0.9936174290440118,
    "train_min_recall": 0.9513751792891627,
    "validation_loss": 1.4658159741872476,
    "validation_accuracy": 0.6012658227848101,
    "validation_avg_precision": 0.6353566506979483,
    "validation_min_precision": 0.342920937075678,
    "validation_avg_recall": 0.6005446371267028,
    "validation_min_recall": 0.22508926696925408,
    "train_variance": 10.072476387023926,
    "validation_variance": 546.559814453125
}