{
    "train_loss": 0.14606147110462187,
    "train_accuracy": 0.9703878660534699,
    "train_avg_precision": 0.9632731382331684,
    "train_min_precision": 0.809327216599051,
    "train_avg_recall": 0.9765580714893347,
    "train_min_recall": 0.8880881888732509,
    "validation_loss": 1.2763103684292565,
    "validation_accuracy": 0.6221321202531647,
    "validation_avg_precision": 0.632811379181095,
    "validation_min_precision": 0.3386161025311015,
    "validation_avg_recall": 0.6207424724185163,
    "validation_min_recall": 0.2770189033141184,
    "train_variance": 19.539737701416016,
    "validation_variance": 430.4465637207031
}