{
    "train_loss": 1.052152796955996,
    "train_accuracy": 0.6336765181186588,
    "train_avg_precision": 0.6239751371840768,
    "train_min_precision": 0.1811925161341968,
    "train_avg_recall": 0.6248485210655538,
    "train_min_recall": 0.21156867997629533,
    "validation_loss": 1.3615827258629134,
    "validation_accuracy": 0.5155261075949367,
    "validation_avg_precision": 0.5588600174237592,
    "validation_min_precision": 0.24225428706246688,
    "validation_avg_recall": 0.5120873602349932,
    "validation_min_recall": 0.1884055263513077,
    "train_variance": 84.86492919921875,
    "validation_variance": 122.81146240234375
}