{
    "train_loss": 1.0496936343437013,
    "train_accuracy": 0.6599160208258522,
    "train_avg_precision": 0.688008166244652,
    "train_min_precision": 0.19735550110022088,
    "train_avg_recall": 0.7217111140882005,
    "train_min_recall": 0.23402578547687722,
    "validation_loss": 1.4445141855674453,
    "validation_accuracy": 0.5438093354430382,
    "validation_avg_precision": 0.5865307359790475,
    "validation_min_precision": 0.2427892860421811,
    "validation_avg_recall": 0.5456840867548023,
    "validation_min_recall": 0.12890592837929743,
    "train_variance": 93.45406341552734,
    "validation_variance": 309.899169921875
}