{
    "train_loss": 0.052175224806333693,
    "train_accuracy": 0.9954215116279065,
    "train_avg_precision": 0.9945405815958676,
    "train_min_precision": 0.9554230215004681,
    "train_avg_recall": 0.9969060846615173,
    "train_min_recall": 0.9755376362297858,
    "validation_loss": 1.3821998804430418,
    "validation_accuracy": 0.6202531645569621,
    "validation_avg_precision": 0.6388285569162453,
    "validation_min_precision": 0.33534091320004733,
    "validation_avg_recall": 0.6167413192398474,
    "validation_min_recall": 0.2374590773275964,
    "train_variance": 5.576086044311523,
    "validation_variance": 619.6620483398438
}