{
    "train_loss": 0.028739890516843915,
    "train_accuracy": 0.99909156976744,
    "train_avg_precision": 0.998688148110293,
    "train_min_precision": 0.9870987702737282,
    "train_avg_recall": 0.9989563998622188,
    "train_min_recall": 0.9898391964206253,
    "validation_loss": 1.4151959811584849,
    "validation_accuracy": 0.6228243670886074,
    "validation_avg_precision": 0.6406553652113389,
    "validation_min_precision": 0.35069995663178644,
    "validation_avg_recall": 0.6234214053821588,
    "validation_min_recall": 0.24821104221161047,
    "train_variance": 1.9933089017868042,
    "validation_variance": 673.3134765625
}