{
    "train_loss": 0.21578322337117295,
    "train_accuracy": 0.9432237833045246,
    "train_avg_precision": 0.9342990251011131,
    "train_min_precision": 0.7354624375367637,
    "train_avg_recall": 0.9482965975315624,
    "train_min_recall": 0.7932578078490121,
    "validation_loss": 1.317480877230439,
    "validation_accuracy": 0.6123417721518988,
    "validation_avg_precision": 0.6220096585586354,
    "validation_min_precision": 0.3174266629999682,
    "validation_avg_recall": 0.6110527925862044,
    "validation_min_recall": 0.22375930818929612,
    "train_variance": 40.990577697753906,
    "validation_variance": 384.1221923828125
}