{
    "train_loss": 0.031062111327814498,
    "train_accuracy": 0.9989098837209284,
    "train_avg_precision": 0.9986237406087852,
    "train_min_precision": 0.9865306672338473,
    "train_avg_recall": 0.9988545233471084,
    "train_min_recall": 0.9887808203271513,
    "validation_loss": 1.4074557891374893,
    "validation_accuracy": 0.6215387658227851,
    "validation_avg_precision": 0.6385479130289504,
    "validation_min_precision": 0.35965418060491944,
    "validation_avg_recall": 0.620278612089175,
    "validation_min_recall": 0.24807263936961788,
    "train_variance": 2.3065531253814697,
    "validation_variance": 659.8253173828125
}