{
    "train_accuracy": 1.0,
    "train_avg_precision": 1.0,
    "train_min_precision": 1.0,
    "train_avg_recall": 1.0,
    "train_min_recall": 1.0,
    "train_loss": 0.06517546623945236,
    "validation_accuracy": 0.8125,
    "validation_avg_precision": 0.6851851851851852,
    "validation_min_precision": 0.0,
    "validation_avg_recall": 0.7222222222222222,
    "validation_min_recall": 0.0,
    "validation_loss": 0.8566110134124756,
    "train_variance": 14.156096458435059,
    "validation_variance": 489.23724365234375
}