{
    "train_loss": 0.03646532368174819,
    "train_accuracy": 0.9979287790697661,
    "train_avg_precision": 0.9970186747850565,
    "train_min_precision": 0.9715888642527001,
    "train_avg_recall": 0.9982297174977273,
    "train_min_recall": 0.9832052086147952,
    "validation_loss": 1.4119690671751763,
    "validation_accuracy": 0.6213409810126581,
    "validation_avg_precision": 0.6367005572801688,
    "validation_min_precision": 0.3583190099928942,
    "validation_avg_recall": 0.618751543383471,
    "validation_min_recall": 0.25968180915764894,
    "train_variance": 3.668365478515625,
    "validation_variance": 759.7615356445312
}