{
    "train_loss": 0.277618798474933,
    "train_accuracy": 0.9187392334605371,
    "train_avg_precision": 0.9042444870452578,
    "train_min_precision": 0.6596463401319775,
    "train_avg_recall": 0.925752551485696,
    "train_min_recall": 0.7312182465216372,
    "validation_loss": 1.3154924730711346,
    "validation_accuracy": 0.6058148734177216,
    "validation_avg_precision": 0.6157520703453979,
    "validation_min_precision": 0.3251976971159282,
    "validation_avg_recall": 0.6048647230581167,
    "validation_min_recall": 0.23297791466022458,
    "train_variance": 55.054386138916016,
    "validation_variance": 439.4761657714844
}