{
    "train_accuracy": 0.8796296119689941,
    "train_avg_precision": 0.8746540496540497,
    "train_min_precision": 0.7,
    "train_avg_recall": 0.8767556517556517,
    "train_min_recall": 0.6666666666666666,
    "train_loss": 0.4440836012363434,
    "validation_accuracy": 0.4375,
    "validation_avg_precision": 0.4333333333333334,
    "validation_min_precision": 0.0,
    "validation_avg_recall": 0.475,
    "validation_min_recall": 0.0,
    "validation_loss": 1.6767345666885376,
    "train_variance": 72.81880950927734,
    "validation_variance": 253.20233154296875
}