{
    "train_loss": 0.04247998102286526,
    "train_accuracy": 0.997347383720929,
    "train_avg_precision": 0.9964390997450899,
    "train_min_precision": 0.9671425459493502,
    "train_avg_recall": 0.9982936048623208,
    "train_min_recall": 0.9843246075608251,
    "validation_loss": 1.4019284097454212,
    "validation_accuracy": 0.6213409810126581,
    "validation_avg_precision": 0.640521357182171,
    "validation_min_precision": 0.37406200980288856,
    "validation_avg_recall": 0.6240951606078776,
    "validation_min_recall": 0.2513420056210158,
    "train_variance": 4.233298301696777,
    "validation_variance": 662.0645141601562
}