{
    "train_loss": 1.075589455005735,
    "train_accuracy": 0.6289001938908597,
    "train_avg_precision": 0.5977327571905,
    "train_min_precision": 0.15249219354896507,
    "train_avg_recall": 0.6167523928503738,
    "train_min_recall": 0.25092678573756977,
    "validation_loss": 1.3620506449590752,
    "validation_accuracy": 0.5138449367088608,
    "validation_avg_precision": 0.5323202013541888,
    "validation_min_precision": 0.24594391199112095,
    "validation_avg_recall": 0.5127991950324587,
    "validation_min_recall": 0.190498480903684,
    "train_variance": 88.47462463378906,
    "validation_variance": 142.26113891601562
}