{
    "train_loss": 0.8709003429080169,
    "train_accuracy": 0.7053779069767445,
    "train_avg_precision": 0.6819736454612371,
    "train_min_precision": 0.26052353854374233,
    "train_avg_recall": 0.6896862995886005,
    "train_min_recall": 0.2963385577465615,
    "validation_loss": 1.4084103047093257,
    "validation_accuracy": 0.5344145569620254,
    "validation_avg_precision": 0.5767873351196069,
    "validation_min_precision": 0.2764763804115022,
    "validation_avg_recall": 0.5349050169239098,
    "validation_min_recall": 0.21420006134608174,
    "train_variance": 108.05308532714844,
    "validation_variance": 216.1583251953125
}