{
    "train_loss": 0.03420906496602435,
    "train_accuracy": 0.9982921511627891,
    "train_avg_precision": 0.9979059078123944,
    "train_min_precision": 0.9798824334525983,
    "train_avg_recall": 0.9988935098981392,
    "train_min_recall": 0.9893165687246834,
    "validation_loss": 1.436393579350242,
    "validation_accuracy": 0.6188686708860762,
    "validation_avg_precision": 0.6396176557652347,
    "validation_min_precision": 0.3703672956581294,
    "validation_avg_recall": 0.6194706300220832,
    "validation_min_recall": 0.24775208608895372,
    "train_variance": 3.5377931594848633,
    "validation_variance": 805.1693725585938
}