{
    "train_loss": 0.0652633696447971,
    "train_accuracy": 0.9917514534883725,
    "train_avg_precision": 0.9892501828373444,
    "train_min_precision": 0.917244576590655,
    "train_avg_recall": 0.9938471098869676,
    "train_min_recall": 0.9542065628175839,
    "validation_loss": 1.3623511753504793,
    "validation_accuracy": 0.6215387658227847,
    "validation_avg_precision": 0.6383505434840344,
    "validation_min_precision": 0.34054328780736665,
    "validation_avg_recall": 0.6190117299121571,
    "validation_min_recall": 0.253371990676043,
    "train_variance": 9.288277626037598,
    "validation_variance": 709.0278930664062
}