{
    "train_loss": 0.036083123001248364,
    "train_accuracy": 0.9984374999999985,
    "train_avg_precision": 0.9983522800112975,
    "train_min_precision": 0.9843200538437428,
    "train_avg_recall": 0.9990353046789877,
    "train_min_recall": 0.9908707158388561,
    "validation_loss": 1.422771047187757,
    "validation_accuracy": 0.616791930379747,
    "validation_avg_precision": 0.633371180160671,
    "validation_min_precision": 0.34392108731666693,
    "validation_avg_recall": 0.6133962229314582,
    "validation_min_recall": 0.22943551258302217,
    "train_variance": 3.1858417987823486,
    "validation_variance": 648.119384765625
}