{
    "train_accuracy": 0.9907407760620117,
    "train_avg_precision": 0.986111111111111,
    "train_min_precision": 0.875,
    "train_avg_recall": 0.9930555555555556,
    "train_min_recall": 0.9375,
    "train_loss": 0.07096002995967865,
    "validation_accuracy": 0.5625,
    "validation_avg_precision": 0.4722222222222222,
    "validation_min_precision": 0.0,
    "validation_avg_recall": 0.3611111111111111,
    "validation_min_recall": 0.0,
    "validation_loss": 2.038252830505371,
    "train_variance": 9.521392822265625,
    "validation_variance": 527.8368530273438
}