{
    "train_loss": 0.20139581689307856,
    "train_accuracy": 0.9485882321069399,
    "train_avg_precision": 0.936868429591627,
    "train_min_precision": 0.7239789561363837,
    "train_avg_recall": 0.957673121429202,
    "train_min_recall": 0.8224839822887672,
    "validation_loss": 1.2578226395800143,
    "validation_accuracy": 0.6192642405063291,
    "validation_avg_precision": 0.6333116545604969,
    "validation_min_precision": 0.3402165198578418,
    "validation_avg_recall": 0.6185820557444037,
    "validation_min_recall": 0.29683340243163125,
    "train_variance": 31.592430114746094,
    "validation_variance": 472.6086730957031
}