{
    "train_loss": 0.04504540987139522,
    "train_accuracy": 0.9962505384933114,
    "train_avg_precision": 0.9950202265353035,
    "train_min_precision": 0.9551514196818912,
    "train_avg_recall": 0.9971026767896733,
    "train_min_recall": 0.9741733927839769,
    "validation_loss": 1.4187931146802781,
    "validation_accuracy": 0.6207476265822784,
    "validation_avg_precision": 0.6436522204193723,
    "validation_min_precision": 0.36623595363050415,
    "validation_avg_recall": 0.6209422988708411,
    "validation_min_recall": 0.2646092314651511,
    "train_variance": 5.2930588722229,
    "validation_variance": 793.8247680664062
}