{
    "train_loss": 0.03368510937448155,
    "train_accuracy": 0.9987281976744169,
    "train_avg_precision": 0.998622126845012,
    "train_min_precision": 0.987741139368095,
    "train_avg_recall": 0.9992450711723959,
    "train_min_recall": 0.9929013039608875,
    "validation_loss": 1.4214760049988953,
    "validation_accuracy": 0.6165941455696206,
    "validation_avg_precision": 0.6357820750475948,
    "validation_min_precision": 0.3515407773069333,
    "validation_avg_recall": 0.6148524401903837,
    "validation_min_recall": 0.24355888692262484,
    "train_variance": 2.6819376945495605,
    "validation_variance": 636.64208984375
}