{
    "train_loss": 3.8228941384483788,
    "validation_loss": 3.8187306880950933
}