{
    "train_loss": 4.111435508728028,
    "validation_loss": 4.0554945230484005,
    "train_variance": 5.512990951538086,
    "validation_variance": 6.187559604644775
}