{
    "train_loss": 2.8321739813860725,
    "validation_loss": 2.955569243431091,
    "train_variance": 9.137983322143555,
    "validation_variance": 9.935193061828613
}