{
    "train_loss": 2.8604861315558936,
    "validation_loss": 2.9538929939270018,
    "train_variance": 8.203847885131836,
    "validation_variance": 10.19193172454834
}