{
    "train_loss": 3.654374630310955,
    "validation_loss": 3.6517454385757446,
    "train_variance": 7.93362283706665,
    "validation_variance": 8.575556755065918
}