{
    "train_loss": 6.095253658294678,
    "validation_loss": 6.011599826812743
}