{
    "train_loss": 6.377205242830163,
    "validation_loss": 6.327389287948608
}