{
    "train_loss": 2.8924891275518085,
    "validation_loss": 2.9896931171417234,
    "train_variance": 6.800744533538818,
    "validation_variance": 8.200807571411133
}