{
    "train_loss": 2.8856300410102396,
    "validation_loss": 2.9720339775085454,
    "train_variance": 6.904627323150635,
    "validation_variance": 7.947327136993408
}