{
    "train_loss": 2.8377994397107296,
    "validation_loss": 2.9594041585922244,
    "train_variance": 8.884878158569336,
    "validation_variance": 10.1757230758667
}