{
    "train_loss": 4.568812381519992,
    "validation_loss": 4.50205934047699
}