{
    "train_loss": 5.132631773107189,
    "validation_loss": 5.05726113319397,
    "train_variance": 2.574090003967285,
    "validation_variance": 2.515320062637329
}