{
    "train_loss": 3.4015917385325722,
    "validation_loss": 3.417690372467041,
    "train_variance": 6.003284454345703,
    "validation_variance": 6.81532096862793
}