{
    "train_loss": 4.807134415121639,
    "validation_loss": 4.739222860336303
}