{
    "train_loss": 2.844259963316077,
    "validation_loss": 2.9435581684112546,
    "train_variance": 8.882416725158691,
    "validation_variance": 10.15330982208252
}