{
    "train_loss": 3.2229930709390087,
    "validation_loss": 3.2541160106658933,
    "train_variance": 5.931389331817627,
    "validation_variance": 6.22621488571167
}