{
    "train_loss": 3.3286745660445276,
    "validation_loss": 3.328816413879394,
    "train_variance": 5.012890338897705,
    "validation_variance": 5.061485767364502
}