{
    "train_loss": 3.4550249885110307,
    "validation_loss": 3.42489128112793,
    "train_variance": 4.745687961578369,
    "validation_variance": 4.617276668548584
}