{
    "train_loss": 2.872092631283928,
    "validation_loss": 2.978744697570801,
    "train_variance": 7.633729934692383,
    "validation_variance": 8.62121295928955
}