{
    "train_loss": 5.941070831523223,
    "validation_loss": 5.883226060867309
}