{
    "train_loss": 4.8581650902243245,
    "validation_loss": 4.797491550445557
}