{
    "train_loss": 6.181958327573887,
    "validation_loss": 6.097328186035155
}