{
    "train_loss": 4.25127097298117,
    "validation_loss": 4.2014309644699095
}