{
    "train_loss": 3.539850557551665,
    "validation_loss": 3.568033528327942
}