{
    "train_loss": 3.145658700606402,
    "validation_loss": 3.213901019096374,
    "train_variance": 6.190123081207275,
    "validation_variance": 7.0364837646484375
}