{
    "train_loss": 2.877806854248047,
    "validation_loss": 2.9639049053192137,
    "train_variance": 7.546209812164307,
    "validation_variance": 8.895414352416992
}