{
    "train_loss": 2.866497264188878,
    "validation_loss": 2.9684975385665893,
    "train_variance": 7.900035381317139,
    "validation_variance": 9.047043800354004
}