{
    "train_loss": 3.866267529655904,
    "validation_loss": 3.845522332191467
}