{
    "train_loss": 3.0582074305590465,
    "validation_loss": 3.136258769035339,
    "train_variance": 6.219773769378662,
    "validation_variance": 6.807074546813965
}