{
    "train_loss": 2.8341935045578897,
    "validation_loss": 2.9592604398727413,
    "train_variance": 9.08149528503418,
    "validation_variance": 10.423863410949707
}