{
    "train_loss": 4.63690231547636,
    "validation_loss": 4.594346618652343
}