{
    "train_loss": 3.09736187878777,
    "validation_loss": 3.1485244035720825,
    "train_variance": 5.653567790985107,
    "validation_variance": 5.936343669891357
}