{
    "train_loss": 3.2985010876375083,
    "validation_loss": 3.3209794998168944,
    "train_variance": 5.058344841003418,
    "validation_variance": 5.518836498260498
}