{
    "train_loss": 3.131012487411498,
    "validation_loss": 3.170877456665039,
    "train_variance": 5.063827037811279,
    "validation_variance": 5.618685245513916
}