{
    "train_loss": 3.1839480989119577,
    "validation_loss": 3.2045720338821413,
    "train_variance": 5.3919806480407715,
    "validation_variance": 5.773687839508057
}