{
    "train_loss": 3.0467149005216716,
    "validation_loss": 3.12363224029541,
    "train_variance": 6.343616485595703,
    "validation_variance": 6.930385589599609
}