{
    "train_loss": 2.8510490922366865,
    "validation_loss": 2.96766459941864,
    "train_variance": 8.379234313964844,
    "validation_variance": 9.528252601623535
}