{
    "train_loss": 3.6850730587454406,
    "validation_loss": 3.6578114748001096,
    "train_variance": 4.770145416259766,
    "validation_variance": 5.016234874725342
}