{
    "train_loss": 3.410870681089514,
    "validation_loss": 3.393121886253357,
    "train_variance": 4.9853692054748535,
    "validation_variance": 5.359716892242432
}