{
    "train_loss": 2.849754496181713,
    "validation_loss": 2.960624027252197,
    "train_variance": 8.43960952758789,
    "validation_variance": 9.26875114440918
}