{
    "train_loss": 3.523405164830824,
    "validation_loss": 3.5541461229324343
}