{
    "train_loss": 2.8447124284856464,
    "validation_loss": 2.9633100986480714,
    "train_variance": 8.605478286743164,
    "validation_variance": 10.044489860534668
}