{
    "train_loss": 2.863114098941578,
    "validation_loss": 2.9791743516921994,
    "train_variance": 8.395572662353516,
    "validation_variance": 9.563176155090332
}