{
    "train_loss": 3.3177331840290747,
    "validation_loss": 3.3259249448776247,
    "train_variance": 6.223443031311035,
    "validation_variance": 6.685480117797852
}