{
    "train_loss": 2.835028583863202,
    "validation_loss": 2.9620614528656004,
    "train_variance": 9.108991622924805,
    "validation_variance": 10.249442100524902
}