{
    "train_loss": 4.1555292858796955,
    "validation_loss": 4.106411600112915,
    "train_variance": 4.181829452514648,
    "validation_variance": 4.625710964202881
}