{
    "train_loss": 3.573740844165578,
    "validation_loss": 3.5985878944396976
}