{
    "train_accuracy": 0.40625,
    "train_loss": 2.2953288555145264,
    "validation_accuracy": 0.5,
    "validation_loss": 1.4551435708999634
}