{
    "train_accuracy": 0.09375,
    "train_loss": 2.485790252685547,
    "validation_accuracy": 0.28125,
    "validation_loss": 1.8020085096359253
}