{
    "train_accuracy": 0.46875,
    "train_loss": 1.1677392721176147,
    "validation_accuracy": 0.5625,
    "validation_loss": 1.8257116079330444
}