{
    "train_accuracy": 0.28125,
    "train_loss": 2.189675807952881,
    "validation_accuracy": 0.1875,
    "validation_loss": 3.1969544887542725
}