{
    "train_accuracy": 0.4375,
    "train_loss": 1.4794979095458984,
    "validation_accuracy": 0.21875,
    "validation_loss": 1.8845417499542236
}