{
    "train_accuracy": 0.53125,
    "train_loss": 1.621622085571289,
    "validation_accuracy": 0.40625,
    "validation_loss": 1.4375511407852173
}