{
    "train_accuracy": 0.3125,
    "train_loss": 2.431147336959839,
    "validation_accuracy": 0.40625,
    "validation_loss": 1.7887214422225952
}