{
    "train_accuracy": 0.5625,
    "train_loss": 1.3324015140533447,
    "validation_accuracy": 0.625,
    "validation_loss": 1.1249210834503174
}