{
    "train_accuracy": 0.625,
    "train_loss": 0.9922831654548645,
    "validation_accuracy": 0.625,
    "validation_loss": 0.9382213354110718
}