{
    "train_accuracy": 0.59375,
    "train_loss": 1.2598965167999268,
    "validation_accuracy": 0.625,
    "validation_loss": 0.9707955121994019
}