{
    "train_accuracy": 0.375,
    "train_loss": 3.015064001083374,
    "validation_accuracy": 0.375,
    "validation_loss": 2.0681252479553223
}