{
    "train_accuracy": 0.65625,
    "train_loss": 1.0427321195602417,
    "validation_accuracy": 0.65625,
    "validation_loss": 0.9697360992431641
}