{
    "train_accuracy": 0.34375,
    "train_loss": 1.4819875955581665,
    "validation_accuracy": 0.59375,
    "validation_loss": 1.4630310535430908
}