{
    "train_accuracy": 0.09375,
    "train_loss": 3.005680561065674,
    "validation_accuracy": 0.1875,
    "validation_loss": 2.9062788486480713
}