{
    "train_accuracy": 0.375,
    "train_loss": 1.655338168144226,
    "validation_accuracy": 0.65625,
    "validation_loss": 1.1696053743362427
}