{
    "train_accuracy": 0.59375,
    "train_loss": 0.998742938041687,
    "validation_accuracy": 0.5625,
    "validation_loss": 1.0827795267105103
}