{
    "train_accuracy": 0.40625,
    "train_loss": 1.4604085683822632,
    "validation_accuracy": 0.5,
    "validation_loss": 1.3104382753372192
}