{
    "train_accuracy": 0.375,
    "train_loss": 2.386486053466797,
    "validation_accuracy": 0.28125,
    "validation_loss": 1.827529788017273
}