{
    "train_accuracy": 0.65625,
    "train_loss": 1.167829990386963,
    "validation_accuracy": 0.6875,
    "validation_loss": 1.0866639614105225
}