{
    "train_accuracy": 0.34375,
    "train_loss": 1.8508886098861694,
    "validation_accuracy": 0.46875,
    "validation_loss": 1.832996129989624
}