{
    "train_accuracy": 0.40625,
    "train_loss": 1.5670135021209717,
    "validation_accuracy": 0.46875,
    "validation_loss": 1.5057487487792969
}