{
    "train_accuracy": 0.375,
    "train_loss": 2.7009291648864746,
    "validation_accuracy": 0.3125,
    "validation_loss": 2.8558030128479004
}