{
    "train_accuracy": 0.46875,
    "train_loss": 1.9310208559036255,
    "validation_accuracy": 0.46875,
    "validation_loss": 1.6360509395599365
}