{
    "train_accuracy": 0.375,
    "train_loss": 1.6893177032470703,
    "validation_accuracy": 0.25,
    "validation_loss": 2.504098653793335
}