{
    "train_accuracy": 0.5,
    "train_loss": 1.392108678817749,
    "validation_accuracy": 0.40625,
    "validation_loss": 1.4653633832931519
}