{
    "train_accuracy": 0.125,
    "train_loss": 2.4594712257385254,
    "validation_accuracy": 0.125,
    "validation_loss": 3.397569417953491
}