{
    "train_accuracy": 0.46875,
    "train_loss": 1.4174526929855347,
    "validation_accuracy": 0.5625,
    "validation_loss": 1.3784452676773071
}