{
    "train_accuracy": 0.4375,
    "train_loss": 1.4351052045822144,
    "validation_accuracy": 0.59375,
    "validation_loss": 1.277468204498291
}