{
    "train_accuracy": 0.40625,
    "train_loss": 1.9014980792999268,
    "validation_accuracy": 0.375,
    "validation_loss": 2.3012306690216064
}