{
    "train_accuracy": 0.34375,
    "train_loss": 1.5590354204177856,
    "validation_accuracy": 0.3125,
    "validation_loss": 1.8411805629730225
}