{
    "train_accuracy": 0.46875,
    "train_loss": 2.509211301803589,
    "validation_accuracy": 0.46875,
    "validation_loss": 1.1981801986694336
}