{
    "train_accuracy": 0.4375,
    "train_loss": 1.3416837453842163,
    "validation_accuracy": 0.59375,
    "validation_loss": 1.2963500022888184
}