{
    "train_accuracy": 0.53125,
    "train_loss": 1.1126821041107178,
    "validation_accuracy": 0.53125,
    "validation_loss": 1.5132575035095215
}