{
    "train_accuracy": 0.625,
    "train_loss": 1.2239983081817627,
    "validation_accuracy": 0.53125,
    "validation_loss": 1.2367894649505615
}