{
    "train_accuracy": 0.625,
    "train_loss": 1.1995710134506226,
    "validation_accuracy": 0.40625,
    "validation_loss": 2.2444634437561035
}