{
    "train_accuracy": 0.53125,
    "train_loss": 1.178905963897705,
    "validation_accuracy": 0.4375,
    "validation_loss": 1.7852096557617188
}