{
    "train_accuracy": 0.5,
    "train_loss": 1.0964610576629639,
    "validation_accuracy": 0.53125,
    "validation_loss": 2.5692596435546875
}