{
    "train_accuracy": 0.59375,
    "train_loss": 1.0737885236740112,
    "validation_accuracy": 0.53125,
    "validation_loss": 1.44941246509552
}