{
    "train_accuracy": 0.46875,
    "train_loss": 1.509587287902832,
    "validation_accuracy": 0.71875,
    "validation_loss": 0.969541072845459
}