{
    "train_accuracy": 0.375,
    "train_loss": 1.6783902645111084,
    "validation_accuracy": 0.4375,
    "validation_loss": 1.5136675834655762
}