{
    "train_accuracy": 0.4375,
    "train_loss": 1.4203468561172485,
    "validation_accuracy": 0.59375,
    "validation_loss": 1.2743093967437744
}