{
    "train_accuracy": 0.46875,
    "train_loss": 1.7481430768966675,
    "validation_accuracy": 0.40625,
    "validation_loss": 2.0074257850646973
}