{
    "train_accuracy": 0.45703125,
    "train_loss": 1.5196006298065186,
    "validation_accuracy": 0.46484375,
    "validation_loss": 1.4736021757125854
}