{
    "train_accuracy": 0.533203125,
    "train_loss": 1.3192089796066284,
    "validation_accuracy": 0.57421875,
    "validation_loss": 1.2077960968017578
}