{
    "train_accuracy": 0.6171875,
    "train_loss": 1.0811222791671753,
    "validation_accuracy": 0.66015625,
    "validation_loss": 0.9432979822158813
}