{
    "train_accuracy": 0.09375,
    "train_loss": 2.450477123260498,
    "validation_accuracy": 0.125,
    "validation_loss": 2.3435254096984863
}