{
    "train_accuracy": 0.5625,
    "train_loss": 1.2862880229949951,
    "validation_accuracy": 0.46875,
    "validation_loss": 1.7055745124816895
}