{
    "train_accuracy": 0.5625,
    "train_loss": 1.557325839996338,
    "validation_accuracy": 0.5,
    "validation_loss": 1.2989362478256226
}