{
    "train_accuracy": 0.28125,
    "train_loss": 1.873761534690857,
    "validation_accuracy": 0.34375,
    "validation_loss": 2.0989184379577637
}