{
    "train_accuracy": 0.59375,
    "train_loss": 1.1418083906173706,
    "validation_accuracy": 0.5625,
    "validation_loss": 1.4108412265777588
}