{
    "train_accuracy": 0.625,
    "train_loss": 1.2433950901031494,
    "validation_accuracy": 0.65625,
    "validation_loss": 1.1644366979599
}