{
    "train_accuracy": 0.59375,
    "train_loss": 1.4027786254882812,
    "validation_accuracy": 0.28125,
    "validation_loss": 3.0020015239715576
}