{
    "train_accuracy": 0.125,
    "train_loss": 2.3042194843292236,
    "validation_accuracy": 0.0625,
    "validation_loss": 2.3149356842041016
}