{
    "train_accuracy": 0.03125,
    "train_loss": 2.315422534942627,
    "validation_accuracy": 0.15625,
    "validation_loss": 2.296374797821045
}