{
    "train_accuracy": 0.25,
    "train_loss": 2.8963868618011475,
    "validation_accuracy": 0.34375,
    "validation_loss": 1.8448874950408936
}