{
    "train_accuracy": 0.0,
    "train_loss": 2.389711618423462,
    "validation_accuracy": 0.15625,
    "validation_loss": 2.349658966064453
}