{
    "train_accuracy": 0.03125,
    "train_loss": 2.3163182735443115,
    "validation_accuracy": 0.15625,
    "validation_loss": 2.271221876144409
}