{
    "train_accuracy": 0.40625,
    "train_loss": 1.968177080154419,
    "validation_accuracy": 0.40625,
    "validation_loss": 1.6563148498535156
}