{
    "train_accuracy": 0.125,
    "train_loss": 2.275846004486084,
    "validation_accuracy": 0.09375,
    "validation_loss": 2.313218355178833
}