{
    "train_accuracy": 0.03125,
    "train_loss": 2.3311970233917236,
    "validation_accuracy": 0.0625,
    "validation_loss": 2.3198490142822266
}