{
    "train_accuracy": 0.5625,
    "train_loss": 1.7204781770706177,
    "validation_accuracy": 0.5625,
    "validation_loss": 1.3822969198226929
}