{
    "train_accuracy": 0.46875,
    "train_loss": 1.503687858581543,
    "validation_accuracy": 0.34375,
    "validation_loss": 1.7036305665969849
}