{
    "train_accuracy": 0.15625,
    "train_loss": 2.3071393966674805,
    "validation_accuracy": 0.125,
    "validation_loss": 2.2986037731170654
}