{
    "train_accuracy": 0.28125,
    "train_loss": 2.1775283813476562,
    "validation_accuracy": 0.4375,
    "validation_loss": 2.359632968902588
}