{
    "train_accuracy": 0.53125,
    "train_loss": 3.443660020828247,
    "validation_accuracy": 0.46875,
    "validation_loss": 1.715285062789917
}