{
    "train_accuracy": 0.53125,
    "train_loss": 1.2856671810150146,
    "validation_accuracy": 0.6875,
    "validation_loss": 1.002808690071106
}