{
    "train_accuracy": 0.0625,
    "train_loss": 2.2943060398101807,
    "validation_accuracy": 0.1875,
    "validation_loss": 2.308589220046997
}