{
    "train_accuracy": 0.125,
    "train_loss": 2.2971837520599365,
    "validation_accuracy": 0.0625,
    "validation_loss": 2.305314302444458
}