{
    "train_accuracy": 0.4375,
    "train_loss": 1.587670922279358,
    "validation_accuracy": 0.40625,
    "validation_loss": 5.358516216278076
}