{
    "train_accuracy": 0.09375,
    "train_loss": 2.303396463394165,
    "validation_accuracy": 0.0625,
    "validation_loss": 2.336139440536499
}