{
    "train_accuracy": 0.09375,
    "train_loss": 2.3030481338500977,
    "validation_accuracy": 0.0,
    "validation_loss": 2.306426525115967
}