{
    "train_accuracy": 0.375,
    "train_loss": 1.6789072751998901,
    "validation_accuracy": 0.46875,
    "validation_loss": 1.6667908430099487
}