{
    "train_accuracy": 0.03125,
    "train_loss": 2.312398910522461,
    "validation_accuracy": 0.09375,
    "validation_loss": 2.3105859756469727
}