{
    "train_accuracy": 0.5,
    "train_loss": 1.2583622932434082,
    "validation_accuracy": 0.5,
    "validation_loss": 1.5705852508544922
}