{
    "train_accuracy": 0.34375,
    "train_loss": 1.947624921798706,
    "validation_accuracy": 0.53125,
    "validation_loss": 1.6434004306793213
}