{
    "train_accuracy": 0.34375,
    "train_loss": 2.2683379650115967,
    "validation_accuracy": 0.34375,
    "validation_loss": 1.997632622718811
}