{
    "train_accuracy": 0.15625,
    "train_loss": 2.72110915184021,
    "validation_accuracy": 0.34375,
    "validation_loss": 1.970937967300415
}