{
    "train_accuracy": 0.09375,
    "train_loss": 2.344097375869751,
    "validation_accuracy": 0.15625,
    "validation_loss": 2.3448636531829834
}