{
    "train_accuracy": 0.640625,
    "train_loss": 0.9783061742782593,
    "validation_accuracy": 0.6328125,
    "validation_loss": 0.9665758609771729
}