{
    "train_accuracy": 0.546875,
    "train_loss": 1.4008076190948486,
    "validation_accuracy": 0.5234375,
    "validation_loss": 1.3498809337615967
}