{
    "train_accuracy": 0.5703125,
    "train_loss": 1.1163487434387207,
    "validation_accuracy": 0.6015625,
    "validation_loss": 1.0674022436141968
}