{
    "train_accuracy": 0.3828125,
    "train_loss": 1.5623811483383179,
    "validation_accuracy": 0.4375,
    "validation_loss": 1.5055879354476929
}