{
    "train_accuracy": 0.34375,
    "train_loss": 1.9181973934173584,
    "validation_accuracy": 0.3671875,
    "validation_loss": 1.7359882593154907
}