{
    "train_accuracy": 0.7734375,
    "train_loss": 0.7065807580947876,
    "validation_accuracy": 0.75,
    "validation_loss": 0.8212185502052307
}