{
    "train_accuracy": 0.5859375,
    "train_loss": 1.2461028099060059,
    "validation_accuracy": 0.5078125,
    "validation_loss": 1.292925238609314
}