{
    "train_accuracy": 0.6015625,
    "train_loss": 0.992165744304657,
    "validation_accuracy": 0.7109375,
    "validation_loss": 0.8112257122993469
}