{
    "train_accuracy": 0.6484375,
    "train_loss": 1.0543227195739746,
    "validation_accuracy": 0.65625,
    "validation_loss": 1.5751341581344604
}