{
    "train_accuracy": 0.734375,
    "train_loss": 0.7902636528015137,
    "validation_accuracy": 0.75,
    "validation_loss": 0.7271891236305237
}