{
    "train_accuracy": 0.7421875,
    "train_loss": 0.8000866174697876,
    "validation_accuracy": 0.6875,
    "validation_loss": 0.7810130715370178
}