{
    "train_accuracy": 0.7890625,
    "train_loss": 0.5852314829826355,
    "validation_accuracy": 0.6640625,
    "validation_loss": 0.9054657220840454
}