{
    "train_accuracy": 0.5390625,
    "train_loss": 1.2915946245193481,
    "validation_accuracy": 0.5859375,
    "validation_loss": 1.2772542238235474
}