{
    "train_accuracy": 0.6484375,
    "train_loss": 1.2857156991958618,
    "validation_accuracy": 0.59375,
    "validation_loss": 1.3166230916976929
}