{
    "train_accuracy": 0.609375,
    "train_loss": 1.210060954093933,
    "validation_accuracy": 0.6171875,
    "validation_loss": 1.0278313159942627
}