{
    "train_accuracy": 0.46875,
    "train_loss": 1.4937734603881836,
    "validation_accuracy": 0.5546875,
    "validation_loss": 1.2357994318008423
}