{
    "train_accuracy": 0.65625,
    "train_loss": 1.2593536376953125,
    "validation_accuracy": 0.578125,
    "validation_loss": 1.2516710758209229
}