{
    "train_accuracy": 0.734375,
    "train_loss": 0.8467566967010498,
    "validation_accuracy": 0.7265625,
    "validation_loss": 0.8445990681648254
}