{
    "train_accuracy": 0.75,
    "train_loss": 0.8866538405418396,
    "validation_accuracy": 0.6640625,
    "validation_loss": 0.9236336946487427
}