{
    "train_accuracy": 0.6640625,
    "train_loss": 1.020309329032898,
    "validation_accuracy": 0.6875,
    "validation_loss": 0.9678314924240112
}