{
    "train_accuracy": 0.4921875,
    "train_loss": 1.5976660251617432,
    "validation_accuracy": 0.5390625,
    "validation_loss": 1.359820008277893
}