{
    "train_accuracy": 0.75,
    "train_loss": 0.7011125683784485,
    "validation_accuracy": 0.609375,
    "validation_loss": 1.1072514057159424
}