{
    "train_accuracy": 0.40625,
    "train_loss": 1.6375954151153564,
    "validation_accuracy": 0.40625,
    "validation_loss": 1.4485043287277222
}