{
    "train_accuracy": 0.671875,
    "train_loss": 1.1069010496139526,
    "validation_accuracy": 0.6015625,
    "validation_loss": 1.1776611804962158
}