{
    "train_accuracy": 0.4921875,
    "train_loss": 1.3266159296035767,
    "validation_accuracy": 0.546875,
    "validation_loss": 1.3426893949508667
}