{
    "train_accuracy": 0.4921875,
    "train_loss": 1.3841503858566284,
    "validation_accuracy": 0.578125,
    "validation_loss": 1.219914197921753
}