{
    "train_accuracy": 0.3203125,
    "train_loss": 1.9897191524505615,
    "validation_accuracy": 0.421875,
    "validation_loss": 1.9491190910339355
}