{
    "train_accuracy": 0.7421875,
    "train_loss": 0.8494516015052795,
    "validation_accuracy": 0.6328125,
    "validation_loss": 1.2017104625701904
}