{
    "train_accuracy": 0.453125,
    "train_loss": 1.9811030626296997,
    "validation_accuracy": 0.4375,
    "validation_loss": 1.6472318172454834
}