{
    "train_accuracy": 0.53125,
    "train_loss": 1.2050796747207642,
    "validation_accuracy": 0.59375,
    "validation_loss": 1.16636323928833
}