{
    "train_accuracy": 0.8203125,
    "train_loss": 0.6729647517204285,
    "validation_accuracy": 0.71875,
    "validation_loss": 0.8251574635505676
}