{
    "train_accuracy": 0.7109375,
    "train_loss": 0.842348039150238,
    "validation_accuracy": 0.7109375,
    "validation_loss": 0.880138635635376
}