{
    "train_accuracy": 0.7421875,
    "train_loss": 0.798427402973175,
    "validation_accuracy": 0.6953125,
    "validation_loss": 0.9196961522102356
}