{
    "train_accuracy": 0.53125,
    "train_loss": 1.14383065700531,
    "validation_accuracy": 0.59375,
    "validation_loss": 1.3654999732971191
}