{
    "train_accuracy": 0.6171875,
    "train_loss": 1.0761605501174927,
    "validation_accuracy": 0.6875,
    "validation_loss": 0.8919417262077332
}