{
    "train_accuracy": 0.5859375,
    "train_loss": 0.9887235760688782,
    "validation_accuracy": 0.6015625,
    "validation_loss": 1.0730371475219727
}