{
    "train_accuracy": 0.6171875,
    "train_loss": 1.1204489469528198,
    "validation_accuracy": 0.6875,
    "validation_loss": 0.9429035782814026
}