{
    "train_accuracy": 0.6171875,
    "train_loss": 1.1714128255844116,
    "validation_accuracy": 0.59375,
    "validation_loss": 1.1319937705993652
}