{
    "train_accuracy": 0.6484375,
    "train_loss": 0.8828092813491821,
    "validation_accuracy": 0.6953125,
    "validation_loss": 0.8507747054100037
}