{
    "train_loss": 0.09118324398063123,
    "train_accuracy": 0.9852734374999963,
    "train_avg_precision": 0.9826946081900401,
    "train_min_precision": 0.8679058870588446,
    "train_avg_recall": 0.9858449119791307,
    "train_min_recall": 0.8916449812979395,
    "validation_loss": 1.3462242210746576,
    "validation_accuracy": 0.6338574840764332,
    "validation_avg_precision": 0.647943270776581,
    "validation_min_precision": 0.25859356496299163,
    "validation_avg_recall": 0.63350037742741,
    "validation_min_recall": 0.20512507662189183,
    "train_variance": 30.517005920410156,
    "validation_variance": 1037.3389892578125
}