{
    "train_loss": 0.09047600491903726,
    "train_accuracy": 0.9872656249999961,
    "train_avg_precision": 0.9846246822343253,
    "train_min_precision": 0.8633181842667108,
    "train_avg_recall": 0.9876337851903155,
    "train_min_recall": 0.8887854986108629,
    "validation_loss": 1.3581266243746324,
    "validation_accuracy": 0.6277866242038209,
    "validation_avg_precision": 0.6355168902165279,
    "validation_min_precision": 0.22679987262227785,
    "validation_avg_recall": 0.6279332368504343,
    "validation_min_recall": 0.17427227761622655,
    "train_variance": 30.274038314819336,
    "validation_variance": 806.5899047851562
}