{
    "train_loss": 1.196623241901398,
    "train_accuracy": 0.5839062499999998,
    "train_avg_precision": 0.5380303768966147,
    "train_min_precision": 0.05712202380952386,
    "train_avg_recall": 0.558571515101495,
    "train_min_recall": 0.07814727102962399,
    "validation_loss": 1.3666663534322354,
    "validation_accuracy": 0.5087579617834397,
    "validation_avg_precision": 0.5071476394565566,
    "validation_min_precision": 0.141002840047426,
    "validation_avg_recall": 0.5112551826564564,
    "validation_min_recall": 0.12566472805326304,
    "train_variance": 120.7300796508789,
    "validation_variance": 165.29351806640625
}