{
    "train_loss": 0.41191848088055844,
    "train_accuracy": 0.8678515625000022,
    "train_avg_precision": 0.8547284680622534,
    "train_min_precision": 0.4515895874958364,
    "train_avg_recall": 0.8640580191653061,
    "train_min_recall": 0.4926895251398916,
    "validation_loss": 1.3148195997924566,
    "validation_accuracy": 0.6067874203821654,
    "validation_avg_precision": 0.63406983124818,
    "validation_min_precision": 0.2206632009179779,
    "validation_avg_recall": 0.6065672084461894,
    "validation_min_recall": 0.16813862004944807,
    "train_variance": 144.4474334716797,
    "validation_variance": 587.0470581054688
}