{
    "train_accuracy": 0.734375,
    "train_avg_precision": 0.7303030303030303,
    "train_min_precision": 0.5,
    "train_avg_recall": 0.7836538461538463,
    "train_min_recall": 0.16666666666666666,
    "train_loss": 0.7286087274551392,
    "validation_accuracy": 0.4375,
    "validation_avg_precision": 0.35000000000000003,
    "validation_min_precision": 0.0,
    "validation_avg_recall": 0.38333333333333336,
    "validation_min_recall": 0.0,
    "validation_loss": 1.2060209512710571,
    "train_variance": 133.5070037841797,
    "validation_variance": 226.94740295410156
}