{
    "train_loss": 0.08445157074835152,
    "train_accuracy": 0.987265624999995,
    "train_avg_precision": 0.9847211478074818,
    "train_min_precision": 0.882495059732575,
    "train_avg_recall": 0.9880229486718203,
    "train_min_recall": 0.9081586322711483,
    "validation_loss": 1.357657020638702,
    "validation_accuracy": 0.6294785031847132,
    "validation_avg_precision": 0.6360504819503194,
    "validation_min_precision": 0.20604598868930069,
    "validation_avg_recall": 0.622533267137832,
    "validation_min_recall": 0.16514209428222162,
    "train_variance": 27.313674926757812,
    "validation_variance": 1056.3560791015625
}