{
    "train_accuracy": 0.96875,
    "train_avg_precision": 0.9708333333333333,
    "train_min_precision": 0.8333333333333334,
    "train_avg_recall": 0.9732142857142858,
    "train_min_recall": 0.8571428571428571,
    "train_loss": 0.1145021840929985,
    "validation_accuracy": 0.625,
    "validation_avg_precision": 0.6458333333333333,
    "validation_min_precision": 0.0,
    "validation_avg_recall": 0.6875,
    "validation_min_recall": 0.0,
    "validation_loss": 1.7539267539978027,
    "train_variance": 39.5550651550293,
    "validation_variance": 791.8206176757812
}