{
    "train_loss": 0.542405418306589,
    "train_accuracy": 0.823984375000001,
    "train_avg_precision": 0.7903737986845218,
    "train_min_precision": 0.3185025321900321,
    "train_avg_recall": 0.8143146789995139,
    "train_min_recall": 0.3825659340659338,
    "validation_loss": 1.2435693019514624,
    "validation_accuracy": 0.5931528662420381,
    "validation_avg_precision": 0.6032305460972567,
    "validation_min_precision": 0.1950640124207003,
    "validation_avg_recall": 0.5922702003982449,
    "validation_min_recall": 0.17327621069659285,
    "train_variance": 139.3289794921875,
    "validation_variance": 349.9084167480469
}