{
    "train_loss": 0.12554115193895993,
    "train_accuracy": 0.9750390624999992,
    "train_avg_precision": 0.9737857244081474,
    "train_min_precision": 0.8181182897554781,
    "train_avg_recall": 0.978810064880803,
    "train_min_recall": 0.8550837238134636,
    "validation_loss": 1.3727555073750244,
    "validation_accuracy": 0.620421974522293,
    "validation_avg_precision": 0.6364710767459925,
    "validation_min_precision": 0.2013042658602793,
    "validation_avg_recall": 0.6166335869839056,
    "validation_min_recall": 0.14437068593119545,
    "train_variance": 43.912384033203125,
    "validation_variance": 792.7781372070312
}