{
    "train_loss": 0.06716446944978083,
    "train_accuracy": 0.994570312499993,
    "train_avg_precision": 0.9927174293065957,
    "train_min_precision": 0.919288137924162,
    "train_avg_recall": 0.995501116916119,
    "train_min_recall": 0.9431311691297128,
    "validation_loss": 1.354172845554959,
    "validation_accuracy": 0.6317675159235668,
    "validation_avg_precision": 0.6374540205079926,
    "validation_min_precision": 0.2218713876357188,
    "validation_avg_recall": 0.6280684485169624,
    "validation_min_recall": 0.16633486824569624,
    "train_variance": 17.205841064453125,
    "validation_variance": 887.3507690429688
}