{
    "train_loss": 0.0730626688664778,
    "train_accuracy": 0.9925390624999945,
    "train_avg_precision": 0.9902405077839306,
    "train_min_precision": 0.9035405430482784,
    "train_avg_recall": 0.9928625466827699,
    "train_min_recall": 0.9264531557623622,
    "validation_loss": 1.3522145269782684,
    "validation_accuracy": 0.6323646496815285,
    "validation_avg_precision": 0.644076198041166,
    "validation_min_precision": 0.23276744486935563,
    "validation_avg_recall": 0.6288691102619542,
    "validation_min_recall": 0.1879589260911853,
    "train_variance": 22.053974151611328,
    "validation_variance": 884.839111328125
}