{
    "train_loss": 0.5177222883328794,
    "train_accuracy": 0.8308203125000013,
    "train_avg_precision": 0.7901624964459294,
    "train_min_precision": 0.3133306277056273,
    "train_avg_recall": 0.8185623592864718,
    "train_min_recall": 0.38242515817515743,
    "validation_loss": 1.19489642996697,
    "validation_accuracy": 0.61046974522293,
    "validation_avg_precision": 0.6176974869870151,
    "validation_min_precision": 0.2252982509351935,
    "validation_avg_recall": 0.610981377080103,
    "validation_min_recall": 0.20848245880093014,
    "train_variance": 133.40574645996094,
    "validation_variance": 426.5445556640625
}