{
    "train_loss": 0.6188003100454804,
    "train_accuracy": 0.7958984375000003,
    "train_avg_precision": 0.7582906134737636,
    "train_min_precision": 0.2666140109890108,
    "train_avg_recall": 0.7902592580296242,
    "train_min_recall": 0.34937952672327616,
    "validation_loss": 1.2256999414437897,
    "validation_accuracy": 0.5957404458598724,
    "validation_avg_precision": 0.5936023675130083,
    "validation_min_precision": 0.1923734616409775,
    "validation_avg_recall": 0.5933694131001175,
    "validation_min_recall": 0.16766941480317274,
    "train_variance": 141.97915649414062,
    "validation_variance": 381.99627685546875
}