{
    "train_accuracy": 0.515625,
    "train_avg_precision": 0.515,
    "train_min_precision": 0.125,
    "train_avg_recall": 0.5909126984126984,
    "train_min_recall": 0.125,
    "train_loss": 1.245982050895691,
    "validation_accuracy": 0.6875,
    "validation_avg_precision": 0.59375,
    "validation_min_precision": 0.0,
    "validation_avg_recall": 0.6041666666666666,
    "validation_min_recall": 0.0,
    "validation_loss": 1.1175247430801392,
    "train_variance": 126.11705780029297,
    "validation_variance": 171.8689422607422
}