{
    "train_loss": 0.10496513671241696,
    "train_accuracy": 0.9807812499999972,
    "train_avg_precision": 0.9785189791171301,
    "train_min_precision": 0.8479465412575877,
    "train_avg_recall": 0.9836594916937795,
    "train_min_recall": 0.8833284750487705,
    "validation_loss": 1.3298785113225318,
    "validation_accuracy": 0.631966560509554,
    "validation_avg_precision": 0.6446669502284899,
    "validation_min_precision": 0.24322984163748484,
    "validation_avg_recall": 0.6336620184278482,
    "validation_min_recall": 0.18753397324959709,
    "train_variance": 36.77490234375,
    "validation_variance": 962.2925415039062
}