{
    "train_loss": 0.3463121366500855,
    "train_accuracy": 0.896718750000002,
    "train_avg_precision": 0.8807586906560483,
    "train_min_precision": 0.5241405400155388,
    "train_avg_recall": 0.8961805564338116,
    "train_min_recall": 0.5814493866019594,
    "validation_loss": 1.2672155932256381,
    "validation_accuracy": 0.6112659235668787,
    "validation_avg_precision": 0.6302102152977951,
    "validation_min_precision": 0.2218179732510942,
    "validation_avg_recall": 0.6103734988766839,
    "validation_min_recall": 0.19033097122269094,
    "train_variance": 106.53629302978516,
    "validation_variance": 499.3291931152344
}