{
    "train_accuracy": 0.828125,
    "train_avg_precision": 0.8485479797979797,
    "train_min_precision": 0.25,
    "train_avg_recall": 0.8047979797979798,
    "train_min_recall": 0.3333333333333333,
    "train_loss": 0.5249103307723999,
    "validation_accuracy": 0.5625,
    "validation_avg_precision": 0.49000000000000005,
    "validation_min_precision": 0.0,
    "validation_avg_recall": 0.5666666666666665,
    "validation_min_recall": 0.0,
    "validation_loss": 0.7591535449028015,
    "train_variance": 157.07467651367188,
    "validation_variance": 397.500244140625
}