{
    "train_loss": 0.17983205676078798,
    "train_accuracy": 0.954492187500002,
    "train_avg_precision": 0.946303673672048,
    "train_min_precision": 0.7046101076211354,
    "train_avg_recall": 0.9563040841375391,
    "train_min_recall": 0.7641812001315665,
    "validation_loss": 1.3029640958567337,
    "validation_accuracy": 0.6260947452229296,
    "validation_avg_precision": 0.6367623684961642,
    "validation_min_precision": 0.230026113306368,
    "validation_avg_recall": 0.6241862003884294,
    "validation_min_recall": 0.1825810424536538,
    "train_variance": 71.35220336914062,
    "validation_variance": 824.7410888671875
}