{
    "train_loss": 0.4788108498230578,
    "train_accuracy": 0.8480468750000011,
    "train_avg_precision": 0.8233584035010132,
    "train_min_precision": 0.3685089493839487,
    "train_avg_recall": 0.8388961039666247,
    "train_min_recall": 0.41334683719058635,
    "validation_loss": 1.2541882756409368,
    "validation_accuracy": 0.603801751592356,
    "validation_avg_precision": 0.6234135446897716,
    "validation_min_precision": 0.2164249939727646,
    "validation_avg_recall": 0.6047371542116765,
    "validation_min_recall": 0.1861881218569116,
    "train_variance": 115.26634216308594,
    "validation_variance": 359.2985534667969
}