{
    "train_loss": 0.9368066981434827,
    "train_accuracy": 0.6809765624999999,
    "train_avg_precision": 0.6369045840457701,
    "train_min_precision": 0.12851740620490626,
    "train_avg_recall": 0.6494953998456074,
    "train_min_recall": 0.15349359668109666,
    "validation_loss": 1.3772576838541937,
    "validation_accuracy": 0.5278662420382165,
    "validation_avg_precision": 0.530033410191241,
    "validation_min_precision": 0.1070748430621042,
    "validation_avg_recall": 0.5264241049113662,
    "validation_min_recall": 0.08229841637484947,
    "train_variance": 143.56785583496094,
    "validation_variance": 196.73965454101562
}