{
    "train_accuracy": 0.984375,
    "train_avg_precision": 0.9814814814814815,
    "train_min_precision": 0.8333333333333334,
    "train_avg_recall": 0.9914529914529915,
    "train_min_recall": 0.9230769230769231,
    "train_loss": 0.08758222311735153,
    "validation_accuracy": 0.75,
    "validation_avg_precision": 0.5740740740740741,
    "validation_min_precision": 0.0,
    "validation_avg_recall": 0.5740740740740741,
    "validation_min_recall": 0.0,
    "validation_loss": 0.4593540132045746,
    "train_variance": 20.629188537597656,
    "validation_variance": 909.0765991210938
}