{
    "train_accuracy": 0.984375,
    "train_avg_precision": 0.9800000000000001,
    "train_min_precision": 0.8,
    "train_avg_recall": 0.9928571428571428,
    "train_min_recall": 0.9285714285714286,
    "train_loss": 0.11501142382621765,
    "validation_accuracy": 0.5625,
    "validation_avg_precision": 0.625,
    "validation_min_precision": 0.0,
    "validation_avg_recall": 0.5208333333333333,
    "validation_min_recall": 0.0,
    "validation_loss": 1.0619971752166748,
    "train_variance": 17.36564064025879,
    "validation_variance": 917.037353515625
}