{
    "train_loss": 0.1224795133806767,
    "train_accuracy": 0.973749999999999,
    "train_avg_precision": 0.9702941187017714,
    "train_min_precision": 0.8014652747171113,
    "train_avg_recall": 0.977536575949849,
    "train_min_recall": 0.8487225268603934,
    "validation_loss": 1.3239633065120435,
    "validation_accuracy": 0.6325636942675161,
    "validation_avg_precision": 0.6442071773184842,
    "validation_min_precision": 0.2236700136381664,
    "validation_avg_recall": 0.6328234203871148,
    "validation_min_recall": 0.18122555081153802,
    "train_variance": 45.21522521972656,
    "validation_variance": 892.2739868164062
}