{
    "train_loss": 0.7582275832444438,
    "train_accuracy": 0.7439843749999995,
    "train_avg_precision": 0.7112832878677248,
    "train_min_precision": 0.22496668609168605,
    "train_avg_recall": 0.7429935633773048,
    "train_min_recall": 0.2979574557387056,
    "validation_loss": 1.2386702724323146,
    "validation_accuracy": 0.5784235668789808,
    "validation_avg_precision": 0.596689344594459,
    "validation_min_precision": 0.19976373591023272,
    "validation_avg_recall": 0.5761597003688296,
    "validation_min_recall": 0.19876724478635302,
    "train_variance": 131.34872436523438,
    "validation_variance": 311.4610290527344
}