{
    "train_loss": 0.15187384765595188,
    "train_accuracy": 0.9635937500000011,
    "train_avg_precision": 0.9585541964384027,
    "train_min_precision": 0.7543284832535012,
    "train_avg_recall": 0.9676600831819046,
    "train_min_recall": 0.8092771619720143,
    "validation_loss": 1.2971727912593043,
    "validation_accuracy": 0.6303742038216562,
    "validation_avg_precision": 0.6418990590089318,
    "validation_min_precision": 0.2288596930316675,
    "validation_avg_recall": 0.62506662304433,
    "validation_min_recall": 0.18418739788166535,
    "train_variance": 50.33844757080078,
    "validation_variance": 848.359375
}