{
    "train_loss": 0.30042428869754084,
    "train_accuracy": 0.9127343750000024,
    "train_avg_precision": 0.8955261380690769,
    "train_min_precision": 0.5406538912476401,
    "train_avg_recall": 0.9052319173974752,
    "train_min_recall": 0.5826777666777659,
    "validation_loss": 1.302891090037717,
    "validation_accuracy": 0.6075835987261146,
    "validation_avg_precision": 0.6185139313768951,
    "validation_min_precision": 0.19555768011182018,
    "validation_avg_recall": 0.6070399619842293,
    "validation_min_recall": 0.15379307528989056,
    "train_variance": 104.87278747558594,
    "validation_variance": 644.9442138671875
}