{
    "train_accuracy": 0.65625,
    "train_avg_precision": 0.6908333333333333,
    "train_min_precision": 0.1111111111111111,
    "train_avg_recall": 0.7208874458874459,
    "train_min_recall": 0.42857142857142855,
    "train_loss": 0.9368180632591248,
    "validation_accuracy": 0.3125,
    "validation_avg_precision": 0.20370370370370366,
    "validation_min_precision": 0.0,
    "validation_avg_recall": 0.3055555555555555,
    "validation_min_recall": 0.0,
    "validation_loss": 1.2796440124511719,
    "train_variance": 139.1716766357422,
    "validation_variance": 191.8006134033203
}