{
    "train_loss": 0.7765574357658626,
    "train_accuracy": 0.7359374999999994,
    "train_avg_precision": 0.6853137762818257,
    "train_min_precision": 0.14435732323232323,
    "train_avg_recall": 0.6802242236841436,
    "train_min_recall": 0.1307743090243091,
    "validation_loss": 1.3042594672767982,
    "validation_accuracy": 0.558220541401274,
    "validation_avg_precision": 0.5647497347486748,
    "validation_min_precision": 0.138622806775673,
    "validation_avg_recall": 0.5622362837092141,
    "validation_min_recall": 0.09086258751863845,
    "train_variance": 132.7329864501953,
    "validation_variance": 226.21957397460938
}