{
    "train_loss": 1.0390351359546173,
    "train_accuracy": 0.6462109374999998,
    "train_avg_precision": 0.6099618748529447,
    "train_min_precision": 0.09679877067377073,
    "train_avg_recall": 0.6065560875350395,
    "train_min_recall": 0.09555447330447334,
    "validation_loss": 1.494940843551782,
    "validation_accuracy": 0.5076632165605093,
    "validation_avg_precision": 0.5230541537106433,
    "validation_min_precision": 0.07631324329057562,
    "validation_avg_recall": 0.5038347427519403,
    "validation_min_recall": 0.06215338094318987,
    "train_variance": 163.3416290283203,
    "validation_variance": 237.50350952148438
}