{
    "train_accuracy": 0.984375,
    "train_avg_precision": 0.9857142857142858,
    "train_min_precision": 0.8571428571428571,
    "train_avg_recall": 0.9933333333333334,
    "train_min_recall": 0.9333333333333333,
    "train_loss": 0.12828794121742249,
    "validation_accuracy": 0.75,
    "validation_avg_precision": 0.6145833333333333,
    "validation_min_precision": 0.0,
    "validation_avg_recall": 0.7083333333333333,
    "validation_min_recall": 0.0,
    "validation_loss": 0.75965815782547,
    "train_variance": 48.130428314208984,
    "validation_variance": 737.73095703125
}