{
    "train_loss": 0.29310395391657934,
    "train_accuracy": 0.9123437500000016,
    "train_avg_precision": 0.9004313113490282,
    "train_min_precision": 0.5488983169608159,
    "train_avg_recall": 0.9091996547340373,
    "train_min_recall": 0.5806142884892876,
    "validation_loss": 1.3710667570685127,
    "validation_accuracy": 0.5957404458598727,
    "validation_avg_precision": 0.6223835705863031,
    "validation_min_precision": 0.1882155353492933,
    "validation_avg_recall": 0.5990970432610558,
    "validation_min_recall": 0.1509670973046769,
    "train_variance": 98.8758316040039,
    "validation_variance": 597.8838500976562
}