{
    "train_loss": 1.2836905758082857,
    "train_accuracy": 0.5493359374999999,
    "train_avg_precision": 0.5228283922368481,
    "train_min_precision": 0.055087204462204484,
    "train_avg_recall": 0.5368136731870737,
    "train_min_recall": 0.08362463047573343,
    "validation_loss": 1.4174453612345796,
    "validation_accuracy": 0.5015923566878984,
    "validation_avg_precision": 0.5081400357444754,
    "validation_min_precision": 0.1435920767130958,
    "validation_avg_recall": 0.5043475862424907,
    "validation_min_recall": 0.13814152938356758,
    "train_variance": 142.54490661621094,
    "validation_variance": 202.2794952392578
}