{
    "train_loss": 0.22614782981574527,
    "train_accuracy": 0.9370312500000029,
    "train_avg_precision": 0.9244733307193707,
    "train_min_precision": 0.6383959790209779,
    "train_avg_recall": 0.936502159134711,
    "train_min_recall": 0.695981954524233,
    "validation_loss": 1.2784370126997593,
    "validation_accuracy": 0.6262937898089175,
    "validation_avg_precision": 0.6417193705091797,
    "validation_min_precision": 0.2494360116175402,
    "validation_avg_recall": 0.6243627698086294,
    "validation_min_recall": 0.18818554057407558,
    "train_variance": 83.7816162109375,
    "validation_variance": 721.7741088867188
}