{
    "train_loss": 0.14714130863547314,
    "train_accuracy": 0.9686328125000001,
    "train_avg_precision": 0.9630042445005051,
    "train_min_precision": 0.7568035391895669,
    "train_avg_recall": 0.9708637408814008,
    "train_min_recall": 0.8082993467445861,
    "validation_loss": 1.311375192775848,
    "validation_accuracy": 0.6237062101910826,
    "validation_avg_precision": 0.6353189688609765,
    "validation_min_precision": 0.227897960143183,
    "validation_avg_recall": 0.620965023122667,
    "validation_min_recall": 0.1878815452063859,
    "train_variance": 49.59176254272461,
    "validation_variance": 744.2068481445312
}