{
    "train_loss": 2.863505652371575,
    "validation_loss": 2.940101647377014,
    "train_variance": 7.713496208190918,
    "validation_variance": 9.387225151062012
}