{
    "train_loss": 2.8259547654320207,
    "validation_loss": 2.932954025268555,
    "train_variance": 9.123751640319824,
    "validation_variance": 10.484394073486328
}