{
    "train_loss": 2.8538121195400463,
    "validation_loss": 2.948934984207153,
    "train_variance": 8.045538902282715,
    "validation_variance": 9.364832878112793
}