{
    "train_loss": 3.413350262361413,
    "validation_loss": 3.404690146446228,
    "train_variance": 5.579050540924072,
    "validation_variance": 6.071052074432373
}