{
    "train_loss": 3.584346100863287,
    "validation_loss": 3.5423323631286623,
    "train_variance": 5.1230316162109375,
    "validation_variance": 5.125373840332031
}