{
    "train_loss": 2.8222194166744456,
    "validation_loss": 2.9402146100997926,
    "train_variance": 9.518192291259766,
    "validation_variance": 10.623799324035645
}