{
    "train_loss": 3.501506726882036,
    "validation_loss": 3.4827805042266844,
    "train_variance": 5.650310039520264,
    "validation_variance": 5.7057647705078125
}