{
    "train_loss": 3.2893239666433898,
    "validation_loss": 3.3165586709976194,
    "train_variance": 7.503002166748047,
    "validation_variance": 8.203906059265137
}