{
    "train_loss": 4.190256514268763,
    "validation_loss": 4.140854597091675,
    "train_variance": 6.063488006591797,
    "validation_variance": 6.3402934074401855
}