{
    "train_loss": 3.47389173227198,
    "validation_loss": 3.4535160303115844,
    "train_variance": 5.268683433532715,
    "validation_variance": 5.642967224121094
}