{
    "train_loss": 2.8633455108193786,
    "validation_loss": 2.950987672805786,
    "train_variance": 7.649235725402832,
    "validation_variance": 8.664855003356934
}