{
    "train_loss": 2.8526215160594264,
    "validation_loss": 2.9540188789367674,
    "train_variance": 8.233826637268066,
    "validation_variance": 9.523136138916016
}