{
    "train_loss": 2.8206080212312585,
    "validation_loss": 2.9343265533447265,
    "train_variance": 9.10924243927002,
    "validation_variance": 10.846176147460938
}