{
    "train_loss": 3.1204769050373753,
    "validation_loss": 3.182267165184021,
    "train_variance": 6.900513648986816,
    "validation_variance": 7.483721733093262
}