{
    "train_loss": 3.162860023274142,
    "validation_loss": 3.195473051071167,
    "train_variance": 6.238541126251221,
    "validation_variance": 6.611351013183594
}