{
    "train_loss": 3.5638254418092616,
    "validation_loss": 3.53129312992096,
    "train_variance": 3.663950204849243,
    "validation_variance": 3.8711979389190674
}