{
    "train_loss": 2.841951720854816,
    "validation_loss": 2.9484693050384525,
    "train_variance": 8.416748046875,
    "validation_variance": 9.597569465637207
}