{
    "train_loss": 2.9792184184579287,
    "validation_loss": 3.048354363441468,
    "train_variance": 6.63507604598999,
    "validation_variance": 7.608736038208008
}