{
    "train_loss": 5.696715702730068,
    "validation_loss": 5.6361334323883066,
    "train_variance": 8.603973388671875,
    "validation_variance": 8.870197296142578
}