{
    "train_loss": 2.829105394026811,
    "validation_loss": 2.916278767585754,
    "train_variance": 8.896257400512695,
    "validation_variance": 10.046189308166504
}