{
    "train_loss": 3.1041549402124735,
    "validation_loss": 3.13899929523468,
    "train_variance": 6.372107028961182,
    "validation_variance": 6.658412933349609
}