{
    "train_loss": 3.1446166767793544,
    "validation_loss": 3.1722542524337767,
    "train_variance": 5.729456901550293,
    "validation_variance": 6.175276756286621
}