{
    "train_loss": 3.153488526624793,
    "validation_loss": 3.1981519460678096,
    "train_variance": 6.221140384674072,
    "validation_variance": 6.9720916748046875
}