{
    "train_loss": 2.8290565238279455,
    "validation_loss": 2.930509090423584,
    "train_variance": 8.987138748168945,
    "validation_variance": 10.2194242477417
}