{
    "train_loss": 3.027311709347895,
    "validation_loss": 3.090873575210571,
    "train_variance": 6.146158218383789,
    "validation_variance": 6.906867027282715
}