{
    "train_loss": 3.208289555942311,
    "validation_loss": 3.217685890197754,
    "train_variance": 5.22747802734375,
    "validation_variance": 5.83596658706665
}