{
    "train_loss": 2.876858618680169,
    "validation_loss": 2.953572344779968,
    "train_variance": 6.956658363342285,
    "validation_variance": 7.933907985687256
}