{
    "train_loss": 4.244403698865105,
    "validation_loss": 4.176216077804565,
    "train_variance": 4.95670223236084,
    "validation_variance": 5.401894569396973
}