{
    "train_loss": 3.312880863862879,
    "validation_loss": 3.319492816925049,
    "train_variance": 5.339682102203369,
    "validation_variance": 5.69842529296875
}