{
    "train_loss": 2.844860719231998,
    "validation_loss": 2.9271472215652463,
    "train_variance": 8.340372085571289,
    "validation_variance": 10.041703224182129
}