{
    "train_loss": 2.858354621775011,
    "validation_loss": 2.9432933568954467,
    "train_variance": 7.945014476776123,
    "validation_variance": 9.077722549438477
}