{
    "train_loss": 2.877332235785092,
    "validation_loss": 2.9564182043075564,
    "train_variance": 7.089120864868164,
    "validation_variance": 7.99263858795166
}