{
    "train_loss": 3.2490463004392733,
    "validation_loss": 3.260124373435974,
    "train_variance": 5.485593795776367,
    "validation_variance": 5.953310966491699
}