{
    "train_loss": 0.4661775759437628,
    "train_accuracy": 0.8417295259341855,
    "train_avg_precision": 0.5859260022183824,
    "train_min_precision": 0.0,
    "train_avg_recall": 0.5615593845496116,
    "train_min_recall": 0.0,
    "validation_loss": 1.6827651083469397,
    "validation_accuracy": 0.5207031249999999,
    "validation_avg_precision": 0.43318910049254833,
    "validation_min_precision": 0.0,
    "validation_avg_recall": 0.5225561131008866,
    "validation_min_recall": 0.0
}