{
    "train_loss": 0.20640910325343154,
    "train_accuracy": 0.9294370088660933,
    "train_avg_precision": 0.7972085093068566,
    "train_min_precision": 0.07107241788682232,
    "train_avg_recall": 0.7640970026688929,
    "train_min_recall": 0.05691378985097151,
    "validation_loss": 0.8391115278005601,
    "validation_accuracy": 0.7410156250000003,
    "validation_avg_precision": 0.7224502423166725,
    "validation_min_precision": 0.21430170059011258,
    "validation_avg_recall": 0.7401937604314149,
    "validation_min_recall": 0.022653593588376195
}