{
    "train_loss": 0.21183450886032035,
    "train_accuracy": 0.9274094449846375,
    "train_avg_precision": 0.8039380461333956,
    "train_min_precision": 0.09445819486492224,
    "train_avg_recall": 0.7710210466231874,
    "train_min_recall": 0.07550537035539864,
    "validation_loss": 0.817781327664852,
    "validation_accuracy": 0.7406250000000001,
    "validation_avg_precision": 0.7211365969889542,
    "validation_min_precision": 0.16485132904617592,
    "validation_avg_recall": 0.7413265954554776,
    "validation_min_recall": 0.02628112158152481
}