{
    "train_loss": 0.20587287189667683,
    "train_accuracy": 0.9297394888442866,
    "train_avg_precision": 0.8011886912299875,
    "train_min_precision": 0.08735072976559044,
    "train_avg_recall": 0.7651499392465881,
    "train_min_recall": 0.05332776385407964,
    "validation_loss": 0.8138769760727882,
    "validation_accuracy": 0.7450195312499999,
    "validation_avg_precision": 0.7141118303778112,
    "validation_min_precision": 0.1375073975038891,
    "validation_avg_recall": 0.7440949129669286,
    "validation_min_recall": 0.015438570688570689
}