{
    "train_loss": 1.5658843998323406,
    "train_accuracy": 0.5356572333135101,
    "train_avg_precision": 0.1372513900311259,
    "train_min_precision": 0.0,
    "train_avg_recall": 0.1920182888016359,
    "train_min_recall": 0.0,
    "validation_loss": 2.8119475543498997,
    "validation_accuracy": 0.18261718750000003,
    "validation_avg_precision": 0.06704193977174687,
    "validation_min_precision": 0.0,
    "validation_avg_recall": 0.1836800953868695,
    "validation_min_recall": 0.0
}