{
    "train_loss": 0.2182864084055549,
    "train_accuracy": 0.924559512682129,
    "train_avg_precision": 0.7868023954194141,
    "train_min_precision": 0.04946281058798708,
    "train_avg_recall": 0.7633892347079938,
    "train_min_recall": 0.04784688995215311,
    "validation_loss": 0.7927336335182189,
    "validation_accuracy": 0.7515625000000002,
    "validation_avg_precision": 0.7139771846888899,
    "validation_min_precision": 0.0730830225107315,
    "validation_avg_recall": 0.747908479338702,
    "validation_min_recall": 0.005817666243683075
}