{
    "train_loss": 1.003303206803506,
    "train_accuracy": 0.6659104656754878,
    "train_avg_precision": 0.24938491702995763,
    "train_min_precision": 0.0,
    "train_avg_recall": 0.279789086569715,
    "train_min_recall": 0.0,
    "validation_loss": 2.718454313278198,
    "validation_accuracy": 0.27011718749999997,
    "validation_avg_precision": 0.12968974796941685,
    "validation_min_precision": 0.0,
    "validation_avg_recall": 0.2695350005190069,
    "validation_min_recall": 0.0
}