{
    "train_loss": 0.2251709942754946,
    "train_accuracy": 0.920870671146795,
    "train_avg_precision": 0.7755502150364122,
    "train_min_precision": 0.06472620946305156,
    "train_avg_recall": 0.76215193508362,
    "train_min_recall": 0.06666666666666667,
    "validation_loss": 0.8161607995629311,
    "validation_accuracy": 0.7404296874999998,
    "validation_avg_precision": 0.6989716389367184,
    "validation_min_precision": 0.026837837837837837,
    "validation_avg_recall": 0.7401618051725105,
    "validation_min_recall": 0.0019202898550724637
}