{
    "train_loss": 0.2340193589528402,
    "train_accuracy": 0.9195685878134615,
    "train_avg_precision": 0.7793601648760645,
    "train_min_precision": 0.0779638490164806,
    "train_avg_recall": 0.7432513429538167,
    "train_min_recall": 0.04853801169590643,
    "validation_loss": 0.8720636650919914,
    "validation_accuracy": 0.7167968749999998,
    "validation_avg_precision": 0.6727943654064704,
    "validation_min_precision": 0.0,
    "validation_avg_recall": 0.7157094402286857,
    "validation_min_recall": 0.0
}