{
    "train_loss": 0.3205450987606717,
    "train_accuracy": 0.8898664357369406,
    "train_avg_precision": 0.715384396379572,
    "train_min_precision": 0.03728070175438596,
    "train_avg_recall": 0.6533368810337268,
    "train_min_recall": 0.027986633249791143,
    "validation_loss": 1.1108974784612653,
    "validation_accuracy": 0.6126953125000001,
    "validation_avg_precision": 0.614791884202414,
    "validation_min_precision": 0.0,
    "validation_avg_recall": 0.6113817530912927,
    "validation_min_recall": 0.0
}