{
    "train_loss": 0.21170317943681743,
    "train_accuracy": 0.9272723835811287,
    "train_avg_precision": 0.8031661864111521,
    "train_min_precision": 0.08574991996044627,
    "train_avg_recall": 0.7664811357799485,
    "train_min_recall": 0.0619047619047619,
    "validation_loss": 0.8326953679323198,
    "validation_accuracy": 0.7365234374999999,
    "validation_avg_precision": 0.7160505306169972,
    "validation_min_precision": 0.1469819087055112,
    "validation_avg_recall": 0.7389636890107792,
    "validation_min_recall": 0.013370987305769914
}