{
    "train_loss": 0.3165549737842459,
    "train_accuracy": 0.8933898597432858,
    "train_avg_precision": 0.7266883798343263,
    "train_min_precision": 0.05609857978279031,
    "train_avg_recall": 0.6598972566804128,
    "train_min_recall": 0.021929824561403508,
    "validation_loss": 1.1587922900915142,
    "validation_accuracy": 0.62490234375,
    "validation_avg_precision": 0.6278314816071148,
    "validation_min_precision": 0.0,
    "validation_avg_recall": 0.622716838499325,
    "validation_min_recall": 0.0
}