{
    "train_loss": 0.33939877806002633,
    "train_accuracy": 0.882545467008624,
    "train_avg_precision": 0.6848780640494367,
    "train_min_precision": 0.01993620414673046,
    "train_avg_recall": 0.6266679494674279,
    "train_min_recall": 0.012183235867446393,
    "validation_loss": 1.2688067346811296,
    "validation_accuracy": 0.59169921875,
    "validation_avg_precision": 0.5642885845449793,
    "validation_min_precision": 0.0,
    "validation_avg_recall": 0.5859314663036534,
    "validation_min_recall": 0.0
}