{
    "train_loss": 0.22986825437922226,
    "train_accuracy": 0.9191975760878183,
    "train_avg_precision": 0.7711328562430174,
    "train_min_precision": 0.051900811299640366,
    "train_avg_recall": 0.7458391331432496,
    "train_min_recall": 0.04121414647730437,
    "validation_loss": 0.8472095027565956,
    "validation_accuracy": 0.72626953125,
    "validation_avg_precision": 0.699969716305273,
    "validation_min_precision": 0.10401235126844882,
    "validation_avg_recall": 0.7243924400351559,
    "validation_min_recall": 0.009251432671401116
}