{
    "train_loss": 0.20392166444084098,
    "train_accuracy": 0.9298930921052637,
    "train_avg_precision": 0.8026612500822965,
    "train_min_precision": 0.08352826510721248,
    "train_avg_recall": 0.7754024097914838,
    "train_min_recall": 0.061297182349813926,
    "validation_loss": 0.8016627475619318,
    "validation_accuracy": 0.7475585937500001,
    "validation_avg_precision": 0.7188474063015424,
    "validation_min_precision": 0.12689067858387532,
    "validation_avg_recall": 0.7503213516762084,
    "validation_min_recall": 0.011894466509014472
}