{
    "train_loss": 0.2088384118519332,
    "train_accuracy": 0.9284492208246604,
    "train_avg_precision": 0.7971290156518201,
    "train_min_precision": 0.0384990253411306,
    "train_avg_recall": 0.7663015183228886,
    "train_min_recall": 0.030994152046783623,
    "validation_loss": 0.8272991508245467,
    "validation_accuracy": 0.73974609375,
    "validation_avg_precision": 0.7202444648560397,
    "validation_min_precision": 0.19013959061019958,
    "validation_avg_recall": 0.7430593547345135,
    "validation_min_recall": 0.023457350855365638
}