{
    "train_loss": 0.21335370773286144,
    "train_accuracy": 0.9253653392457131,
    "train_avg_precision": 0.7957407000382296,
    "train_min_precision": 0.06379585326953748,
    "train_avg_recall": 0.7506960477511191,
    "train_min_recall": 0.056975772765246444,
    "validation_loss": 0.8494058072566985,
    "validation_accuracy": 0.7302734375,
    "validation_avg_precision": 0.7117009445307528,
    "validation_min_precision": 0.18477154682511826,
    "validation_avg_recall": 0.7302760162244086,
    "validation_min_recall": 0.01803716990776626
}