{
    "train_loss": 0.24394485040714867,
    "train_accuracy": 0.9183066769650113,
    "train_avg_precision": 0.8004484611017206,
    "train_min_precision": 0.11049169499626725,
    "train_avg_recall": 0.7498076830456062,
    "train_min_recall": 0.08651657880333016,
    "validation_loss": 0.9335612848401069,
    "validation_accuracy": 0.70966796875,
    "validation_avg_precision": 0.6808866821422678,
    "validation_min_precision": 0.056594551282051285,
    "validation_avg_recall": 0.7115274455831769,
    "validation_min_recall": 0.005542675533909756
}