{
    "train_loss": 0.7378389479821188,
    "train_accuracy": 0.7799337380810789,
    "train_avg_precision": 0.393763611886162,
    "train_min_precision": 0.0,
    "train_avg_recall": 0.4091474244823584,
    "train_min_recall": 0.0,
    "validation_loss": 2.3107294291257854,
    "validation_accuracy": 0.40498046875,
    "validation_avg_precision": 0.24769867431407838,
    "validation_min_precision": 0.0,
    "validation_avg_recall": 0.40436107316747394,
    "validation_min_recall": 0.0
}