{
    "train_loss": 0.39158104333961224,
    "train_accuracy": 0.8650417798443839,
    "train_avg_precision": 0.6415644573526229,
    "train_min_precision": 0.0,
    "train_avg_recall": 0.5852220346787027,
    "train_min_recall": 0.0,
    "validation_loss": 1.4082438349723818,
    "validation_accuracy": 0.5484375,
    "validation_avg_precision": 0.5209611221041197,
    "validation_min_precision": 0.0,
    "validation_avg_recall": 0.5486782929830453,
    "validation_min_recall": 0.0
}