{
    "train_loss": 0.33724822156261985,
    "train_accuracy": 0.8816711097432854,
    "train_avg_precision": 0.6751279542834941,
    "train_min_precision": 0.010526315789473684,
    "train_avg_recall": 0.6346095070953026,
    "train_min_recall": 0.005012531328320802,
    "validation_loss": 1.2031600356101992,
    "validation_accuracy": 0.59833984375,
    "validation_avg_precision": 0.5701742707497472,
    "validation_min_precision": 0.0,
    "validation_avg_recall": 0.5943660279712731,
    "validation_min_recall": 0.0
}