{
    "train_loss": 0.20538648257130068,
    "train_accuracy": 0.9287517018485494,
    "train_avg_precision": 0.8102998321111673,
    "train_min_precision": 0.11151314841853575,
    "train_avg_recall": 0.7811831841117977,
    "train_min_recall": 0.09224196855775801,
    "validation_loss": 0.8017373144626618,
    "validation_accuracy": 0.7482421875,
    "validation_avg_precision": 0.7268690851886542,
    "validation_min_precision": 0.17332114797700007,
    "validation_avg_recall": 0.748507297158409,
    "validation_min_recall": 0.014663530304977673
}