{
    "train_loss": 0.33718860070956386,
    "train_accuracy": 0.8855655433838826,
    "train_avg_precision": 0.6875441624387812,
    "train_min_precision": 0.0,
    "train_avg_recall": 0.6248832571871292,
    "train_min_recall": 0.0,
    "validation_loss": 1.2336505889892575,
    "validation_accuracy": 0.59248046875,
    "validation_avg_precision": 0.6019330654616121,
    "validation_min_precision": 0.0,
    "validation_avg_recall": 0.5920609863610748,
    "validation_min_recall": 0.0
}