{
    "train_loss": 0.2109287020407225,
    "train_accuracy": 0.9269580872435325,
    "train_avg_precision": 0.7985239805281236,
    "train_min_precision": 0.09453487830983293,
    "train_avg_recall": 0.7687417858266883,
    "train_min_recall": 0.08294346978557506,
    "validation_loss": 0.8357754945755005,
    "validation_accuracy": 0.7391601562500003,
    "validation_avg_precision": 0.703061954402516,
    "validation_min_precision": 0.08540966705090679,
    "validation_avg_recall": 0.7378602228849529,
    "validation_min_recall": 0.006666775745254308
}