{
    "train_loss": 0.26602350776655637,
    "train_accuracy": 0.9084784294429581,
    "train_avg_precision": 0.7724098352191755,
    "train_min_precision": 0.05558554505922927,
    "train_avg_recall": 0.7367414206032693,
    "train_min_recall": 0.05108470099981135,
    "validation_loss": 0.9526977941393852,
    "validation_accuracy": 0.706640625,
    "validation_avg_precision": 0.6785441913974882,
    "validation_min_precision": 0.0,
    "validation_avg_recall": 0.7034632493648272,
    "validation_min_recall": 0.0
}