{
    "train_loss": 0.3428752111238346,
    "train_accuracy": 0.8821744552829807,
    "train_avg_precision": 0.7048762075562686,
    "train_min_precision": 0.010526315789473684,
    "train_avg_recall": 0.6384766011361606,
    "train_min_recall": 0.005012531328320802,
    "validation_loss": 1.175937007367611,
    "validation_accuracy": 0.615234375,
    "validation_avg_precision": 0.6274728563422322,
    "validation_min_precision": 0.0,
    "validation_avg_recall": 0.616556498422896,
    "validation_min_recall": 0.0
}