{
    "train_loss": 0.23446047358345562,
    "train_accuracy": 0.9190605146843095,
    "train_avg_precision": 0.7858489471279948,
    "train_min_precision": 0.06686342934040651,
    "train_avg_recall": 0.7530273575418179,
    "train_min_recall": 0.041809068124857594,
    "validation_loss": 0.8515977501869203,
    "validation_accuracy": 0.7318359375000001,
    "validation_avg_precision": 0.7047452370448134,
    "validation_min_precision": 0.08003942576466161,
    "validation_avg_recall": 0.7318144598003972,
    "validation_min_recall": 0.006281730322678599
}