{
    "train_loss": 0.20806512471876645,
    "train_accuracy": 0.9284775790415318,
    "train_avg_precision": 0.7974829091461959,
    "train_min_precision": 0.07211738496568218,
    "train_avg_recall": 0.7683697244351961,
    "train_min_recall": 0.054236638834162056,
    "validation_loss": 0.8091617926955224,
    "validation_accuracy": 0.74560546875,
    "validation_avg_precision": 0.7249375686297155,
    "validation_min_precision": 0.18509066345387754,
    "validation_avg_recall": 0.7447418750558654,
    "validation_min_recall": 0.017202722574524845
}