{
    "train_loss": 0.21132475216137733,
    "train_accuracy": 0.9272440264099531,
    "train_avg_precision": 0.8024085867327674,
    "train_min_precision": 0.08267783693683971,
    "train_avg_recall": 0.7669194996598736,
    "train_min_recall": 0.049206349206349205,
    "validation_loss": 0.8252063989639282,
    "validation_accuracy": 0.7409179687500002,
    "validation_avg_precision": 0.7157116324973266,
    "validation_min_precision": 0.1450302265544258,
    "validation_avg_recall": 0.736608155319886,
    "validation_min_recall": 0.013617702787057628
}