{
    "train_loss": 0.2092769739397785,
    "train_accuracy": 0.9289738358112811,
    "train_avg_precision": 0.8016384694333076,
    "train_min_precision": 0.08935079947931845,
    "train_avg_recall": 0.7704857474433129,
    "train_min_recall": 0.07602339181286549,
    "validation_loss": 0.8090987473726273,
    "validation_accuracy": 0.7452148437499998,
    "validation_avg_precision": 0.7288968234452569,
    "validation_min_precision": 0.18213742217393936,
    "validation_avg_recall": 0.7438048650967083,
    "validation_min_recall": 0.015196619153515705
}