{
    "train_loss": 0.20738535779610015,
    "train_accuracy": 0.9288485897214795,
    "train_avg_precision": 0.8007913481356154,
    "train_min_precision": 0.09813252643804633,
    "train_avg_recall": 0.7674802826165127,
    "train_min_recall": 0.07052353104984684,
    "validation_loss": 0.804587046802044,
    "validation_accuracy": 0.74833984375,
    "validation_avg_precision": 0.7241791637498618,
    "validation_min_precision": 0.17078113772192718,
    "validation_avg_recall": 0.7499949887933856,
    "validation_min_recall": 0.02692429712101506
}