{
    "train_loss": 0.22530504551373026,
    "train_accuracy": 0.9218253744275954,
    "train_avg_precision": 0.7895073878341772,
    "train_min_precision": 0.07986296259723731,
    "train_avg_recall": 0.7678593954573513,
    "train_min_recall": 0.0762015332448769,
    "validation_loss": 0.8396776780486107,
    "validation_accuracy": 0.7379882812499999,
    "validation_avg_precision": 0.7006462127242318,
    "validation_min_precision": 0.06589640244812658,
    "validation_avg_recall": 0.7347396560799575,
    "validation_min_recall": 0.004734739772970658
}