{
    "train_loss": 0.20653796810330013,
    "train_accuracy": 0.9286831711467951,
    "train_avg_precision": 0.8071982667214627,
    "train_min_precision": 0.10023947330886052,
    "train_avg_recall": 0.7714986185554188,
    "train_min_recall": 0.07184628237259816,
    "validation_loss": 0.7935928057879211,
    "validation_accuracy": 0.748828125,
    "validation_avg_precision": 0.7283747175335886,
    "validation_min_precision": 0.16319615992634284,
    "validation_avg_recall": 0.7472334243880392,
    "validation_min_recall": 0.01395078308878958
}