{
    "train_loss": 0.2077307216169541,
    "train_accuracy": 0.928711528317971,
    "train_avg_precision": 0.8035787725090977,
    "train_min_precision": 0.08152698107768712,
    "train_avg_recall": 0.7746843593014612,
    "train_min_recall": 0.06448183018641422,
    "validation_loss": 0.8041125655174254,
    "validation_accuracy": 0.7426757812499999,
    "validation_avg_precision": 0.7129807425952477,
    "validation_min_precision": 0.13296410046410045,
    "validation_avg_recall": 0.7395218648601886,
    "validation_min_recall": 0.015478993228993227
}