{
    "train_loss": 0.2103830251777382,
    "train_accuracy": 0.9286311823025092,
    "train_avg_precision": 0.8040191429269012,
    "train_min_precision": 0.0773094792030832,
    "train_avg_recall": 0.7686038833409846,
    "train_min_recall": 0.058510860484544694,
    "validation_loss": 0.7933509819209578,
    "validation_accuracy": 0.7490234374999999,
    "validation_avg_precision": 0.7292731127951203,
    "validation_min_precision": 0.14263284675441504,
    "validation_avg_recall": 0.7472367051504579,
    "validation_min_recall": 0.013451263078688335
}