{
    "train_loss": 0.36436211513845546,
    "train_accuracy": 0.8732772793686179,
    "train_avg_precision": 0.7190566480389491,
    "train_min_precision": 0.0226489869995185,
    "train_avg_recall": 0.6274480020800011,
    "train_min_recall": 0.009941520467836258,
    "validation_loss": 1.2004066705703735,
    "validation_accuracy": 0.59873046875,
    "validation_avg_precision": 0.5957039825888096,
    "validation_min_precision": 0.0,
    "validation_avg_recall": 0.5960721479780015,
    "validation_min_recall": 0.0
}