{
    "train_loss": 0.24404401841916543,
    "train_accuracy": 0.916770644355239,
    "train_avg_precision": 0.7760152795382648,
    "train_min_precision": 0.05173768688237952,
    "train_avg_recall": 0.7434342780876271,
    "train_min_recall": 0.05108984582668793,
    "validation_loss": 0.8941615566611287,
    "validation_accuracy": 0.7209960937500002,
    "validation_avg_precision": 0.6835695714996253,
    "validation_min_precision": 0.02454710144927536,
    "validation_avg_recall": 0.7172077824550176,
    "validation_min_recall": 0.0019047619047619048
}