{
    "train_loss": 0.5313139850633187,
    "train_accuracy": 0.8318563783377926,
    "train_avg_precision": 0.5514782608993178,
    "train_min_precision": 0.0,
    "train_avg_recall": 0.5135583984329758,
    "train_min_recall": 0.0,
    "validation_loss": 1.8649884521961209,
    "validation_accuracy": 0.48554687500000004,
    "validation_avg_precision": 0.39880796060545265,
    "validation_min_precision": 0.0,
    "validation_avg_recall": 0.4844547490692342,
    "validation_min_recall": 0.0
}