{
    "train_loss": 0.23127977785311254,
    "train_accuracy": 0.9187013193180692,
    "train_avg_precision": 0.7762789882402822,
    "train_min_precision": 0.044585147078221865,
    "train_avg_recall": 0.7401428387308777,
    "train_min_recall": 0.03728070175438596,
    "validation_loss": 0.8661108121275906,
    "validation_accuracy": 0.7253906250000001,
    "validation_avg_precision": 0.6938850138073188,
    "validation_min_precision": 0.011842105263157893,
    "validation_avg_recall": 0.7247170659373873,
    "validation_min_recall": 0.0008928571428571428
}