{
    "train_loss": 0.20811540607297627,
    "train_accuracy": 0.9290140082961642,
    "train_avg_precision": 0.8065999030838781,
    "train_min_precision": 0.1275709699084312,
    "train_avg_recall": 0.7774778900671938,
    "train_min_recall": 0.0969298245614035,
    "validation_loss": 0.8095471411943436,
    "validation_accuracy": 0.7471679687499999,
    "validation_avg_precision": 0.7208855738846439,
    "validation_min_precision": 0.16725741387431242,
    "validation_avg_recall": 0.7451552543719294,
    "validation_min_recall": 0.014290231710443482
}