{
    "train_loss": 0.20342282349603225,
    "train_accuracy": 0.9303846223312519,
    "train_avg_precision": 0.8083243023517359,
    "train_min_precision": 0.08448203842940685,
    "train_avg_recall": 0.7809098080548187,
    "train_min_recall": 0.07309941520467836,
    "validation_loss": 0.8074131578207014,
    "validation_accuracy": 0.7476562500000001,
    "validation_avg_precision": 0.7250334498525676,
    "validation_min_precision": 0.16402839851174603,
    "validation_avg_recall": 0.7460876741917474,
    "validation_min_recall": 0.016990636526753974
}