{
    "train_loss": 0.3186684026007067,
    "train_accuracy": 0.894691943076619,
    "train_avg_precision": 0.7655927583032779,
    "train_min_precision": 0.044506468190678716,
    "train_avg_recall": 0.6874726555434809,
    "train_min_recall": 0.029131969709219285,
    "validation_loss": 1.092158127576113,
    "validation_accuracy": 0.6619140624999998,
    "validation_avg_precision": 0.6399150545960005,
    "validation_min_precision": 0.0,
    "validation_avg_recall": 0.6583886964799134,
    "validation_min_recall": 0.0
}