{
    "train_loss": 0.21150591786493336,
    "train_accuracy": 0.9273527295965903,
    "train_avg_precision": 0.8065254708101011,
    "train_min_precision": 0.09539791507754894,
    "train_avg_recall": 0.7673144429193508,
    "train_min_recall": 0.05701754385964912,
    "validation_loss": 0.8073499128222467,
    "validation_accuracy": 0.7446289062500001,
    "validation_avg_precision": 0.7268694520041182,
    "validation_min_precision": 0.18386665914419736,
    "validation_avg_recall": 0.7448880677366204,
    "validation_min_recall": 0.029159113773905065
}