{
    "train_loss": 0.23585114667290136,
    "train_accuracy": 0.9187462193924089,
    "train_avg_precision": 0.7873474973794548,
    "train_min_precision": 0.057639666542242125,
    "train_avg_recall": 0.7599813769970405,
    "train_min_recall": 0.04307992202729045,
    "validation_loss": 0.8346197322010995,
    "validation_accuracy": 0.7303710937499999,
    "validation_avg_precision": 0.6850094276554961,
    "validation_min_precision": 0.0,
    "validation_avg_recall": 0.7271101102703984,
    "validation_min_recall": 0.0
}