{
    "train_loss": 0.22409075786147198,
    "train_accuracy": 0.9231605414758655,
    "train_avg_precision": 0.7941598199094231,
    "train_min_precision": 0.1313387635756057,
    "train_avg_recall": 0.7715900049473639,
    "train_min_recall": 0.11003645477329688,
    "validation_loss": 0.8274859130382538,
    "validation_accuracy": 0.73271484375,
    "validation_avg_precision": 0.6967734253602924,
    "validation_min_precision": 0.08405435938330674,
    "validation_avg_recall": 0.7300094009133672,
    "validation_min_recall": 0.008189126770779997
}