{
    "train_loss": 0.2075105939517942,
    "train_accuracy": 0.9281065673158887,
    "train_avg_precision": 0.8046026489517731,
    "train_min_precision": 0.1031304952357584,
    "train_avg_recall": 0.7740980700341406,
    "train_min_recall": 0.06904761904761904,
    "validation_loss": 0.8166229650378227,
    "validation_accuracy": 0.74228515625,
    "validation_avg_precision": 0.710133641400972,
    "validation_min_precision": 0.1063042078417715,
    "validation_avg_recall": 0.7425914260056562,
    "validation_min_recall": 0.008035918235406725
}