{
    "train_loss": 0.33563832337396177,
    "train_accuracy": 0.888467464530677,
    "train_avg_precision": 0.7481264081211436,
    "train_min_precision": 0.07457035168831747,
    "train_avg_recall": 0.6509169042014031,
    "train_min_recall": 0.03007518796992481,
    "validation_loss": 1.2425627648830415,
    "validation_accuracy": 0.6287109375,
    "validation_avg_precision": 0.6427496207012512,
    "validation_min_precision": 0.0,
    "validation_avg_recall": 0.6308646707137512,
    "validation_min_recall": 0.0
}