{
    "train_loss": 0.2653471390929138,
    "train_accuracy": 0.9056970278422041,
    "train_avg_precision": 0.7510831534044277,
    "train_min_precision": 0.04035087719298246,
    "train_avg_recall": 0.7225245024488125,
    "train_min_recall": 0.03048910154173312,
    "validation_loss": 0.9311863675713542,
    "validation_accuracy": 0.6897460937499998,
    "validation_avg_precision": 0.6603090361480899,
    "validation_min_precision": 0.0,
    "validation_avg_recall": 0.686183407734544,
    "validation_min_recall": 0.0
}