{
    "train_loss": 0.2135588009106486,
    "train_accuracy": 0.926610708236695,
    "train_avg_precision": 0.8046149329985154,
    "train_min_precision": 0.06655839524902427,
    "train_avg_recall": 0.771886143625324,
    "train_min_recall": 0.05137844611528822,
    "validation_loss": 0.828559297323227,
    "validation_accuracy": 0.7404296874999998,
    "validation_avg_precision": 0.7211122056408994,
    "validation_min_precision": 0.1642442235379717,
    "validation_avg_recall": 0.7410365822833561,
    "validation_min_recall": 0.01267213050875947
}