{
    "train_loss": 0.2078622050191227,
    "train_accuracy": 0.9288202325503037,
    "train_avg_precision": 0.8049333415886011,
    "train_min_precision": 0.10582859587994375,
    "train_avg_recall": 0.7766235523364391,
    "train_min_recall": 0.07490949596212754,
    "validation_loss": 0.8345016434788703,
    "validation_accuracy": 0.74228515625,
    "validation_avg_precision": 0.713479588563613,
    "validation_min_precision": 0.11965563489879599,
    "validation_avg_recall": 0.7456799811236167,
    "validation_min_recall": 0.011453671921349266
}