{
    "train_loss": 2.973740699320879,
    "train_zero_shot_top_1": 0.0,
    "train_zero_shot_top_2": 0.0,
    "validation_loss": 8.401196869936857,
    "validation_zero_shot_top_1": 0.018864048440893576,
    "validation_zero_shot_top_2": 0.4780108303599131,
    "train_variance": 5.10898494720459,
    "validation_variance": 658.6546020507812
}