{
    "train_accuracy": 0.875,
    "train_avg_precision": 0.8723809523809525,
    "train_min_precision": 0.4,
    "train_avg_recall": 0.8862026862026863,
    "train_min_recall": 0.5714285714285714,
    "train_loss": 0.3079609274864197,
    "validation_accuracy": 0.5625,
    "validation_avg_precision": 0.611111111111111,
    "validation_min_precision": 0.0,
    "validation_avg_recall": 0.5925925925925926,
    "validation_min_recall": 0.0,
    "validation_loss": 1.2774100303649902,
    "train_variance": 90.00420379638672,
    "validation_variance": 391.9418029785156
}