{
    "train_loss": 0.12641946901567272,
    "train_accuracy": 0.9764062499999994,
    "train_avg_precision": 0.972948241229198,
    "train_min_precision": 0.8099600691383756,
    "train_avg_recall": 0.9778008382933034,
    "train_min_recall": 0.8394683097260478,
    "validation_loss": 1.4051009515288537,
    "validation_accuracy": 0.6170382165605099,
    "validation_avg_precision": 0.6311806447892062,
    "validation_min_precision": 0.22029418169358217,
    "validation_avg_recall": 0.6194751114655573,
    "validation_min_recall": 0.16050978391742718,
    "train_variance": 41.790287017822266,
    "validation_variance": 513.7049560546875
}