{
    "train_accuracy": 0.8125,
    "train_avg_precision": 0.8111992945326278,
    "train_min_precision": 0.2222222222222222,
    "train_avg_recall": 0.8449735449735449,
    "train_min_recall": 0.5714285714285714,
    "train_loss": 0.41969507932662964,
    "validation_accuracy": 0.8125,
    "validation_avg_precision": 0.7,
    "validation_min_precision": 0.0,
    "validation_avg_recall": 0.75,
    "validation_min_recall": 0.0,
    "validation_loss": 0.5117385983467102,
    "train_variance": 98.44832611083984,
    "validation_variance": 244.79776000976562
}