{
    "train_accuracy": 0.984375,
    "train_avg_precision": 0.9814814814814815,
    "train_min_precision": 0.8333333333333334,
    "train_avg_recall": 0.9814814814814815,
    "train_min_recall": 0.8333333333333334,
    "train_loss": 0.08362163603305817,
    "validation_accuracy": 0.8125,
    "validation_avg_precision": 0.8452380952380952,
    "validation_min_precision": 0.5,
    "validation_avg_recall": 0.8714285714285714,
    "validation_min_recall": 0.5,
    "validation_loss": 0.5715740919113159,
    "train_variance": 28.964561462402344,
    "validation_variance": 540.132568359375
}