{
    "train_accuracy": 0.9375,
    "train_avg_precision": 0.9490740740740741,
    "train_min_precision": 0.6666666666666666,
    "train_avg_recall": 0.9520282186948853,
    "train_min_recall": 0.7777777777777778,
    "train_loss": 0.20142912864685059,
    "validation_accuracy": 0.9375,
    "validation_avg_precision": 0.9375,
    "validation_min_precision": 0.5,
    "validation_avg_recall": 0.9750000000000001,
    "validation_min_recall": 0.8,
    "validation_loss": 0.7679635286331177,
    "train_variance": 61.23036193847656,
    "validation_variance": 392.7555236816406
}