{
    "train_loss": 0.07672005974687632,
    "train_accuracy": 0.9921093749999941,
    "train_avg_precision": 0.9918152283318673,
    "train_min_precision": 0.917790068999623,
    "train_avg_recall": 0.9940787328570979,
    "train_min_recall": 0.9370091230793582,
    "validation_loss": 1.3704813274608287,
    "validation_accuracy": 0.6301751592356688,
    "validation_avg_precision": 0.6424547729187499,
    "validation_min_precision": 0.24915510886848463,
    "validation_avg_recall": 0.6331625548902621,
    "validation_min_recall": 0.18885419251661287,
    "train_variance": 24.64075469970703,
    "validation_variance": 565.4432983398438
}