{
    "train_accuracy": 0.96875,
    "train_avg_precision": 0.9773809523809525,
    "train_min_precision": 0.8571428571428571,
    "train_avg_recall": 0.9757142857142859,
    "train_min_recall": 0.8571428571428571,
    "train_loss": 0.12503281235694885,
    "validation_accuracy": 0.5625,
    "validation_avg_precision": 0.5740740740740741,
    "validation_min_precision": 0.0,
    "validation_avg_recall": 0.6481481481481481,
    "validation_min_recall": 0.0,
    "validation_loss": 1.251103401184082,
    "train_variance": 39.09540939331055,
    "validation_variance": 499.5755615234375
}