{
    "train_loss": 0.5338328174129129,
    "train_accuracy": 0.8323046875000008,
    "train_avg_precision": 0.7968335355259232,
    "train_min_precision": 0.3039798951048948,
    "train_avg_recall": 0.8150070555464285,
    "train_min_recall": 0.3643729742479735,
    "validation_loss": 1.2051370724750936,
    "validation_accuracy": 0.6012141719745221,
    "validation_avg_precision": 0.620005627083184,
    "validation_min_precision": 0.21938028355225797,
    "validation_avg_recall": 0.6030370867632014,
    "validation_min_recall": 0.20767272359629038,
    "train_variance": 78.78673553466797,
    "validation_variance": 181.29022216796875
}