{
    "train_loss": 0.08257025536149736,
    "train_accuracy": 0.9905859374999945,
    "train_avg_precision": 0.9895555130349813,
    "train_min_precision": 0.901417737491263,
    "train_avg_recall": 0.9925311357295075,
    "train_min_recall": 0.9252428488586538,
    "validation_loss": 1.3621851801872253,
    "validation_accuracy": 0.6357484076433119,
    "validation_avg_precision": 0.6452564327662673,
    "validation_min_precision": 0.2598395235337911,
    "validation_avg_recall": 0.6340179309367208,
    "validation_min_recall": 0.1987373825749621,
    "train_variance": 26.46030616760254,
    "validation_variance": 551.8259887695312
}