{
    "train_accuracy": 0.734375,
    "train_avg_precision": 0.7437301587301587,
    "train_min_precision": 0.2,
    "train_avg_recall": 0.7952007469654528,
    "train_min_recall": 0.4444444444444444,
    "train_loss": 0.7850401401519775,
    "validation_accuracy": 0.4375,
    "validation_avg_precision": 0.3,
    "validation_min_precision": 0.0,
    "validation_avg_recall": 0.41666666666666663,
    "validation_min_recall": 0.0,
    "validation_loss": 1.7148743867874146,
    "train_variance": 97.48797607421875,
    "validation_variance": 161.55140686035156
}