{
    "train_loss": 0.15501630191691235,
    "train_accuracy": 0.9666015625000008,
    "train_avg_precision": 0.9598000115976518,
    "train_min_precision": 0.7422916218306103,
    "train_avg_recall": 0.9683066260898983,
    "train_min_recall": 0.7951582259222537,
    "validation_loss": 1.3142968962906267,
    "validation_accuracy": 0.6301751592356688,
    "validation_avg_precision": 0.6417214992069805,
    "validation_min_precision": 0.26090820008017457,
    "validation_avg_recall": 0.6328688864410733,
    "validation_min_recall": 0.22423558394895968,
    "train_variance": 49.12342834472656,
    "validation_variance": 450.5800476074219
}