{
    "train_loss": 0.08959298691712318,
    "train_accuracy": 0.9884765624999952,
    "train_avg_precision": 0.9868213235467093,
    "train_min_precision": 0.8815163182942751,
    "train_avg_recall": 0.9903057147342259,
    "train_min_recall": 0.9091102050039713,
    "validation_loss": 1.3392663009607109,
    "validation_accuracy": 0.6357484076433121,
    "validation_avg_precision": 0.6493240046680868,
    "validation_min_precision": 0.26514439205522006,
    "validation_avg_recall": 0.6358734421393657,
    "validation_min_recall": 0.21232850659602245,
    "train_variance": 28.998703002929688,
    "validation_variance": 542.6012573242188
}