{
    "train_loss": 0.7195821683108807,
    "train_accuracy": 0.7601562499999999,
    "train_avg_precision": 0.7155127134155643,
    "train_min_precision": 0.18570435120435116,
    "train_avg_recall": 0.7442875939767288,
    "train_min_recall": 0.2582385184260184,
    "validation_loss": 1.2018956166164134,
    "validation_accuracy": 0.5904657643312105,
    "validation_avg_precision": 0.6008295664412189,
    "validation_min_precision": 0.21988814441043733,
    "validation_avg_recall": 0.5867203785834362,
    "validation_min_recall": 0.20375938640269842,
    "train_variance": 92.20304870605469,
    "validation_variance": 159.53549194335938
}