{
    "train_loss": 0.11558749276213363,
    "train_accuracy": 0.9802343749999978,
    "train_avg_precision": 0.9782342029787028,
    "train_min_precision": 0.8366762047184817,
    "train_avg_recall": 0.9844958271736987,
    "train_min_recall": 0.8794367581485406,
    "validation_loss": 1.3368540072137378,
    "validation_accuracy": 0.6303742038216559,
    "validation_avg_precision": 0.642489446226957,
    "validation_min_precision": 0.24927941838769854,
    "validation_avg_recall": 0.6313976919125538,
    "validation_min_recall": 0.18824549477415717,
    "train_variance": 38.97783660888672,
    "validation_variance": 500.9869689941406
}