{
    "train_loss": 0.19959815563634048,
    "train_accuracy": 0.9475390625000021,
    "train_avg_precision": 0.9352246119856195,
    "train_min_precision": 0.6446094287656775,
    "train_avg_recall": 0.9460634741860771,
    "train_min_recall": 0.7026524843620423,
    "validation_loss": 1.3050289753895659,
    "validation_accuracy": 0.6318670382165607,
    "validation_avg_precision": 0.6404718269082266,
    "validation_min_precision": 0.24972041405162418,
    "validation_avg_recall": 0.6299386588877032,
    "validation_min_recall": 0.2069220588328868,
    "train_variance": 63.921817779541016,
    "validation_variance": 415.1101379394531
}