{
    "train_loss": 0.3015966162085536,
    "train_accuracy": 0.9089453125000014,
    "train_avg_precision": 0.9023958405171252,
    "train_min_precision": 0.5835294670607157,
    "train_avg_recall": 0.9094149713296367,
    "train_min_recall": 0.585813505938505,
    "validation_loss": 1.3759263564067281,
    "validation_accuracy": 0.5971337579617833,
    "validation_avg_precision": 0.6201001221240178,
    "validation_min_precision": 0.1930469919323422,
    "validation_avg_recall": 0.597634786971305,
    "validation_min_recall": 0.14183026810415345,
    "train_variance": 87.67522430419922,
    "validation_variance": 387.7453918457031
}