{
    "train_loss": 0.35015006549656347,
    "train_accuracy": 0.8939062500000012,
    "train_avg_precision": 0.8742051858143567,
    "train_min_precision": 0.5172334124209116,
    "train_avg_recall": 0.892800268457185,
    "train_min_recall": 0.5653817155067148,
    "validation_loss": 1.3105222913110337,
    "validation_accuracy": 0.6070859872611468,
    "validation_avg_precision": 0.6194877256501462,
    "validation_min_precision": 0.19836398562513202,
    "validation_avg_recall": 0.6081201450707819,
    "validation_min_recall": 0.15872692417278397,
    "train_variance": 85.09908294677734,
    "validation_variance": 302.982177734375
}