{
    "train_accuracy": 0.828125,
    "train_avg_precision": 0.7371056721056721,
    "train_min_precision": 0.0,
    "train_avg_recall": 0.7585464535464534,
    "train_min_recall": 0.0,
    "train_loss": 0.6164743900299072,
    "validation_accuracy": 0.6875,
    "validation_avg_precision": 0.7222222222222222,
    "validation_min_precision": 0.0,
    "validation_avg_recall": 0.7611111111111111,
    "validation_min_recall": 0.0,
    "validation_loss": 1.0143488645553589,
    "train_variance": 78.1087417602539,
    "validation_variance": 183.5093231201172
}