{
    "train_accuracy": 0.625,
    "train_avg_precision": 0.5275974025974025,
    "train_min_precision": 0.0,
    "train_avg_recall": 0.5758333333333334,
    "train_min_recall": 0.0,
    "train_loss": 1.097764492034912,
    "validation_accuracy": 0.5,
    "validation_avg_precision": 0.6,
    "validation_min_precision": 0.0,
    "validation_avg_recall": 0.45,
    "validation_min_recall": 0.0,
    "validation_loss": 1.0426849126815796,
    "train_variance": 100.42427825927734,
    "validation_variance": 134.44281005859375
}