{
    "train_loss": 1.0265453158318998,
    "train_accuracy": 0.6481249999999995,
    "train_avg_precision": 0.6341983979445758,
    "train_min_precision": 0.11864054695304704,
    "train_avg_recall": 0.6462402408795244,
    "train_min_recall": 0.1703174984737484,
    "validation_loss": 1.3708499248620059,
    "validation_accuracy": 0.5349323248407641,
    "validation_avg_precision": 0.5707899992349537,
    "validation_min_precision": 0.14603181673245363,
    "validation_avg_recall": 0.5348342800943651,
    "validation_min_recall": 0.16163477357744868,
    "train_variance": 105.08513641357422,
    "validation_variance": 141.8927764892578
}