{
    "train_loss": 0.459938434655206,
    "train_accuracy": 0.843100139969273,
    "train_avg_precision": 0.6875425852891568,
    "train_min_precision": 0.07517266588474017,
    "train_avg_recall": 0.7709186256875296,
    "train_min_recall": 0.23022271163438324,
    "validation_loss": 0.6818669296801091,
    "validation_accuracy": 0.75556640625,
    "validation_avg_precision": 0.7469229828281219,
    "validation_min_precision": 0.39337113597818146,
    "validation_avg_recall": 0.7563634822198828,
    "validation_min_recall": 0.2567265265409424,
    "train_variance": 2.2793126106262207,
    "validation_variance": 4.14089298248291
}