{
    "train_loss": 0.600895833550838,
    "train_accuracy": 0.8047016785855873,
    "train_avg_precision": 0.6362229914733198,
    "train_min_precision": 0.05173294914006989,
    "train_avg_recall": 0.7283088881653262,
    "train_min_recall": 0.12304124260433032,
    "validation_loss": 0.7744583785533906,
    "validation_accuracy": 0.7267578124999999,
    "validation_avg_precision": 0.7166980577010258,
    "validation_min_precision": 0.34082935543905035,
    "validation_avg_recall": 0.7221542058491005,
    "validation_min_recall": 0.20371936091747062,
    "train_variance": 2.4582221508026123,
    "validation_variance": 4.679884910583496
}