{
    "train_loss": 9.464373633440804,
    "validation_loss": 9.39248571395874,
    "train_variance": 5.051202297210693,
    "validation_variance": 5.466053485870361
}