{
    "train_loss": 9.472903004814599,
    "validation_loss": 9.374533414840696,
    "train_variance": 5.14168643951416,
    "validation_variance": 6.022420883178711
}