{
    "train_loss": 9.591065720950857,
    "validation_loss": 9.493820571899414,
    "train_variance": 4.301647663116455,
    "validation_variance": 5.106560707092285
}