{
    "train_loss": 9.999284026202032,
    "validation_loss": 9.884877490997313,
    "train_variance": 3.4971086978912354,
    "validation_variance": 3.358025074005127
}