{
    "train_loss": 9.489081943736357,
    "validation_loss": 9.405567169189453,
    "train_variance": 4.574183940887451,
    "validation_variance": 4.415281772613525
}