{
    "train_loss": 9.747045404770796,
    "validation_loss": 9.644905185699463,
    "train_variance": 5.004831790924072,
    "validation_variance": 5.576082229614258
}