{
    "train_loss": 10.894725563946894,
    "validation_loss": 10.746019744873045,
    "train_variance": 7.00954008102417,
    "validation_variance": 6.98133659362793
}