{
    "train_loss": 9.858926021351538,
    "validation_loss": 9.752521324157716,
    "train_variance": 4.70076847076416,
    "validation_variance": 5.164975166320801
}