{
    "train_loss": 9.874864892398612,
    "validation_loss": 9.76532802581787,
    "train_variance": 4.974156379699707,
    "validation_variance": 4.999029159545898
}