{
    "train_loss": 9.476473101447612,
    "validation_loss": 9.408999156951905,
    "train_variance": 5.006744861602783,
    "validation_variance": 5.733027935028076
}