{
    "train_loss": 9.454455588845645,
    "validation_loss": 9.387141513824464,
    "train_variance": 5.452849388122559,
    "validation_variance": 6.466837406158447
}