{
    "train_loss": 9.472464404386637,
    "validation_loss": 9.408271026611327,
    "train_variance": 5.175187110900879,
    "validation_variance": 5.1763997077941895
}