{
    "train_loss": 13.258620946547563,
    "validation_loss": 13.084035587310792,
    "train_variance": 10.616440773010254,
    "validation_variance": 11.559123992919922
}