{
    "train_loss": 9.454249763488768,
    "validation_loss": 9.377912425994872,
    "train_variance": 5.278454303741455,
    "validation_variance": 5.879833221435547
}