{
    "train_loss": 9.459858916787542,
    "validation_loss": 9.369124412536621,
    "train_variance": 5.486810684204102,
    "validation_variance": 6.150636672973633
}