{
    "train_loss": 9.60715369056253,
    "validation_loss": 9.508451175689697,
    "train_variance": 4.592498779296875,
    "validation_variance": 6.087929725646973
}