{
    "train_loss": 0.04198078625835479,
    "train_accuracy": 0.9926953125000015,
    "train_avg_precision": 0.9905102996305969,
    "train_min_precision": 0.9257657654947571,
    "train_avg_recall": 0.9942858022784833,
    "train_min_recall": 0.9545029810222317,
    "validation_loss": 0.3719652395082426,
    "validation_accuracy": 0.8870648734177216,
    "validation_avg_precision": 0.8966858841877393,
    "validation_min_precision": 0.606206112853152,
    "validation_avg_recall": 0.8879996034362346,
    "validation_min_recall": 0.6237353148064633,
    "train_variance": 3.8172872066497803,
    "validation_variance": 102.275390625
}