{
    "train_loss": 0.10386338662356134,
    "train_accuracy": 0.9675390624999999,
    "train_avg_precision": 0.9551796952390785,
    "train_min_precision": 0.7551011335731938,
    "train_avg_recall": 0.9671643491841251,
    "train_min_recall": 0.828333438247321,
    "validation_loss": 0.3746354491273058,
    "validation_accuracy": 0.8820213607594936,
    "validation_avg_precision": 0.8906011512326569,
    "validation_min_precision": 0.5898466081641492,
    "validation_avg_recall": 0.8831519080388772,
    "validation_min_recall": 0.6316064826126748,
    "train_variance": 18.835704803466797,
    "validation_variance": 127.30310821533203
}