{
    "train_loss": 0.05084552425891162,
    "train_accuracy": 0.9888281250000005,
    "train_avg_precision": 0.9832098294946539,
    "train_min_precision": 0.8728344216140999,
    "train_avg_recall": 0.9885147549135579,
    "train_min_recall": 0.9124592107195327,
    "validation_loss": 0.3791561058804958,
    "validation_accuracy": 0.884493670886076,
    "validation_avg_precision": 0.8902449350645083,
    "validation_min_precision": 0.5949345447462222,
    "validation_avg_recall": 0.8836259137364738,
    "validation_min_recall": 0.6266556703824017,
    "train_variance": 6.5194597244262695,
    "validation_variance": 173.8873748779297
}