{
    "train_loss": 0.09360430363565682,
    "train_accuracy": 0.97203125,
    "train_avg_precision": 0.9624797269498471,
    "train_min_precision": 0.7747203947359279,
    "train_avg_recall": 0.971084386601842,
    "train_min_recall": 0.8376601459549178,
    "validation_loss": 0.37058069472071514,
    "validation_accuracy": 0.8814280063291137,
    "validation_avg_precision": 0.8875840278380036,
    "validation_min_precision": 0.604919138908781,
    "validation_avg_recall": 0.880682396028686,
    "validation_min_recall": 0.6012256463627123,
    "train_variance": 14.580840110778809,
    "validation_variance": 82.008056640625
}