{
    "train_loss": 0.13802044708281758,
    "train_accuracy": 0.9551171874999994,
    "train_avg_precision": 0.9415724787242535,
    "train_min_precision": 0.7106041267780099,
    "train_avg_recall": 0.9427590130213725,
    "train_min_recall": 0.7034193111521719,
    "validation_loss": 0.44111903954910325,
    "validation_accuracy": 0.8666930379746831,
    "validation_avg_precision": 0.8820493221271554,
    "validation_min_precision": 0.547670468174297,
    "validation_avg_recall": 0.8643615574812425,
    "validation_min_recall": 0.5129710212953735,
    "train_variance": 49.22307205200195,
    "validation_variance": 107.94023895263672
}