{
    "train_loss": 0.06885861990973355,
    "train_accuracy": 0.9823828125000006,
    "train_avg_precision": 0.9741941070830163,
    "train_min_precision": 0.8214323361922016,
    "train_avg_recall": 0.9829923752835321,
    "train_min_recall": 0.8878168708520804,
    "validation_loss": 0.3651810063968731,
    "validation_accuracy": 0.8850870253164554,
    "validation_avg_precision": 0.890995724673814,
    "validation_min_precision": 0.6211905693467006,
    "validation_avg_recall": 0.885429364920891,
    "validation_min_recall": 0.6247816423973499,
    "train_variance": 7.463775634765625,
    "validation_variance": 133.569091796875
}