{
    "train_loss": 0.038252303181216106,
    "train_accuracy": 0.9944921875000013,
    "train_avg_precision": 0.9924695191255477,
    "train_min_precision": 0.9373421035673962,
    "train_avg_recall": 0.9953880080590668,
    "train_min_recall": 0.9622791555402794,
    "validation_loss": 0.38610843182364596,
    "validation_accuracy": 0.8843947784810123,
    "validation_avg_precision": 0.8938904464756054,
    "validation_min_precision": 0.5939062584755652,
    "validation_avg_recall": 0.8841580462610786,
    "validation_min_recall": 0.6089963444849407,
    "train_variance": 3.6812992095947266,
    "validation_variance": 104.10387420654297
}