{
    "train_loss": 0.24722635779529817,
    "train_accuracy": 0.911679687499999,
    "train_avg_precision": 0.8861033165756007,
    "train_min_precision": 0.5205726014725389,
    "train_avg_recall": 0.8840839481673305,
    "train_min_recall": 0.5215686990545064,
    "validation_loss": 0.45645097275323515,
    "validation_accuracy": 0.8411787974683547,
    "validation_avg_precision": 0.8632658744266589,
    "validation_min_precision": 0.4925668165986257,
    "validation_avg_recall": 0.8423054589241178,
    "validation_min_recall": 0.4893289641237088,
    "train_variance": 48.73604965209961,
    "validation_variance": 63.93429946899414
}