{
    "train_loss": 0.06083751184865833,
    "train_accuracy": 0.9862500000000004,
    "train_avg_precision": 0.9796635760561663,
    "train_min_precision": 0.8552183029217089,
    "train_avg_recall": 0.988097768123249,
    "train_min_recall": 0.9110197227724945,
    "validation_loss": 0.35626714610600774,
    "validation_accuracy": 0.8872626582278479,
    "validation_avg_precision": 0.8936060656514984,
    "validation_min_precision": 0.6262612551873891,
    "validation_avg_recall": 0.8878386186108596,
    "validation_min_recall": 0.6264958212179675,
    "train_variance": 5.685003757476807,
    "validation_variance": 89.0699234008789
}