{
    "train_loss": 0.04560949518345294,
    "train_accuracy": 0.9910937500000014,
    "train_avg_precision": 0.9869334378383852,
    "train_min_precision": 0.8967301810886232,
    "train_avg_recall": 0.9914235629552449,
    "train_min_recall": 0.9336367357908146,
    "validation_loss": 0.38226227575465094,
    "validation_accuracy": 0.8852848101265821,
    "validation_avg_precision": 0.8929883540081645,
    "validation_min_precision": 0.5928575831904986,
    "validation_avg_recall": 0.8845877072205335,
    "validation_min_recall": 0.6082314634240803,
    "train_variance": 4.874704837799072,
    "validation_variance": 182.9310302734375
}