{
    "train_loss": 0.08826999943703415,
    "train_accuracy": 0.9734374999999998,
    "train_avg_precision": 0.9554470116551557,
    "train_min_precision": 0.7011326483578615,
    "train_avg_recall": 0.9747300584143745,
    "train_min_recall": 0.8267899234241655,
    "validation_loss": 0.35156272219706186,
    "validation_accuracy": 0.8854825949367089,
    "validation_avg_precision": 0.8885805221751081,
    "validation_min_precision": 0.6430439484922773,
    "validation_avg_recall": 0.8860364642101691,
    "validation_min_recall": 0.6320643356016191,
    "train_variance": 9.226954460144043,
    "validation_variance": 77.76036834716797
}