{
    "train_loss": 0.24983099728822697,
    "train_accuracy": 0.9150390624999991,
    "train_avg_precision": 0.8725618622910019,
    "train_min_precision": 0.4085531943546649,
    "train_avg_recall": 0.9113244565140258,
    "train_min_recall": 0.5517091611231233,
    "validation_loss": 0.40437430162218546,
    "validation_accuracy": 0.8676819620253162,
    "validation_avg_precision": 0.8695668624403825,
    "validation_min_precision": 0.6087048554611526,
    "validation_avg_recall": 0.865921295395088,
    "validation_min_recall": 0.531314768452755,
    "train_variance": 21.46805191040039,
    "validation_variance": 89.70659637451172
}