{
    "train_loss": 0.09426917143166068,
    "train_accuracy": 0.9697656249999993,
    "train_avg_precision": 0.9549571267544102,
    "train_min_precision": 0.7291189580926172,
    "train_avg_recall": 0.9703708952765936,
    "train_min_recall": 0.8170273931270566,
    "validation_loss": 0.37455015846445583,
    "validation_accuracy": 0.8833069620253162,
    "validation_avg_precision": 0.8876694119125931,
    "validation_min_precision": 0.6294510761758086,
    "validation_avg_recall": 0.8838350472099026,
    "validation_min_recall": 0.6141180423800834,
    "train_variance": 13.441855430603027,
    "validation_variance": 147.29754638671875
}