{
    "train_loss": 0.05022426515817641,
    "train_accuracy": 0.9894921875000009,
    "train_avg_precision": 0.9854455498020903,
    "train_min_precision": 0.8943197400143647,
    "train_avg_recall": 0.9910179957890792,
    "train_min_recall": 0.9344586663091378,
    "validation_loss": 0.3702745018880578,
    "validation_accuracy": 0.887262658227848,
    "validation_avg_precision": 0.8953659905071221,
    "validation_min_precision": 0.6149260133060149,
    "validation_avg_recall": 0.8878281106444981,
    "validation_min_recall": 0.6248033539638155,
    "train_variance": 5.29392671585083,
    "validation_variance": 208.26553344726562
}