{
    "train_loss": 0.04987083462998272,
    "train_accuracy": 0.9895312500000011,
    "train_avg_precision": 0.9853281447118655,
    "train_min_precision": 0.8847360755103416,
    "train_avg_recall": 0.9898049189721598,
    "train_min_recall": 0.9232334069180972,
    "validation_loss": 0.37419387094582185,
    "validation_accuracy": 0.885284810126582,
    "validation_avg_precision": 0.8949000853515551,
    "validation_min_precision": 0.600769068844934,
    "validation_avg_recall": 0.883389743880544,
    "validation_min_recall": 0.6151758494691638,
    "train_variance": 4.9746012687683105,
    "validation_variance": 92.06450653076172
}