{
    "train_loss": 0.2636146457120777,
    "train_accuracy": 0.9049218749999993,
    "train_avg_precision": 0.8703013009804045,
    "train_min_precision": 0.4646225929867234,
    "train_avg_recall": 0.8847027035030369,
    "train_min_recall": 0.5176406909885406,
    "validation_loss": 0.4362262806183174,
    "validation_accuracy": 0.8498813291139238,
    "validation_avg_precision": 0.8636687951227939,
    "validation_min_precision": 0.5347276898937044,
    "validation_avg_recall": 0.8512454596385918,
    "validation_min_recall": 0.5270179321664606,
    "train_variance": 32.427940368652344,
    "validation_variance": 51.6103401184082
}