{
    "train_loss": 0.05814822909422213,
    "train_accuracy": 0.9867187500000012,
    "train_avg_precision": 0.9789768364665014,
    "train_min_precision": 0.8426002410433623,
    "train_avg_recall": 0.9862991950664531,
    "train_min_recall": 0.8991995147209699,
    "validation_loss": 0.37307783282255824,
    "validation_accuracy": 0.8876582278481012,
    "validation_avg_precision": 0.8939947117122827,
    "validation_min_precision": 0.6143887293680869,
    "validation_avg_recall": 0.8850524720160163,
    "validation_min_recall": 0.6239422497877646,
    "train_variance": 6.400982856750488,
    "validation_variance": 140.9954071044922
}