{
    "train_accuracy": 1.0,
    "train_loss": 0.0015714098699390888,
    "validation_accuracy": 0.890625,
    "validation_loss": 0.9090456962585449
}