{
    "train_accuracy": 1.0,
    "train_loss": 0.004967798944562674,
    "validation_accuracy": 0.8515625,
    "validation_loss": 0.7230217456817627
}