{
    "train_accuracy": 0.984375,
    "train_loss": 0.029419660568237305,
    "validation_accuracy": 0.859375,
    "validation_loss": 0.9010125398635864
}