{
    "train_accuracy": 1.0,
    "train_loss": 0.00026839046040549874,
    "validation_accuracy": 0.8515625,
    "validation_loss": 0.7587010860443115
}