{
    "train_accuracy": 1.0,
    "train_loss": 0.00041919536306522787,
    "validation_accuracy": 0.828125,
    "validation_loss": 1.2601903676986694
}