{
    "train_accuracy": 0.984375,
    "train_loss": 0.05111464858055115,
    "validation_accuracy": 0.8515625,
    "validation_loss": 0.40702998638153076
}