{
    "train_accuracy": 0.9140625,
    "train_loss": 0.2978983521461487,
    "validation_accuracy": 0.828125,
    "validation_loss": 0.572795033454895
}