{
    "train_loss": 0.25380673115713553,
    "train_accuracy": 0.9147430804737832,
    "train_avg_precision": 0.7923190262633977,
    "train_min_precision": 0.21874986611828723,
    "train_avg_recall": 0.8880288925283968,
    "train_min_recall": 0.4707737417933128,
    "validation_loss": 0.47831832543015473,
    "validation_accuracy": 0.8398437500000001,
    "validation_avg_precision": 0.8412677956720063,
    "validation_min_precision": 0.5853217853889479,
    "validation_avg_recall": 0.8435520979418957,
    "validation_min_recall": 0.5141972972425296,
    "train_variance": 24.15877914428711,
    "validation_variance": 30.25196647644043
}