{
    "train_loss": 0.4548072297322122,
    "train_accuracy": 0.8466991834473186,
    "train_avg_precision": 0.6997102413926739,
    "train_min_precision": 0.0924783349318953,
    "train_avg_recall": 0.7900250183035631,
    "train_min_recall": 0.2371894220472319,
    "validation_loss": 0.6394843205809592,
    "validation_accuracy": 0.7638671874999998,
    "validation_avg_precision": 0.7744714476392465,
    "validation_min_precision": 0.401117851447672,
    "validation_avg_recall": 0.7641784814166818,
    "validation_min_recall": 0.2724045714716908,
    "train_variance": 24.72576332092285,
    "validation_variance": 13.6765718460083
}