{
    "train_loss": 0.6061729888121287,
    "train_accuracy": 0.811954117657845,
    "train_avg_precision": 0.6322156626943539,
    "train_min_precision": 0.04560512586828376,
    "train_avg_recall": 0.7139775873833817,
    "train_min_recall": 0.11451675440595106,
    "validation_loss": 0.8014242187142371,
    "validation_accuracy": 0.71162109375,
    "validation_avg_precision": 0.6955671845282834,
    "validation_min_precision": 0.3335513044157152,
    "validation_avg_recall": 0.7067689467263112,
    "validation_min_recall": 0.14416237498485374,
    "train_variance": 42.167396545410156,
    "validation_variance": 17.801860809326172
}