{
    "train_loss": 0.31999124299015913,
    "train_accuracy": 0.8900554859847353,
    "train_avg_precision": 0.749319873530811,
    "train_min_precision": 0.15033376209846794,
    "train_avg_recall": 0.8671507418174609,
    "train_min_recall": 0.4576696328092279,
    "validation_loss": 0.4696097806096076,
    "validation_accuracy": 0.8339843750000001,
    "validation_avg_precision": 0.8343144199167133,
    "validation_min_precision": 0.5475272153095985,
    "validation_avg_recall": 0.8317663845474067,
    "validation_min_recall": 0.5123298534678361,
    "train_variance": 21.680572509765625,
    "validation_variance": 23.387487411499023
}