{
    "train_loss": 0.36620155290553447,
    "train_accuracy": 0.878970054157993,
    "train_avg_precision": 0.7094613674433164,
    "train_min_precision": 0.12790558541332533,
    "train_avg_recall": 0.8242735052158096,
    "train_min_recall": 0.2577124601892404,
    "validation_loss": 0.5428837627172469,
    "validation_accuracy": 0.8066406249999999,
    "validation_avg_precision": 0.805049257749846,
    "validation_min_precision": 0.5204081555631516,
    "validation_avg_recall": 0.8050449996562077,
    "validation_min_recall": 0.24860863883068357,
    "train_variance": 23.55568504333496,
    "validation_variance": 16.440515518188477
}