{
    "train_loss": 0.2823123958027153,
    "train_accuracy": 0.9061649274407774,
    "train_avg_precision": 0.7661685364343712,
    "train_min_precision": 0.19473635526267108,
    "train_avg_recall": 0.878840870007607,
    "train_min_recall": 0.4449507551559022,
    "validation_loss": 0.46856054440140726,
    "validation_accuracy": 0.8385742187499998,
    "validation_avg_precision": 0.8343680080275924,
    "validation_min_precision": 0.5824244155723286,
    "validation_avg_recall": 0.8370418294421758,
    "validation_min_recall": 0.45174497480562864,
    "train_variance": 23.90594482421875,
    "validation_variance": 23.974279403686523
}