{
    "train_loss": 0.2670394033193588,
    "train_accuracy": 0.9146060190702744,
    "train_avg_precision": 0.7839301215866293,
    "train_min_precision": 0.21200918964076854,
    "train_avg_recall": 0.8941815255631629,
    "train_min_recall": 0.5123982564348369,
    "validation_loss": 0.45463834740221504,
    "validation_accuracy": 0.84609375,
    "validation_avg_precision": 0.841042872484203,
    "validation_min_precision": 0.5781441636567622,
    "validation_avg_recall": 0.8432889406820793,
    "validation_min_recall": 0.49579489247333014,
    "train_variance": 25.00701141357422,
    "validation_variance": 31.37560272216797
}