{
    "train_loss": 0.28485355852988725,
    "train_accuracy": 0.907781307111707,
    "train_avg_precision": 0.7696209735250193,
    "train_min_precision": 0.18939106129508607,
    "train_avg_recall": 0.8701744859895901,
    "train_min_recall": 0.3994612834865398,
    "validation_loss": 0.47904749959707266,
    "validation_accuracy": 0.83310546875,
    "validation_avg_precision": 0.8293993417623735,
    "validation_min_precision": 0.6055921658129565,
    "validation_avg_recall": 0.8275506778801017,
    "validation_min_recall": 0.38297400771106804,
    "train_variance": 22.32831573486328,
    "validation_variance": 19.708106994628906
}