{
    "train_loss": 0.11386111175641413,
    "train_accuracy": 0.9798828124999981,
    "train_avg_precision": 0.9790340751387296,
    "train_min_precision": 0.8465391914049984,
    "train_avg_recall": 0.9832580245555953,
    "train_min_recall": 0.8744009212321888,
    "validation_loss": 1.3191315979714602,
    "validation_accuracy": 0.6288813694267515,
    "validation_avg_precision": 0.6396071316593984,
    "validation_min_precision": 0.21278088507387866,
    "validation_avg_recall": 0.6261786638697463,
    "validation_min_recall": 0.18477405467851324,
    "train_variance": 37.90586853027344,
    "validation_variance": 488.3770751953125
}