{
    "train_loss": 0.09803110048174862,
    "train_accuracy": 0.9848828124999964,
    "train_avg_precision": 0.9822563183984881,
    "train_min_precision": 0.8533336112416968,
    "train_avg_recall": 0.9871507379902158,
    "train_min_recall": 0.8904366960224129,
    "validation_loss": 1.3195423806548876,
    "validation_accuracy": 0.6346536624203822,
    "validation_avg_precision": 0.6393591127579807,
    "validation_min_precision": 0.22195545077710677,
    "validation_avg_recall": 0.6310122660228819,
    "validation_min_recall": 0.17526263545371823,
    "train_variance": 33.04181671142578,
    "validation_variance": 506.7317810058594
}