{
    "train_loss": 0.30740899596363325,
    "train_accuracy": 0.9095312500000023,
    "train_avg_precision": 0.8953083670958671,
    "train_min_precision": 0.5633707611832601,
    "train_avg_recall": 0.9075722547744516,
    "train_min_recall": 0.615748837967587,
    "validation_loss": 1.2545817589304242,
    "validation_accuracy": 0.6201234076433124,
    "validation_avg_precision": 0.6332056695197339,
    "validation_min_precision": 0.22906035931513627,
    "validation_avg_recall": 0.6180137851615932,
    "validation_min_recall": 0.18155330161699587,
    "train_variance": 72.47608947753906,
    "validation_variance": 287.14764404296875
}