{
    "train_loss": 0.7420126163959498,
    "train_accuracy": 0.7444921875,
    "train_avg_precision": 0.723104931167641,
    "train_min_precision": 0.218555101148851,
    "train_avg_recall": 0.7331029497239204,
    "train_min_recall": 0.24260014638139638,
    "validation_loss": 1.307539649450096,
    "validation_accuracy": 0.5727507961783441,
    "validation_avg_precision": 0.5801653716064544,
    "validation_min_precision": 0.16637424853985358,
    "validation_avg_recall": 0.5700617818133742,
    "validation_min_recall": 0.12973307654836314,
    "train_variance": 102.51502990722656,
    "validation_variance": 171.28823852539062
}