{
    "train_loss": 1.294914535880088,
    "train_accuracy": 0.5377343750000001,
    "train_avg_precision": 0.5428193776821979,
    "train_min_precision": 0.03597750526589367,
    "train_avg_recall": 0.5216530784095218,
    "train_min_recall": 0.04533511974136974,
    "validation_loss": 1.5351745565985417,
    "validation_accuracy": 0.47044187898089196,
    "validation_avg_precision": 0.4995249495140332,
    "validation_min_precision": 0.05785394269796075,
    "validation_avg_recall": 0.4710855377813976,
    "validation_min_recall": 0.04076961608808743,
    "train_variance": 84.27154541015625,
    "validation_variance": 103.37936401367188
}