{
    "train_loss": 0.07304142841603616,
    "train_accuracy": 0.9926171874999937,
    "train_avg_precision": 0.9913775744104957,
    "train_min_precision": 0.911260724623239,
    "train_avg_recall": 0.9937953679294694,
    "train_min_recall": 0.9326695389126645,
    "validation_loss": 1.363629316448406,
    "validation_accuracy": 0.630075636942675,
    "validation_avg_precision": 0.6403178902921315,
    "validation_min_precision": 0.23120041670997077,
    "validation_avg_recall": 0.6276033547132271,
    "validation_min_recall": 0.18360699809744394,
    "train_variance": 22.56085205078125,
    "validation_variance": 565.8182373046875
}