{
    "train_accuracy": 1.0,
    "train_avg_precision": 1.0,
    "train_min_precision": 1.0,
    "train_avg_recall": 1.0,
    "train_min_recall": 1.0,
    "train_loss": 0.04631202295422554,
    "validation_accuracy": 0.4375,
    "validation_avg_precision": 0.3611111111111111,
    "validation_min_precision": 0.0,
    "validation_avg_recall": 0.4722222222222222,
    "validation_min_recall": 0.0,
    "validation_loss": 1.8760333061218262,
    "train_variance": 23.410491943359375,
    "validation_variance": 563.8213500976562
}