{
    "train_accuracy": 0.9375,
    "train_avg_precision": 0.9084090909090908,
    "train_min_precision": 0.5,
    "train_avg_recall": 0.9557142857142857,
    "train_min_recall": 0.7,
    "train_loss": 0.23553994297981262,
    "validation_accuracy": 0.8125,
    "validation_avg_precision": 0.8703703703703705,
    "validation_min_precision": 0.3333333333333333,
    "validation_avg_recall": 0.8796296296296295,
    "validation_min_recall": 0.5,
    "validation_loss": 1.02953040599823,
    "train_variance": 58.37806701660156,
    "validation_variance": 417.3831787109375
}