{
    "train_accuracy": 0.984375,
    "train_avg_precision": 0.9,
    "train_min_precision": 0.0,
    "train_avg_recall": 0.8923076923076924,
    "train_min_recall": 0.0,
    "train_loss": 0.060368672013282776,
    "validation_accuracy": 0.625,
    "validation_avg_precision": 0.5185185185185184,
    "validation_min_precision": 0.0,
    "validation_avg_recall": 0.5,
    "validation_min_recall": 0.0,
    "validation_loss": 1.4355170726776123,
    "train_variance": 28.631534576416016,
    "validation_variance": 525.6831665039062
}