{
    "train_loss": 0.18928696158342068,
    "train_accuracy": 0.9535937500000023,
    "train_avg_precision": 0.9512094049599407,
    "train_min_precision": 0.7259676969272547,
    "train_avg_recall": 0.9581254313225203,
    "train_min_recall": 0.7693583246818537,
    "validation_loss": 1.3308593501710588,
    "validation_accuracy": 0.6167396496815286,
    "validation_avg_precision": 0.6282638976484985,
    "validation_min_precision": 0.21111445171954715,
    "validation_avg_recall": 0.6164015256584261,
    "validation_min_recall": 0.16914021929945494,
    "train_variance": 56.160064697265625,
    "validation_variance": 404.4822998046875
}