{
    "train_accuracy": 0.71875,
    "train_avg_precision": 0.7546296296296297,
    "train_min_precision": 0.4,
    "train_avg_recall": 0.7329365079365079,
    "train_min_recall": 0.3333333333333333,
    "train_loss": 0.8154402375221252,
    "validation_accuracy": 0.4375,
    "validation_avg_precision": 0.41666666666666663,
    "validation_min_precision": 0.0,
    "validation_avg_recall": 0.31666666666666665,
    "validation_min_recall": 0.0,
    "validation_loss": 1.7063815593719482,
    "train_variance": 99.4819564819336,
    "validation_variance": 174.11862182617188
}