{
    "train_accuracy": 0.96875,
    "train_avg_precision": 0.9709090909090908,
    "train_min_precision": 0.8,
    "train_avg_recall": 0.975,
    "train_min_recall": 0.875,
    "train_loss": 0.14858880639076233,
    "validation_accuracy": 0.625,
    "validation_avg_precision": 0.6145833333333333,
    "validation_min_precision": 0.0,
    "validation_avg_recall": 0.6458333333333333,
    "validation_min_recall": 0.0,
    "validation_loss": 1.4185562133789062,
    "train_variance": 51.7404670715332,
    "validation_variance": 434.1501159667969
}