{
    "train_loss": 0.15206331155262878,
    "train_accuracy": 0.9671875000000015,
    "train_avg_precision": 0.9583755238310541,
    "train_min_precision": 0.7364772761960244,
    "train_avg_recall": 0.9705905597472213,
    "train_min_recall": 0.8046367247948125,
    "validation_loss": 1.2626701802205131,
    "validation_accuracy": 0.6388335987261146,
    "validation_avg_precision": 0.651648389597996,
    "validation_min_precision": 0.22871526916112894,
    "validation_avg_recall": 0.6390288889745617,
    "validation_min_recall": 0.21126304693183673,
    "train_variance": 49.84192657470703,
    "validation_variance": 441.0997009277344
}