{
    "train_accuracy": 0.78125,
    "train_avg_precision": 0.7166233766233766,
    "train_min_precision": 0.0,
    "train_avg_recall": 0.6712820512820512,
    "train_min_recall": 0.0,
    "train_loss": 0.6563243865966797,
    "validation_accuracy": 0.625,
    "validation_avg_precision": 0.4666666666666666,
    "validation_min_precision": 0.0,
    "validation_avg_recall": 0.41666666666666663,
    "validation_min_recall": 0.0,
    "validation_loss": 1.1218986511230469,
    "train_variance": 91.42728424072266,
    "validation_variance": 217.5265350341797
}