{
    "train_accuracy": 0.890625,
    "train_avg_precision": 0.8901785714285715,
    "train_min_precision": 0.6,
    "train_avg_recall": 0.8864285714285713,
    "train_min_recall": 0.7142857142857143,
    "train_loss": 0.40259748697280884,
    "validation_accuracy": 0.3125,
    "validation_avg_precision": 0.2592592592592592,
    "validation_min_precision": 0.0,
    "validation_avg_recall": 0.33333333333333337,
    "validation_min_recall": 0.0,
    "validation_loss": 2.3784496784210205,
    "train_variance": 76.81754302978516,
    "validation_variance": 292.0416564941406
}