{
    "train_loss": 0.5480185278505089,
    "train_accuracy": 0.8189062500000002,
    "train_avg_precision": 0.7956288475042943,
    "train_min_precision": 0.32127561327561277,
    "train_avg_recall": 0.8067358218343148,
    "train_min_recall": 0.34311070179820136,
    "validation_loss": 1.2669610878464528,
    "validation_accuracy": 0.5917595541401273,
    "validation_avg_precision": 0.6140114293366131,
    "validation_min_precision": 0.1926547355687482,
    "validation_avg_recall": 0.5929640536195743,
    "validation_min_recall": 0.14202557880901825,
    "train_variance": 88.39027404785156,
    "validation_variance": 199.9920654296875
}