{
    "train_loss": 1.010274323523045,
    "train_accuracy": 0.6513281250000005,
    "train_avg_precision": 0.6215986731928598,
    "train_min_precision": 0.0869657183094683,
    "train_avg_recall": 0.6081508456078168,
    "train_min_recall": 0.09452813852813856,
    "validation_loss": 1.4802701617502103,
    "validation_accuracy": 0.4930334394904459,
    "validation_avg_precision": 0.5233927063210648,
    "validation_min_precision": 0.07867762103430892,
    "validation_avg_recall": 0.49134894683602054,
    "validation_min_recall": 0.05980988226211155,
    "train_variance": 81.4272689819336,
    "validation_variance": 115.33527374267578
}