{
    "train_accuracy": 0.59375,
    "train_avg_precision": 0.5440367965367966,
    "train_min_precision": 0.2,
    "train_avg_recall": 0.6803663003663003,
    "train_min_recall": 0.2857142857142857,
    "train_loss": 1.0375102758407593,
    "validation_accuracy": 0.5,
    "validation_avg_precision": 0.3518518518518518,
    "validation_min_precision": 0.0,
    "validation_avg_recall": 0.2962962962962963,
    "validation_min_recall": 0.0,
    "validation_loss": 1.6156631708145142,
    "train_variance": 96.55864715576172,
    "validation_variance": 122.65216827392578
}