{
    "train_loss": 0.03332645612400631,
    "train_accuracy": 0.9985397826793566,
    "train_avg_precision": 0.9982706792170728,
    "train_min_precision": 0.9828578579396882,
    "train_avg_recall": 0.9990983083065417,
    "train_min_recall": 0.9911142958189405,
    "validation_loss": 1.3842345129085496,
    "validation_accuracy": 0.6300435126582273,
    "validation_avg_precision": 0.6470072863343208,
    "validation_min_precision": 0.36335851363648286,
    "validation_avg_recall": 0.630732688705021,
    "validation_min_recall": 0.2607898470921163,
    "train_variance": 4.243400573730469,
    "validation_variance": 409.0541076660156
}