{
    "train_accuracy": 0.944444477558136,
    "train_avg_precision": 0.9628851540616247,
    "train_min_precision": 0.7619047619047619,
    "train_avg_recall": 0.9613970588235294,
    "train_min_recall": 0.85,
    "train_loss": 0.1523156762123108,
    "validation_accuracy": 0.4375,
    "validation_avg_precision": 0.35000000000000003,
    "validation_min_precision": 0.0,
    "validation_avg_recall": 0.35000000000000003,
    "validation_min_recall": 0.0,
    "validation_loss": 1.6706279516220093,
    "train_variance": 27.0550537109375,
    "validation_variance": 289.3548278808594
}