{
    "train_accuracy": 0.7962962985038757,
    "train_avg_precision": 0.8558578518255936,
    "train_min_precision": 0.6153846153846154,
    "train_avg_recall": 0.8033595352016403,
    "train_min_recall": 0.42857142857142855,
    "train_loss": 0.4924832880496979,
    "validation_accuracy": 0.5625,
    "validation_avg_precision": 0.5962962962962963,
    "validation_min_precision": 0.0,
    "validation_avg_recall": 0.6203703703703703,
    "validation_min_recall": 0.0,
    "validation_loss": 2.0148983001708984,
    "train_variance": 79.7635726928711,
    "validation_variance": 244.580810546875
}