{
    "train_loss": 0.026252465123354017,
    "train_accuracy": 0.9995276162790675,
    "train_avg_precision": 0.9990034345939574,
    "train_min_precision": 0.9901512402425362,
    "train_avg_recall": 0.9992728527754837,
    "train_min_recall": 0.9929786135863403,
    "validation_loss": 1.4036711250679401,
    "validation_accuracy": 0.6316257911392406,
    "validation_avg_precision": 0.6466510521459001,
    "validation_min_precision": 0.38047934384592297,
    "validation_avg_recall": 0.6304548944115703,
    "validation_min_recall": 0.25782292074469854,
    "train_variance": 2.65155291557312,
    "validation_variance": 437.90521240234375
}