{
    "train_loss": 0.41594163276428403,
    "train_accuracy": 0.8658605190210561,
    "train_avg_precision": 0.8784825551631729,
    "train_min_precision": 0.5899981287132672,
    "train_avg_recall": 0.8739462117329085,
    "train_min_recall": 0.5616114084142095,
    "validation_loss": 1.5137095225008224,
    "validation_accuracy": 0.5551819620253166,
    "validation_avg_precision": 0.6201290061951041,
    "validation_min_precision": 0.3007694046816733,
    "validation_avg_recall": 0.5564762002808621,
    "validation_min_recall": 0.1806669990993188,
    "train_variance": 75.1335678100586,
    "validation_variance": 243.84571838378906
}