{
    "train_accuracy": 0.8703703880310059,
    "train_avg_precision": 0.886879786879787,
    "train_min_precision": 0.7333333333333333,
    "train_avg_recall": 0.839678292721771,
    "train_min_recall": 0.42857142857142855,
    "train_loss": 0.39051225781440735,
    "validation_accuracy": 0.625,
    "validation_avg_precision": 0.29166666666666663,
    "validation_min_precision": 0.0,
    "validation_avg_recall": 0.4,
    "validation_min_recall": 0.0,
    "validation_loss": 1.234134554862976,
    "train_variance": 68.09847259521484,
    "validation_variance": 165.79347229003906
}