{
    "train_accuracy": 1.0,
    "train_avg_precision": 1.0,
    "train_min_precision": 1.0,
    "train_avg_recall": 1.0,
    "train_min_recall": 1.0,
    "train_loss": 0.02319534309208393,
    "validation_accuracy": 0.6875,
    "validation_avg_precision": 0.5333333333333333,
    "validation_min_precision": 0.0,
    "validation_avg_recall": 0.537037037037037,
    "validation_min_recall": 0.0,
    "validation_loss": 1.6765989065170288,
    "train_variance": 2.5875115394592285,
    "validation_variance": 450.34991455078125
}