{
    "train_accuracy": 0.7222222089767456,
    "train_avg_precision": 0.7115802253302254,
    "train_min_precision": 0.0,
    "train_avg_recall": 0.6462179487179487,
    "train_min_recall": 0.0,
    "train_loss": 0.8015339374542236,
    "validation_accuracy": 0.5,
    "validation_avg_precision": 0.45,
    "validation_min_precision": 0.0,
    "validation_avg_recall": 0.4,
    "validation_min_recall": 0.0,
    "validation_loss": 1.4055047035217285,
    "train_variance": 67.70817565917969,
    "validation_variance": 117.6594009399414
}