{
    "train_loss": 0.025562120488909785,
    "train_accuracy": 0.9995276162790675,
    "train_avg_precision": 0.9994242973060798,
    "train_min_precision": 0.9942752728024234,
    "train_avg_recall": 0.9997369101844217,
    "train_min_recall": 0.9973847623250155,
    "validation_loss": 1.41566493088686,
    "validation_accuracy": 0.6326147151898733,
    "validation_avg_precision": 0.6475161890441355,
    "validation_min_precision": 0.38195657139253586,
    "validation_avg_recall": 0.63132394651769,
    "validation_min_recall": 0.26795551358979663,
    "train_variance": 2.4858078956604004,
    "validation_variance": 454.47998046875
}