{
    "train_loss": 0.06153728638797309,
    "train_accuracy": 0.9940043604651163,
    "train_avg_precision": 0.993060791396696,
    "train_min_precision": 0.9430007093097591,
    "train_avg_recall": 0.9953082854848615,
    "train_min_recall": 0.9634216740650771,
    "validation_loss": 1.3521273000330862,
    "validation_accuracy": 0.6223299050632912,
    "validation_avg_precision": 0.6371842305491916,
    "validation_min_precision": 0.360893244084842,
    "validation_avg_recall": 0.6239618863629522,
    "validation_min_recall": 0.26209544478982505,
    "train_variance": 10.112112998962402,
    "validation_variance": 358.7003173828125
}