{
    "train_loss": 0.1426212870104369,
    "train_accuracy": 0.9705466730650089,
    "train_avg_precision": 0.9685707132995202,
    "train_min_precision": 0.833601982841177,
    "train_avg_recall": 0.9781737014923525,
    "train_min_recall": 0.8873847356567937,
    "validation_loss": 1.3536829442917544,
    "validation_accuracy": 0.6102650316455698,
    "validation_avg_precision": 0.6327750317457148,
    "validation_min_precision": 0.34221336832236543,
    "validation_avg_recall": 0.6093393371704303,
    "validation_min_recall": 0.2614204724159853,
    "train_variance": 27.55615997314453,
    "validation_variance": 294.7392883300781
}