{
    "train_loss": 0.029452342150169748,
    "train_accuracy": 0.9990552325581377,
    "train_avg_precision": 0.9988264224887349,
    "train_min_precision": 0.988558692096851,
    "train_avg_recall": 0.9994256831875004,
    "train_min_recall": 0.9945032047958173,
    "validation_loss": 1.3947233497341982,
    "validation_accuracy": 0.6296479430379747,
    "validation_avg_precision": 0.6448983629349948,
    "validation_min_precision": 0.36089542851456485,
    "validation_avg_recall": 0.6273698428900157,
    "validation_min_recall": 0.2693577061140843,
    "train_variance": 3.3885738849639893,
    "validation_variance": 443.6996765136719
}