{
    "train_loss": 0.7777465404466147,
    "train_accuracy": 0.7377839687258702,
    "train_avg_precision": 0.716752362126819,
    "train_min_precision": 0.29136758800209256,
    "train_avg_recall": 0.7286482243863783,
    "train_min_recall": 0.2929893433484249,
    "validation_loss": 1.340212594104719,
    "validation_accuracy": 0.5482594936708862,
    "validation_avg_precision": 0.5792084606553195,
    "validation_min_precision": 0.2603715534611254,
    "validation_avg_recall": 0.548618228267126,
    "validation_min_recall": 0.1665887875302188,
    "train_variance": 74.34175872802734,
    "validation_variance": 130.37957763671875
}