{
    "train_accuracy": 0.9907407760620117,
    "train_avg_precision": 0.98989898989899,
    "train_min_precision": 0.9090909090909091,
    "train_avg_recall": 0.9920634920634921,
    "train_min_recall": 0.9285714285714286,
    "train_loss": 0.0604182668030262,
    "validation_accuracy": 0.625,
    "validation_avg_precision": 0.4722222222222222,
    "validation_min_precision": 0.0,
    "validation_avg_recall": 0.537037037037037,
    "validation_min_recall": 0.0,
    "validation_loss": 1.2256015539169312,
    "train_variance": 14.571897506713867,
    "validation_variance": 344.84014892578125
}