{
    "train_loss": 0.0798913601525994,
    "train_accuracy": 0.9892441860465123,
    "train_avg_precision": 0.9879607217617413,
    "train_min_precision": 0.9139945839270973,
    "train_avg_recall": 0.9917057149853491,
    "train_min_recall": 0.9438822390813687,
    "validation_loss": 1.3864789401428614,
    "validation_accuracy": 0.6160007911392407,
    "validation_avg_precision": 0.6425485927221027,
    "validation_min_precision": 0.35466108406865304,
    "validation_avg_recall": 0.6170742288146177,
    "validation_min_recall": 0.2516057982526416,
    "train_variance": 14.38001537322998,
    "validation_variance": 347.5299072265625
}