{
    "train_accuracy": 0.9259259104728699,
    "train_avg_precision": 0.9386075036075036,
    "train_min_precision": 0.8,
    "train_avg_recall": 0.9346969696969697,
    "train_min_recall": 0.8,
    "train_loss": 0.2649580240249634,
    "validation_accuracy": 0.6875,
    "validation_avg_precision": 0.6666666666666666,
    "validation_min_precision": 0.0,
    "validation_avg_recall": 0.625,
    "validation_min_recall": 0.0,
    "validation_loss": 1.0840075016021729,
    "train_variance": 36.055240631103516,
    "validation_variance": 249.17864990234375
}