{
    "train_loss": 0.04483297235917211,
    "train_accuracy": 0.9967659883720925,
    "train_avg_precision": 0.996304582650665,
    "train_min_precision": 0.9660105520401537,
    "train_avg_recall": 0.9979000935939609,
    "train_min_recall": 0.9808819340349306,
    "validation_loss": 1.384417797191233,
    "validation_accuracy": 0.6283623417721517,
    "validation_avg_precision": 0.6464188128355894,
    "validation_min_precision": 0.3804005990229966,
    "validation_avg_recall": 0.627513760314996,
    "validation_min_recall": 0.26513920691527776,
    "train_variance": 6.802962779998779,
    "validation_variance": 396.1080322265625
}