{
    "train_accuracy": 0.9907407760620117,
    "train_avg_precision": 0.9949999999999999,
    "train_min_precision": 0.95,
    "train_avg_recall": 0.9952380952380953,
    "train_min_recall": 0.9523809523809523,
    "train_loss": 0.07331900298595428,
    "validation_accuracy": 0.6875,
    "validation_avg_precision": 0.6259259259259259,
    "validation_min_precision": 0.0,
    "validation_avg_recall": 0.6851851851851851,
    "validation_min_recall": 0.0,
    "validation_loss": 0.9399737119674683,
    "train_variance": 4.316088676452637,
    "validation_variance": 408.3916931152344
}