{
    "train_accuracy": 0.9907407760620117,
    "train_avg_precision": 0.9876543209876545,
    "train_min_precision": 0.8888888888888888,
    "train_avg_recall": 0.9953703703703705,
    "train_min_recall": 0.9583333333333334,
    "train_loss": 0.04764091223478317,
    "validation_accuracy": 0.625,
    "validation_avg_precision": 0.4166666666666667,
    "validation_min_precision": 0.0,
    "validation_avg_recall": 0.3518518518518518,
    "validation_min_recall": 0.0,
    "validation_loss": 1.4127026796340942,
    "train_variance": 5.869524002075195,
    "validation_variance": 422.80615234375
}