{
    "train_loss": 0.037602387975121644,
    "train_accuracy": 0.9978130384933105,
    "train_avg_precision": 0.9976797684132911,
    "train_min_precision": 0.9779022271786436,
    "train_avg_recall": 0.998706314820274,
    "train_min_recall": 0.9881804315883825,
    "validation_loss": 1.401534954958324,
    "validation_accuracy": 0.624011075949367,
    "validation_avg_precision": 0.6395305999452591,
    "validation_min_precision": 0.3596868775682433,
    "validation_avg_recall": 0.6182020299808438,
    "validation_min_recall": 0.2535832345405376,
    "train_variance": 5.216217041015625,
    "validation_variance": 427.3397216796875
}