{
    "train_loss": 1.1175773523574655,
    "train_accuracy": 0.6108406008676046,
    "train_avg_precision": 0.5888707852346192,
    "train_min_precision": 0.15391763228661837,
    "train_avg_recall": 0.611945846248128,
    "train_min_recall": 0.12446416124974699,
    "validation_loss": 1.451660624033288,
    "validation_accuracy": 0.5023734177215189,
    "validation_avg_precision": 0.5301902871164851,
    "validation_min_precision": 0.1778240588154227,
    "validation_avg_recall": 0.5013325144928416,
    "validation_min_recall": 0.07504470193755773,
    "train_variance": 66.8924789428711,
    "validation_variance": 85.570556640625
}