{
    "train_loss": 3.0948768209437936,
    "train_zero_shot_top_1": 0.0,
    "train_zero_shot_top_2": 0.0,
    "validation_loss": 9.985609141263096,
    "validation_zero_shot_top_1": 0.29967409536922124,
    "validation_zero_shot_top_2": 0.7284210896292275,
    "train_variance": 0.3966122567653656,
    "validation_variance": 15.568757057189941
}