{
    "train_loss": 3.2636754902041694,
    "train_zero_shot_top_1": 0.0,
    "train_zero_shot_top_2": 0.0,
    "validation_loss": 8.120598229494961,
    "validation_zero_shot_top_1": 0.4086776198417623,
    "validation_zero_shot_top_2": 0.7526997120307166,
    "train_variance": 0.45391646027565,
    "validation_variance": 4.242129802703857
}