{
    "train_loss": 3.0754567192278186,
    "train_zero_shot_top_1": 0.0,
    "train_zero_shot_top_2": 0.0,
    "validation_loss": 9.959329605102539,
    "validation_zero_shot_top_1": 0.2965623060812907,
    "validation_zero_shot_top_2": 0.7310395982004344,
    "train_variance": 0.40715649724006653,
    "validation_variance": 15.17544174194336
}