{
    "train_loss": 0.3248856246471405,
    "train_accuracy": 0.878125,
    "train_avg_precision": 0.8320721413605314,
    "train_min_precision": 0.34345238095238095,
    "train_avg_recall": 0.8636942406750456,
    "train_min_recall": 0.44306220095693777,
    "validation_loss": 0.4489519655704498,
    "validation_accuracy": 0.8515625000000001,
    "validation_avg_precision": 0.8528086131274986,
    "validation_min_precision": 0.5409090909090909,
    "validation_avg_recall": 0.8548113203446022,
    "validation_min_recall": 0.5665409753645048
}