{
    "train_loss": 0.2173680621281005,
    "train_accuracy": 0.9263247690702745,
    "train_avg_precision": 0.810791598177112,
    "train_min_precision": 0.3058932052353106,
    "train_avg_recall": 0.9018505664228068,
    "train_min_recall": 0.5445128981336526,
    "validation_loss": 0.5578472157940266,
    "validation_accuracy": 0.8311523437499998,
    "validation_avg_precision": 0.8296476658215443,
    "validation_min_precision": 0.6054802337532137,
    "validation_avg_recall": 0.8308711061081254,
    "validation_min_recall": 0.40100455200018204,
    "train_variance": 4.139235496520996,
    "validation_variance": 16.37141227722168
}