{
    "train_loss": 0.5017823242304618,
    "train_accuracy": 0.8417815147784712,
    "train_avg_precision": 0.6755409098645627,
    "train_min_precision": 0.06467982052347376,
    "train_avg_recall": 0.7652459853844585,
    "train_min_recall": 0.16538650843047506,
    "validation_loss": 0.675161924213171,
    "validation_accuracy": 0.7603515624999998,
    "validation_avg_precision": 0.7495683957020245,
    "validation_min_precision": 0.38123860338808335,
    "validation_avg_recall": 0.7576563563732377,
    "validation_min_recall": 0.21402941534469716,
    "train_variance": 2.22333025932312,
    "validation_variance": 4.379053592681885
}