{
    "train_loss": 0.4073864263400696,
    "train_accuracy": 0.8660295678858168,
    "train_avg_precision": 0.6828418248752567,
    "train_min_precision": 0.08301523038365141,
    "train_avg_recall": 0.7852119739120605,
    "train_min_recall": 0.1724652027283606,
    "validation_loss": 0.6286338277161121,
    "validation_accuracy": 0.776171875,
    "validation_avg_precision": 0.7599323070478681,
    "validation_min_precision": 0.4455303964798009,
    "validation_avg_recall": 0.7727734432165456,
    "validation_min_recall": 0.19019791510266504,
    "train_variance": 2.3153860569000244,
    "validation_variance": 5.592048645019531
}