{
    "train_loss": 0.27410288599499494,
    "train_accuracy": 0.9045721794429582,
    "train_avg_precision": 0.7606099269919194,
    "train_min_precision": 0.16030709057024847,
    "train_avg_recall": 0.8639368331465556,
    "train_min_recall": 0.40924658302717687,
    "validation_loss": 0.5265703197568656,
    "validation_accuracy": 0.8263671875000002,
    "validation_avg_precision": 0.8217411708899397,
    "validation_min_precision": 0.5626095173064398,
    "validation_avg_recall": 0.8257721700727495,
    "validation_min_recall": 0.48590634740463956,
    "train_variance": 3.5134217739105225,
    "validation_variance": 9.944465637207031
}