{
    "train_loss": 0.3299564081325866,
    "train_accuracy": 0.8899349664386951,
    "train_avg_precision": 0.7332832788097308,
    "train_min_precision": 0.13281368900563945,
    "train_avg_recall": 0.832251712799401,
    "train_min_recall": 0.303048432433768,
    "validation_loss": 0.5794286124408244,
    "validation_accuracy": 0.8013671874999999,
    "validation_avg_precision": 0.7954287408854646,
    "validation_min_precision": 0.5135539521593618,
    "validation_avg_recall": 0.8004574401542955,
    "validation_min_recall": 0.32682020586243593,
    "train_variance": 2.49113130569458,
    "validation_variance": 6.2203145027160645
}