{
    "train_accuracy": 0.9140625,
    "train_loss": 0.2302556335926056,
    "validation_accuracy": 0.8125,
    "validation_loss": 0.446042537689209
}