{
    "train_accuracy": 1.0,
    "train_loss": 0.00452632550150156,
    "validation_accuracy": 1.0,
    "validation_loss": 0.022727742791175842
}