{
    "train_accuracy": 1.0,
    "train_loss": 0.004090483300387859,
    "validation_accuracy": 1.0,
    "validation_loss": 0.007674987427890301
}