{
    "train_accuracy": 1.0,
    "train_loss": 0.008734476752579212,
    "validation_accuracy": 0.9375,
    "validation_loss": 0.3277603089809418
}