{
    "train_accuracy": 1.0,
    "train_loss": 0.004655233584344387,
    "validation_accuracy": 0.8125,
    "validation_loss": 0.8959164023399353
}