{
    "train_accuracy": 1.0,
    "train_loss": 0.004010950215160847,
    "validation_accuracy": 0.9375,
    "validation_loss": 0.36633628606796265
}