{
    "train_accuracy": 1.0,
    "train_loss": 0.01766113005578518,
    "validation_accuracy": 0.875,
    "validation_loss": 0.3914397060871124
}