{
    "train_accuracy": 0.9375,
    "train_loss": 0.16652101278305054,
    "validation_accuracy": 0.8125,
    "validation_loss": 0.38616085052490234
}