{
    "train_accuracy": 0.890625,
    "train_loss": 0.2691357135772705,
    "validation_accuracy": 0.8125,
    "validation_loss": 0.5399158596992493
}