{
    "train_accuracy": 1.0,
    "train_loss": 0.005770523566752672,
    "validation_accuracy": 1.0,
    "validation_loss": 0.037474364042282104
}