{
    "train_accuracy": 0.9765625,
    "train_loss": 0.07836802303791046,
    "validation_accuracy": 0.875,
    "validation_loss": 0.4181230068206787
}