{
    "train_accuracy": 1.0,
    "train_loss": 0.0058556511066854,
    "validation_accuracy": 0.9375,
    "validation_loss": 0.10030562430620193
}