{
    "train_accuracy": 1.0,
    "train_loss": 0.0037007490172982216,
    "validation_accuracy": 0.9375,
    "validation_loss": 0.2696346044540405
}