{
    "train_accuracy": 1.0,
    "train_loss": 0.015018344856798649,
    "validation_accuracy": 0.8125,
    "validation_loss": 0.39729002118110657
}