{
    "train_loss": 0.22815583813935525,
    "train_accuracy": 0.9238281249999994,
    "train_avg_precision": 0.8060544940041182,
    "train_min_precision": 0.16780952380952385,
    "train_avg_recall": 0.8270835954637479,
    "train_min_recall": 0.21829059274059276,
    "validation_loss": 0.4859419404321416,
    "validation_accuracy": 0.8280254777070071,
    "validation_avg_precision": 0.8230146658012898,
    "validation_min_precision": 0.40969177672999335,
    "validation_avg_recall": 0.8247182924412223,
    "validation_min_recall": 0.3070737472011357
}