{
    "train_loss": 0.9643140316009524,
    "train_accuracy": 0.7475781249999994,
    "train_avg_precision": 0.5649960447444825,
    "train_min_precision": 0.01255952380952381,
    "train_avg_recall": 0.5779103584092183,
    "train_min_recall": 0.0153258547008547,
    "validation_loss": 1.497763061219719,
    "validation_accuracy": 0.5249800955414013,
    "validation_avg_precision": 0.4431004343807943,
    "validation_min_precision": 0.0,
    "validation_avg_recall": 0.5228237839065865,
    "validation_min_recall": 0.0
}