{
    "train_loss": 0.35575881093740463,
    "train_accuracy": 0.8881249999999993,
    "train_avg_precision": 0.7485661171902338,
    "train_min_precision": 0.12899801587301588,
    "train_avg_recall": 0.7609381749356062,
    "train_min_recall": 0.1476084054834055,
    "validation_loss": 0.7292802326238835,
    "validation_accuracy": 0.7287022292993632,
    "validation_avg_precision": 0.7331554422431154,
    "validation_min_precision": 0.19012905000166144,
    "validation_avg_recall": 0.7294904582324967,
    "validation_min_recall": 0.1210609277488258
}