{
    "train_loss": 0.19812278734520075,
    "train_accuracy": 0.93203125,
    "train_avg_precision": 0.8396844772214966,
    "train_min_precision": 0.28742891830391837,
    "train_avg_recall": 0.8579956043235617,
    "train_min_recall": 0.33864463538578776,
    "validation_loss": 0.49010007064433614,
    "validation_accuracy": 0.821855095541402,
    "validation_avg_precision": 0.814431160665237,
    "validation_min_precision": 0.383576667493865,
    "validation_avg_recall": 0.8198457540336521,
    "validation_min_recall": 0.22875846729349905
}