{
    "train_loss": 0.21514893207699057,
    "train_accuracy": 0.9269531249999995,
    "train_avg_precision": 0.824966118021958,
    "train_min_precision": 0.22512254412254415,
    "train_avg_recall": 0.844899254175607,
    "train_min_recall": 0.28194739778195654,
    "validation_loss": 0.486386193116759,
    "validation_accuracy": 0.8242436305732493,
    "validation_avg_precision": 0.8207990218293697,
    "validation_min_precision": 0.3986777376904765,
    "validation_avg_recall": 0.8227930002293057,
    "validation_min_recall": 0.25031663311918084
}