{
    "train_loss": 0.30204220503568635,
    "train_accuracy": 0.9035156249999997,
    "train_avg_precision": 0.7488287071837473,
    "train_min_precision": 0.10057665945165947,
    "train_avg_recall": 0.7634803256328369,
    "train_min_recall": 0.11615537240537242,
    "validation_loss": 0.5823706384677035,
    "validation_accuracy": 0.7744824840764334,
    "validation_avg_precision": 0.7346200724362021,
    "validation_min_precision": 0.07900093537036214,
    "validation_avg_recall": 0.7725911164207345,
    "validation_min_recall": 0.029873346752327643
}