{
    "train_loss": 0.35568285919725917,
    "train_accuracy": 0.8650000000000001,
    "train_avg_precision": 0.7627187458802359,
    "train_min_precision": 0.04477976190476191,
    "train_avg_recall": 0.7670440015325426,
    "train_min_recall": 0.07890811272061274,
    "validation_loss": 0.5280177889356186,
    "validation_accuracy": 0.8048367834394913,
    "validation_avg_precision": 0.8166435286644167,
    "validation_min_precision": 0.385407709770767,
    "validation_avg_recall": 0.8068861517109923,
    "validation_min_recall": 0.3345357225930474
}