{
    "train_loss": 0.20841349210590115,
    "train_accuracy": 0.9303906249999997,
    "train_avg_precision": 0.8314279274748348,
    "train_min_precision": 0.2532932484182485,
    "train_avg_recall": 0.8502012388953473,
    "train_min_recall": 0.288239676989677,
    "validation_loss": 0.4960131645202636,
    "validation_accuracy": 0.8183718152866246,
    "validation_avg_precision": 0.8108326221038539,
    "validation_min_precision": 0.36454021915805374,
    "validation_avg_recall": 0.8185967975564574,
    "validation_min_recall": 0.2445349767005818
}