{
    "train_loss": 0.24097071107476956,
    "train_accuracy": 0.9192187499999999,
    "train_avg_precision": 0.8011317528733305,
    "train_min_precision": 0.21025037462537466,
    "train_avg_recall": 0.8222338371142206,
    "train_min_recall": 0.24201284132534123,
    "validation_loss": 0.5498461903660158,
    "validation_accuracy": 0.7944864649681534,
    "validation_avg_precision": 0.774293865124232,
    "validation_min_precision": 0.2218759478313618,
    "validation_avg_recall": 0.7923542702284742,
    "validation_min_recall": 0.11203619452027094
}