{
    "train_loss": 0.21302556939423084,
    "train_accuracy": 0.9278124999999982,
    "train_avg_precision": 0.8161427889097881,
    "train_min_precision": 0.20017814824064825,
    "train_avg_recall": 0.8311409503599464,
    "train_min_recall": 0.2258977237073212,
    "validation_loss": 0.49827059628857145,
    "validation_accuracy": 0.8220541401273891,
    "validation_avg_precision": 0.8119282874785867,
    "validation_min_precision": 0.36142933707564656,
    "validation_avg_recall": 0.8185820601903407,
    "validation_min_recall": 0.2217109147045452
}