{
    "train_loss": 0.24747922349721202,
    "train_accuracy": 0.9160156249999994,
    "train_avg_precision": 0.8050185813272013,
    "train_min_precision": 0.2219504768107709,
    "train_avg_recall": 0.8214387931568071,
    "train_min_recall": 0.2387240675990675,
    "validation_loss": 0.5880035126380099,
    "validation_accuracy": 0.7872213375796183,
    "validation_avg_precision": 0.7665238178623336,
    "validation_min_precision": 0.16146671799538034,
    "validation_avg_recall": 0.7880233991062013,
    "validation_min_recall": 0.07342832326908759
}