{
    "train_loss": 0.21197540465742343,
    "train_accuracy": 0.9296874999999989,
    "train_avg_precision": 0.8300428267596631,
    "train_min_precision": 0.2325163961855139,
    "train_avg_recall": 0.8449564350329228,
    "train_min_recall": 0.26368137903762906,
    "validation_loss": 0.4877100904845887,
    "validation_accuracy": 0.8223527070063699,
    "validation_avg_precision": 0.816764350645954,
    "validation_min_precision": 0.39090072223268174,
    "validation_avg_recall": 0.821706157627071,
    "validation_min_recall": 0.29627759006739907
}