{
    "train_loss": 0.21509277321398254,
    "train_accuracy": 0.9278906249999993,
    "train_avg_precision": 0.8203292277370295,
    "train_min_precision": 0.20708297258297262,
    "train_avg_recall": 0.8398260722649216,
    "train_min_recall": 0.2419646811521812,
    "validation_loss": 0.495733345769773,
    "validation_accuracy": 0.8208598726114658,
    "validation_avg_precision": 0.8145018691707524,
    "validation_min_precision": 0.37865199202778804,
    "validation_avg_recall": 0.8201856874547958,
    "validation_min_recall": 0.24416484082089165
}