{
    "train_loss": 2.1344408583641052,
    "train_accuracy": 0.6661718749999999,
    "train_avg_precision": 0.27049872499578426,
    "train_min_precision": 0.0,
    "train_avg_recall": 0.35303189035646276,
    "train_min_recall": 0.0,
    "validation_loss": 2.2525853791813946,
    "validation_accuracy": 0.2883160828025481,
    "validation_avg_precision": 0.13554487189703243,
    "validation_min_precision": 0.0,
    "validation_avg_recall": 0.289275680087782,
    "validation_min_recall": 0.0
}