{
    "train_loss": 0.258052785359323,
    "train_accuracy": 0.9159374999999994,
    "train_avg_precision": 0.8000837719992203,
    "train_min_precision": 0.18568037518037522,
    "train_avg_recall": 0.8280885897794318,
    "train_min_recall": 0.2390717490842491,
    "validation_loss": 0.5824097277252539,
    "validation_accuracy": 0.7902070063694269,
    "validation_avg_precision": 0.7739065144193471,
    "validation_min_precision": 0.20691744561171307,
    "validation_avg_recall": 0.7853964842659107,
    "validation_min_recall": 0.1076461224550396
}