{
    "train_loss": 0.39107727162539957,
    "train_accuracy": 0.8750781249999998,
    "train_avg_precision": 0.7302550524727314,
    "train_min_precision": 0.12972619047619052,
    "train_avg_recall": 0.7747521257966715,
    "train_min_recall": 0.17646865171865175,
    "validation_loss": 0.6567314054555954,
    "validation_accuracy": 0.7623407643312102,
    "validation_avg_precision": 0.7172330411460233,
    "validation_min_precision": 0.049240586024025514,
    "validation_avg_recall": 0.7596310530705436,
    "validation_min_recall": 0.016420716579952248
}