{
    "train_loss": 0.3290293236076832,
    "train_accuracy": 0.8964062499999995,
    "train_avg_precision": 0.7607202471167623,
    "train_min_precision": 0.11678891941391943,
    "train_avg_recall": 0.7855601269316643,
    "train_min_recall": 0.15384433621933624,
    "validation_loss": 0.5597816510185318,
    "validation_accuracy": 0.7883160828025481,
    "validation_avg_precision": 0.7720580622491453,
    "validation_min_precision": 0.24979572798044133,
    "validation_avg_recall": 0.7842941877655255,
    "validation_min_recall": 0.14361931416071538
}