{
    "train_loss": 0.3241209529340267,
    "train_accuracy": 0.8943749999999997,
    "train_avg_precision": 0.7518569396658552,
    "train_min_precision": 0.11547366522366524,
    "train_avg_recall": 0.7718710915302214,
    "train_min_recall": 0.1334422938172938,
    "validation_loss": 0.6019526697268152,
    "validation_accuracy": 0.771397292993631,
    "validation_avg_precision": 0.7632194237900177,
    "validation_min_precision": 0.24712927730443654,
    "validation_avg_recall": 0.7712717953588445,
    "validation_min_recall": 0.14390262957141933
}