{
    "train_loss": 0.21059839222580184,
    "train_accuracy": 0.9287499999999993,
    "train_avg_precision": 0.8263639703968335,
    "train_min_precision": 0.20628733766233776,
    "train_avg_recall": 0.8450317623398288,
    "train_min_recall": 0.24953875532679884,
    "validation_loss": 0.49703329545297426,
    "validation_accuracy": 0.8226512738853511,
    "validation_avg_precision": 0.8218481536156693,
    "validation_min_precision": 0.4106374163699006,
    "validation_avg_recall": 0.8235411209455794,
    "validation_min_recall": 0.31460740250549174
}