{
    "train_loss": 0.32324812084436405,
    "train_accuracy": 0.8956249999999997,
    "train_avg_precision": 0.7544039100466395,
    "train_min_precision": 0.13204067460317462,
    "train_avg_recall": 0.7672009283359634,
    "train_min_recall": 0.14287555500055502,
    "validation_loss": 0.6730911936729578,
    "validation_accuracy": 0.7452229299363058,
    "validation_avg_precision": 0.6915573123918946,
    "validation_min_precision": 0.01776362349610757,
    "validation_avg_recall": 0.745486818560067,
    "validation_min_recall": 0.007200990799716915
}