{
    "train_loss": 0.30989242888987056,
    "train_accuracy": 0.8970312499999995,
    "train_avg_precision": 0.7694887468204874,
    "train_min_precision": 0.16148888611388615,
    "train_avg_recall": 0.7905982475838761,
    "train_min_recall": 0.17136581011581012,
    "validation_loss": 0.6579581863561254,
    "validation_accuracy": 0.7614450636942682,
    "validation_avg_precision": 0.7178983687817811,
    "validation_min_precision": 0.050035968985013564,
    "validation_avg_recall": 0.7628969314478873,
    "validation_min_recall": 0.016974868726461083
}