{
    "train_loss": 0.205691192895174,
    "train_accuracy": 0.9305468749999993,
    "train_avg_precision": 0.8343295856968648,
    "train_min_precision": 0.2536826784326785,
    "train_avg_recall": 0.849045936927077,
    "train_min_recall": 0.2893717324342325,
    "validation_loss": 0.4849393751211227,
    "validation_accuracy": 0.824243630573249,
    "validation_avg_precision": 0.8174766495201744,
    "validation_min_precision": 0.40049539985845717,
    "validation_avg_recall": 0.8223754722905466,
    "validation_min_recall": 0.2895586897179254
}