{
    "train_loss": 0.32653939649462693,
    "train_accuracy": 0.8909374999999996,
    "train_avg_precision": 0.7447926703155042,
    "train_min_precision": 0.12821924603174606,
    "train_avg_recall": 0.7670613307864296,
    "train_min_recall": 0.14299873737373744,
    "validation_loss": 0.6649716545821751,
    "validation_accuracy": 0.7553742038216562,
    "validation_avg_precision": 0.7125830636101336,
    "validation_min_precision": 0.08385814468617017,
    "validation_avg_recall": 0.7540273138043839,
    "validation_min_recall": 0.035054665787149865
}