{
    "train_loss": 0.22417231408879143,
    "train_accuracy": 0.9243749999999996,
    "train_avg_precision": 0.8094021127695865,
    "train_min_precision": 0.17201648351648358,
    "train_avg_recall": 0.8280251860979156,
    "train_min_recall": 0.22235545529349887,
    "validation_loss": 0.48646328659953575,
    "validation_accuracy": 0.8244426751592362,
    "validation_avg_precision": 0.8158975920454942,
    "validation_min_precision": 0.4102216431834265,
    "validation_avg_recall": 0.8247370793867613,
    "validation_min_recall": 0.2748033990072206
}