{
    "train_loss": 0.21140938036143775,
    "train_accuracy": 0.9292968749999994,
    "train_avg_precision": 0.8250985213202171,
    "train_min_precision": 0.2304736652236653,
    "train_avg_recall": 0.8424099819739516,
    "train_min_recall": 0.27182395382395386,
    "validation_loss": 0.49689398981203675,
    "validation_accuracy": 0.8209593949044596,
    "validation_avg_precision": 0.8139360068556397,
    "validation_min_precision": 0.3957139286757121,
    "validation_avg_recall": 0.8195033955262505,
    "validation_min_recall": 0.26480751150102955
}