{
    "train_loss": 0.38848359834402807,
    "train_accuracy": 0.8760156249999994,
    "train_avg_precision": 0.7394751660377901,
    "train_min_precision": 0.11675190087690089,
    "train_avg_recall": 0.7536508640161754,
    "train_min_recall": 0.12658104273177806,
    "validation_loss": 0.7916281339089581,
    "validation_accuracy": 0.7126791401273884,
    "validation_avg_precision": 0.708750005562482,
    "validation_min_precision": 0.12980975146580243,
    "validation_avg_recall": 0.7121656582597008,
    "validation_min_recall": 0.07533830288607357
}