{
    "train_loss": 0.2198788300901653,
    "train_accuracy": 0.9273437499999987,
    "train_avg_precision": 0.8219701874748727,
    "train_min_precision": 0.21108959096459098,
    "train_avg_recall": 0.8367162423998462,
    "train_min_recall": 0.24437675877613965,
    "validation_loss": 0.4869945656721758,
    "validation_accuracy": 0.8232484076433126,
    "validation_avg_precision": 0.8189178708764696,
    "validation_min_precision": 0.39435668719108213,
    "validation_avg_recall": 0.8225809911956409,
    "validation_min_recall": 0.2534691776729992
}