{
    "train_loss": 0.44498556323349475,
    "train_accuracy": 0.8449218750000002,
    "train_avg_precision": 0.7271275177684918,
    "train_min_precision": 0.08789614552114555,
    "train_avg_recall": 0.7613206768555113,
    "train_min_recall": 0.1296818638233112,
    "validation_loss": 0.6847306174837094,
    "validation_accuracy": 0.7515923566878985,
    "validation_avg_precision": 0.7406181388397035,
    "validation_min_precision": 0.15254767348716392,
    "validation_avg_recall": 0.7477945715525335,
    "validation_min_recall": 0.06889114070642732
}