{
    "train_loss": 0.22243485068902355,
    "train_accuracy": 0.9253906249999992,
    "train_avg_precision": 0.8195436760864122,
    "train_min_precision": 0.22256013431013436,
    "train_avg_recall": 0.8434728870004008,
    "train_min_recall": 0.28012566191977956,
    "validation_loss": 0.48741361166641206,
    "validation_accuracy": 0.82454219745223,
    "validation_avg_precision": 0.818228947273533,
    "validation_min_precision": 0.3961201572666541,
    "validation_avg_recall": 0.8212874704912921,
    "validation_min_recall": 0.3043897715872238
}