{
    "train_loss": 0.4716319808363915,
    "train_accuracy": 0.8303906250000002,
    "train_avg_precision": 0.6952544824584248,
    "train_min_precision": 0.10308982683982683,
    "train_avg_recall": 0.7207819576911434,
    "train_min_recall": 0.10899686261450967,
    "validation_loss": 0.9159071540376936,
    "validation_accuracy": 0.6784434713375794,
    "validation_avg_precision": 0.6503024239064675,
    "validation_min_precision": 0.0,
    "validation_avg_recall": 0.6784914625360483,
    "validation_min_recall": 0.0
}