{
    "train_loss": 0.21724639922380456,
    "train_accuracy": 0.9278906249999994,
    "train_avg_precision": 0.8241057898475599,
    "train_min_precision": 0.23561115355233003,
    "train_avg_recall": 0.8441985344277985,
    "train_min_recall": 0.28525346853438954,
    "validation_loss": 0.4857443383165228,
    "validation_accuracy": 0.8219546178343953,
    "validation_avg_precision": 0.8140667016364846,
    "validation_min_precision": 0.36771453952982625,
    "validation_avg_recall": 0.822139255825561,
    "validation_min_recall": 0.2559320544989333
}