{
    "train_loss": 0.20692967992275965,
    "train_accuracy": 0.9299218749999991,
    "train_avg_precision": 0.8230523170938439,
    "train_min_precision": 0.2001023976023976,
    "train_avg_recall": 0.8414471618491557,
    "train_min_recall": 0.24667434437543137,
    "validation_loss": 0.48356259694904313,
    "validation_accuracy": 0.8268312101910834,
    "validation_avg_precision": 0.817545446120287,
    "validation_min_precision": 0.39464120451381585,
    "validation_avg_recall": 0.8226068228775231,
    "validation_min_recall": 0.28365572856018706
}