{
    "train_loss": 0.3267466223984955,
    "train_accuracy": 0.8939843749999993,
    "train_avg_precision": 0.7583968451756891,
    "train_min_precision": 0.06491666666666666,
    "train_avg_recall": 0.7637539807155983,
    "train_min_recall": 0.09338034188034189,
    "validation_loss": 0.5648013307790087,
    "validation_accuracy": 0.7916003184713382,
    "validation_avg_precision": 0.788385767508098,
    "validation_min_precision": 0.3335279547062987,
    "validation_avg_recall": 0.7921352491055564,
    "validation_min_recall": 0.2837724377533294
}