{
    "train_loss": 0.2119195304811001,
    "train_accuracy": 0.9296874999999993,
    "train_avg_precision": 0.824832748526666,
    "train_min_precision": 0.22665950715950714,
    "train_avg_recall": 0.8377786618068241,
    "train_min_recall": 0.25310914085914094,
    "validation_loss": 0.49410205946606445,
    "validation_accuracy": 0.8213574840764339,
    "validation_avg_precision": 0.8116800806703391,
    "validation_min_precision": 0.3795925412167449,
    "validation_avg_recall": 0.8234948271041687,
    "validation_min_recall": 0.2359961694356598
}