{
    "train_loss": 0.430541622489691,
    "train_accuracy": 0.8674999999999997,
    "train_avg_precision": 0.7207769036893334,
    "train_min_precision": 0.07664718614718613,
    "train_avg_recall": 0.7522903339703811,
    "train_min_recall": 0.11981995781995786,
    "validation_loss": 0.6999378946556407,
    "validation_accuracy": 0.7405453821656053,
    "validation_avg_precision": 0.7055255496578055,
    "validation_min_precision": 0.0693720292446407,
    "validation_avg_recall": 0.7403431460809383,
    "validation_min_recall": 0.02989356715471365
}