{
    "train_loss": 0.21149122467264544,
    "train_accuracy": 0.9249999999999997,
    "train_avg_precision": 0.8169608814824727,
    "train_min_precision": 0.20201098901098902,
    "train_avg_recall": 0.8329064206734066,
    "train_min_recall": 0.2410459887334888,
    "validation_loss": 0.5863921758095934,
    "validation_accuracy": 0.7918988853503187,
    "validation_avg_precision": 0.7589262258343997,
    "validation_min_precision": 0.12367416730474051,
    "validation_avg_recall": 0.7913092096188138,
    "validation_min_recall": 0.049742189869578395
}