{
    "train_loss": 0.22206056803464888,
    "train_accuracy": 0.924843749999999,
    "train_avg_precision": 0.8066329327415013,
    "train_min_precision": 0.1645871212121213,
    "train_avg_recall": 0.8251926799917673,
    "train_min_recall": 0.20784140124581305,
    "validation_loss": 0.48882587738097866,
    "validation_accuracy": 0.8237460191082813,
    "validation_avg_precision": 0.8158788971899374,
    "validation_min_precision": 0.41467840369114267,
    "validation_avg_recall": 0.8240872183175791,
    "validation_min_recall": 0.2760091642257247
}