{
    "train_loss": 0.2751195896789432,
    "train_accuracy": 0.911953124999999,
    "train_avg_precision": 0.7911958435851332,
    "train_min_precision": 0.2012720473970475,
    "train_avg_recall": 0.8133648161735684,
    "train_min_recall": 0.22138185425685428,
    "validation_loss": 0.6197967939316088,
    "validation_accuracy": 0.7749800955414015,
    "validation_avg_precision": 0.7330152864945855,
    "validation_min_precision": 0.08417353170537883,
    "validation_avg_recall": 0.770869242811918,
    "validation_min_recall": 0.03143790038694497
}