{
    "train_loss": 0.215979473721236,
    "train_accuracy": 0.9278124999999988,
    "train_avg_precision": 0.8201332068697602,
    "train_min_precision": 0.2020778804528805,
    "train_avg_recall": 0.8353050696288327,
    "train_min_recall": 0.23778959928959928,
    "validation_loss": 0.4909120680420262,
    "validation_accuracy": 0.8222531847133768,
    "validation_avg_precision": 0.8146245427137141,
    "validation_min_precision": 0.3827076850962202,
    "validation_avg_recall": 0.8220968121286595,
    "validation_min_recall": 0.26960299078133465
}