{
    "train_loss": 0.20489492610096932,
    "train_accuracy": 0.9305468749999994,
    "train_avg_precision": 0.8265495256338392,
    "train_min_precision": 0.2530240592740593,
    "train_avg_recall": 0.8429589543384318,
    "train_min_recall": 0.28316954390638593,
    "validation_loss": 0.49430553586619674,
    "validation_accuracy": 0.8223527070063703,
    "validation_avg_precision": 0.8193264452175412,
    "validation_min_precision": 0.36999814015550236,
    "validation_avg_recall": 0.8211692032313049,
    "validation_min_recall": 0.2680516228286928
}