{
    "train_loss": 0.21503404676914212,
    "train_accuracy": 0.9276562499999994,
    "train_avg_precision": 0.8160092517868822,
    "train_min_precision": 0.18882848197554084,
    "train_avg_recall": 0.8403397048931397,
    "train_min_recall": 0.2373789107134695,
    "validation_loss": 0.4915421092586156,
    "validation_accuracy": 0.8218550955414013,
    "validation_avg_precision": 0.8118436733222235,
    "validation_min_precision": 0.37744569655397686,
    "validation_avg_recall": 0.8238322028290181,
    "validation_min_recall": 0.24100091345314273
}