{
    "train_loss": 0.21581391507759684,
    "train_accuracy": 0.9274999999999993,
    "train_avg_precision": 0.8242313755163643,
    "train_min_precision": 0.2538806340718106,
    "train_avg_recall": 0.8448976266763215,
    "train_min_recall": 0.3083679825291667,
    "validation_loss": 0.4880087227578374,
    "validation_accuracy": 0.8186703821656058,
    "validation_avg_precision": 0.8122016985172664,
    "validation_min_precision": 0.39003685627889456,
    "validation_avg_recall": 0.8212785845906864,
    "validation_min_recall": 0.24341330997381946
}