{
    "train_loss": 0.3695641883462668,
    "train_accuracy": 0.8786718749999994,
    "train_avg_precision": 0.7224370985757943,
    "train_min_precision": 0.07147754206577736,
    "train_avg_recall": 0.7322931075469804,
    "train_min_recall": 0.0832081317375435,
    "validation_loss": 0.6677595099825766,
    "validation_accuracy": 0.7343750000000007,
    "validation_avg_precision": 0.7083910220782648,
    "validation_min_precision": 0.06031291779699422,
    "validation_avg_recall": 0.7315460636320509,
    "validation_min_recall": 0.029140127388535032
}