{
    "train_loss": 0.306900667361915,
    "train_accuracy": 0.8989062499999997,
    "train_avg_precision": 0.7740694156929661,
    "train_min_precision": 0.15048072760572764,
    "train_avg_recall": 0.7872546377670991,
    "train_min_recall": 0.1739040542790543,
    "validation_loss": 0.6398027962560109,
    "validation_accuracy": 0.7670183121019113,
    "validation_avg_precision": 0.7505677291257095,
    "validation_min_precision": 0.19114588317473288,
    "validation_avg_recall": 0.7673534436193676,
    "validation_min_recall": 0.09859008648817562
}