{
    "train_loss": 1.7154574620723722,
    "train_accuracy": 0.7242187499999998,
    "train_avg_precision": 0.4526475589352418,
    "train_min_precision": 0.0,
    "train_avg_recall": 0.45328262963300964,
    "train_min_recall": 0.0,
    "validation_loss": 2.0586316205893365,
    "validation_accuracy": 0.3733081210191084,
    "validation_avg_precision": 0.3090627085182075,
    "validation_min_precision": 0.0,
    "validation_avg_recall": 0.37343510876950375,
    "validation_min_recall": 0.0
}