{
    "train_loss": 0.20094076849520198,
    "train_accuracy": 0.9317968749999992,
    "train_avg_precision": 0.8410803319115727,
    "train_min_precision": 0.24720966533466546,
    "train_avg_recall": 0.8586833018323322,
    "train_min_recall": 0.2981174250586015,
    "validation_loss": 0.49628903674092245,
    "validation_accuracy": 0.8223527070063703,
    "validation_avg_precision": 0.8172288699660062,
    "validation_min_precision": 0.39359098085212735,
    "validation_avg_recall": 0.8226666106363559,
    "validation_min_recall": 0.24595703305894376
}