{
    "train_loss": 0.322426471784711,
    "train_accuracy": 0.8932812499999994,
    "train_avg_precision": 0.7669837392960562,
    "train_min_precision": 0.15660209235209244,
    "train_avg_recall": 0.7887518559273287,
    "train_min_recall": 0.1782483627483628,
    "validation_loss": 0.578836400038118,
    "validation_accuracy": 0.7774681528662424,
    "validation_avg_precision": 0.7567251493453402,
    "validation_min_precision": 0.17475142607978678,
    "validation_avg_recall": 0.7750607151164476,
    "validation_min_recall": 0.07849077673918435
}