{
    "train_loss": 0.21526135178282857,
    "train_accuracy": 0.9271874999999997,
    "train_avg_precision": 0.8193247304395639,
    "train_min_precision": 0.2046603257853258,
    "train_avg_recall": 0.841509107175746,
    "train_min_recall": 0.24864841694253464,
    "validation_loss": 0.480771214244472,
    "validation_accuracy": 0.8288216560509557,
    "validation_avg_precision": 0.822948638705008,
    "validation_min_precision": 0.4277155081295209,
    "validation_avg_recall": 0.8305623017778005,
    "validation_min_recall": 0.3066405639654048
}