{
    "train_loss": 0.20594167273491615,
    "train_accuracy": 0.9302343749999988,
    "train_avg_precision": 0.8248422095476319,
    "train_min_precision": 0.24118947718947728,
    "train_avg_recall": 0.8431456230196727,
    "train_min_recall": 0.2754575761642325,
    "validation_loss": 0.4827563706666799,
    "validation_accuracy": 0.8249402866242044,
    "validation_avg_precision": 0.8184246220870425,
    "validation_min_precision": 0.4076155002110416,
    "validation_avg_recall": 0.8239764597673301,
    "validation_min_recall": 0.26991020303122215
}