{
    "train_loss": 0.2525059271231293,
    "train_accuracy": 0.9142968749999993,
    "train_avg_precision": 0.8033688753723525,
    "train_min_precision": 0.221345555180114,
    "train_avg_recall": 0.8233051287881843,
    "train_min_recall": 0.2586977050727051,
    "validation_loss": 0.6047756453608246,
    "validation_accuracy": 0.7798566878980897,
    "validation_avg_precision": 0.767384853845188,
    "validation_min_precision": 0.1903025644225778,
    "validation_avg_recall": 0.7796911192134129,
    "validation_min_recall": 0.09493088298820783
}