{
    "train_loss": 0.22761482067406177,
    "train_accuracy": 0.9255468749999995,
    "train_avg_precision": 0.8123073480715207,
    "train_min_precision": 0.18791969141969148,
    "train_avg_recall": 0.829377181713384,
    "train_min_recall": 0.22878674103674101,
    "validation_loss": 0.4870888098220158,
    "validation_accuracy": 0.8245421974522299,
    "validation_avg_precision": 0.819759572522312,
    "validation_min_precision": 0.4164399294972543,
    "validation_avg_recall": 0.8217616495323499,
    "validation_min_recall": 0.2978497440280879
}