{
    "train_loss": 0.15068296985700724,
    "train_accuracy": 0.95,
    "train_avg_precision": 0.9255694640281652,
    "train_min_precision": 0.5544082584082582,
    "train_avg_recall": 0.9368539682647079,
    "train_min_recall": 0.6201394577644577,
    "validation_loss": 0.3442070284846482,
    "validation_accuracy": 0.882563694267517,
    "validation_avg_precision": 0.8848316171325725,
    "validation_min_precision": 0.5540992270291634,
    "validation_avg_recall": 0.880605783105783,
    "validation_min_recall": 0.5371480960652933,
    "train_variance": 27.350961685180664,
    "validation_variance": 100.27366638183594
}