{
    "train_loss": 0.08003659358248112,
    "train_accuracy": 0.9763281249999999,
    "train_avg_precision": 0.9676523561587289,
    "train_min_precision": 0.7741630591630587,
    "train_avg_recall": 0.9742376694931753,
    "train_min_recall": 0.8218396821831424,
    "validation_loss": 0.36256245167771733,
    "validation_accuracy": 0.8845541401273891,
    "validation_avg_precision": 0.8918928350997167,
    "validation_min_precision": 0.5344704481647161,
    "validation_avg_recall": 0.8835654592714044,
    "validation_min_recall": 0.5420255788090186,
    "train_variance": 19.042762756347656,
    "validation_variance": 169.9832305908203
}