{
    "train_loss": 0.16108106883242723,
    "train_accuracy": 0.9442968749999994,
    "train_avg_precision": 0.92210915636651,
    "train_min_precision": 0.5553212828837829,
    "train_avg_recall": 0.9276621183917758,
    "train_min_recall": 0.5896369027214612,
    "validation_loss": 0.40026406236704737,
    "validation_accuracy": 0.8685310509554145,
    "validation_avg_precision": 0.8786420841091749,
    "validation_min_precision": 0.5184505869219248,
    "validation_avg_recall": 0.8698442162932605,
    "validation_min_recall": 0.5111621216716756,
    "train_variance": 39.6949348449707,
    "validation_variance": 86.05799865722656
}