{
    "train_loss": 0.21927993401885026,
    "train_accuracy": 0.9253906249999994,
    "train_avg_precision": 0.8832128456799572,
    "train_min_precision": 0.3832096702317291,
    "train_avg_recall": 0.8969604439955994,
    "train_min_recall": 0.4571511127761125,
    "validation_loss": 0.37459452431293055,
    "validation_accuracy": 0.8735071656050962,
    "validation_avg_precision": 0.8738991039974556,
    "validation_min_precision": 0.5238591733814664,
    "validation_avg_recall": 0.8752588511983416,
    "validation_min_recall": 0.540011598451089,
    "train_variance": 41.20749282836914,
    "validation_variance": 97.224853515625
}