{
    "train_loss": 0.07548888989724219,
    "train_accuracy": 0.97953125,
    "train_avg_precision": 0.9728763755693295,
    "train_min_precision": 0.8098602231102232,
    "train_avg_recall": 0.9777801577167382,
    "train_min_recall": 0.8422645276550081,
    "validation_loss": 0.34967083047339875,
    "validation_accuracy": 0.8853503184713384,
    "validation_avg_precision": 0.8940787802863177,
    "validation_min_precision": 0.5328587283205118,
    "validation_avg_recall": 0.8843736918896152,
    "validation_min_recall": 0.53320810470492,
    "train_variance": 16.577896118164062,
    "validation_variance": 130.48878479003906
}