{
    "train_loss": 0.1438382436707616,
    "train_accuracy": 0.9526562499999999,
    "train_avg_precision": 0.9315187750044981,
    "train_min_precision": 0.6014791348357523,
    "train_avg_recall": 0.9374730569187382,
    "train_min_recall": 0.6346299909241088,
    "validation_loss": 0.3813864906692201,
    "validation_accuracy": 0.8751990445859877,
    "validation_avg_precision": 0.8851417761290371,
    "validation_min_precision": 0.5128714173300162,
    "validation_avg_recall": 0.870538032385166,
    "validation_min_recall": 0.5378776389922887,
    "train_variance": 31.152179718017578,
    "validation_variance": 115.35261535644531
}