{
    "train_loss": 0.15678281454369436,
    "train_accuracy": 0.9445312499999998,
    "train_avg_precision": 0.9227579397885153,
    "train_min_precision": 0.5794811348781936,
    "train_avg_recall": 0.9291232035756546,
    "train_min_recall": 0.5958471944721943,
    "validation_loss": 0.3721012334535076,
    "validation_accuracy": 0.8785828025477712,
    "validation_avg_precision": 0.8838915336845273,
    "validation_min_precision": 0.5510458932433459,
    "validation_avg_recall": 0.8770885961172581,
    "validation_min_recall": 0.5375076975395447,
    "train_variance": 37.467376708984375,
    "validation_variance": 98.26365661621094
}