{
    "train_loss": 0.0848117410577834,
    "train_accuracy": 0.9762499999999998,
    "train_avg_precision": 0.9670321573919001,
    "train_min_precision": 0.7608450715950714,
    "train_avg_recall": 0.9711710699433679,
    "train_min_recall": 0.7949944099158497,
    "validation_loss": 0.3588761323766344,
    "validation_accuracy": 0.8883359872611473,
    "validation_avg_precision": 0.8935044447570986,
    "validation_min_precision": 0.5426640415493921,
    "validation_avg_recall": 0.884661735410143,
    "validation_min_recall": 0.5565353259620776,
    "train_variance": 17.170995712280273,
    "validation_variance": 142.76422119140625
}