{
    "train_loss": 0.3297413228079676,
    "train_accuracy": 0.8879687499999996,
    "train_avg_precision": 0.8563097258978837,
    "train_min_precision": 0.332330391830392,
    "train_avg_recall": 0.8539689472269745,
    "train_min_recall": 0.30080501443001434,
    "validation_loss": 0.5364962513469586,
    "validation_accuracy": 0.8318073248407648,
    "validation_avg_precision": 0.8417719974029586,
    "validation_min_precision": 0.43132379880225513,
    "validation_avg_recall": 0.8284961662934064,
    "validation_min_recall": 0.35399637517471905,
    "train_variance": 57.27836990356445,
    "validation_variance": 126.29804229736328
}