{
    "train_loss": 0.07212607346940784,
    "train_accuracy": 0.9813281249999996,
    "train_avg_precision": 0.9759763353690358,
    "train_min_precision": 0.8203924547674553,
    "train_avg_recall": 0.9801659810187999,
    "train_min_recall": 0.8559421648612826,
    "validation_loss": 0.3629786946401477,
    "validation_accuracy": 0.8864450636942682,
    "validation_avg_precision": 0.8955237943543486,
    "validation_min_precision": 0.5535187123562921,
    "validation_avg_recall": 0.8852548283280764,
    "validation_min_recall": 0.5477801215062361,
    "train_variance": 18.390335083007812,
    "validation_variance": 162.71243286132812
}