{
    "train_loss": 0.3431641341000797,
    "train_accuracy": 0.8814062499999998,
    "train_avg_precision": 0.8309082264339164,
    "train_min_precision": 0.28399206349206363,
    "train_avg_recall": 0.8409769649451471,
    "train_min_recall": 0.3214213009213009,
    "validation_loss": 0.49913662244939494,
    "validation_accuracy": 0.8350915605095547,
    "validation_avg_precision": 0.8389183077537015,
    "validation_min_precision": 0.42868849126810915,
    "validation_avg_recall": 0.8317727715392258,
    "validation_min_recall": 0.44688720691905404,
    "train_variance": 62.85719680786133,
    "validation_variance": 89.33335876464844
}