{
    "train_loss": 0.08096222029998901,
    "train_accuracy": 0.9776562499999993,
    "train_avg_precision": 0.9720201884206477,
    "train_min_precision": 0.7955685988847755,
    "train_avg_recall": 0.9731058646538264,
    "train_min_recall": 0.8114536004286391,
    "validation_loss": 0.38720001897234824,
    "validation_accuracy": 0.879777070063695,
    "validation_avg_precision": 0.8895955178095643,
    "validation_min_precision": 0.5171955786605469,
    "validation_avg_recall": 0.8771958015641665,
    "validation_min_recall": 0.5160081249253226,
    "train_variance": 22.117599487304688,
    "validation_variance": 128.7156524658203
}