{
    "train_loss": 0.470282547995448,
    "train_accuracy": 0.8411718750000005,
    "train_avg_precision": 0.8018611137138093,
    "train_min_precision": 0.20633018370518372,
    "train_avg_recall": 0.811167813909803,
    "train_min_recall": 0.21834523809523815,
    "validation_loss": 0.5457763416562111,
    "validation_accuracy": 0.8248407643312107,
    "validation_avg_precision": 0.8372981506580229,
    "validation_min_precision": 0.43931478111414424,
    "validation_avg_recall": 0.8235460694059418,
    "validation_min_recall": 0.3483446843319455,
    "train_variance": 61.154380798339844,
    "validation_variance": 83.34430694580078
}