{
    "train_loss": 0.07690361460670828,
    "train_accuracy": 0.9794531249999998,
    "train_avg_precision": 0.9740607798111478,
    "train_min_precision": 0.8090670093795095,
    "train_avg_recall": 0.9771434460516412,
    "train_min_recall": 0.8312424617865799,
    "validation_loss": 0.37057784892571194,
    "validation_accuracy": 0.8851512738853512,
    "validation_avg_precision": 0.8928494840065966,
    "validation_min_precision": 0.5340798974556938,
    "validation_avg_recall": 0.883333000647226,
    "validation_min_recall": 0.5417438718394132,
    "train_variance": 15.351295471191406,
    "validation_variance": 120.010498046875
}