{
    "train_loss": 0.06486819325946268,
    "train_accuracy": 0.9842187499999997,
    "train_avg_precision": 0.9817295766308484,
    "train_min_precision": 0.8578815168749381,
    "train_avg_recall": 0.9843852855953964,
    "train_min_recall": 0.8828208992804584,
    "validation_loss": 0.3819135162670901,
    "validation_accuracy": 0.883957006369428,
    "validation_avg_precision": 0.8955376859051853,
    "validation_min_precision": 0.5437782581890863,
    "validation_avg_recall": 0.8819390747256987,
    "validation_min_recall": 0.5326705318743535,
    "train_variance": 15.52216625213623,
    "validation_variance": 140.16156005859375
}