{
    "train_accuracy": 0.2578125,
    "train_loss": 2.1050541400909424,
    "validation_accuracy": 0.263671875,
    "validation_loss": 2.034776210784912
}