{
    "train_accuracy": 0.625,
    "train_loss": 0.9999730587005615,
    "validation_accuracy": 0.619140625,
    "validation_loss": 1.0064237117767334
}