{
    "train_accuracy": 0.59375,
    "train_loss": 1.0822607278823853,
    "validation_accuracy": 0.638671875,
    "validation_loss": 1.0051201581954956
}