{
    "train_accuracy": 0.5859375,
    "train_loss": 1.166445255279541,
    "validation_accuracy": 0.375,
    "validation_loss": 1.5984479188919067
}