{
    "train_accuracy": 0.8359375,
    "train_loss": 0.6557180881500244,
    "validation_accuracy": 0.625,
    "validation_loss": 1.076888084411621
}