{
    "train_accuracy": 0.3984375,
    "train_loss": 1.568114995956421,
    "validation_accuracy": 0.375,
    "validation_loss": 1.489569902420044
}