{
    "train_accuracy": 0.8203125,
    "train_loss": 0.6229549050331116,
    "validation_accuracy": 0.6875,
    "validation_loss": 1.0613157749176025
}