{
    "train_accuracy": 0.7890625,
    "train_loss": 0.6865310072898865,
    "validation_accuracy": 0.6875,
    "validation_loss": 0.9738274812698364
}