{
    "train_accuracy": 0.8671875,
    "train_loss": 0.616742730140686,
    "validation_accuracy": 0.4375,
    "validation_loss": 1.4780569076538086
}