{
    "train_accuracy": 0.421875,
    "train_loss": 1.5490940809249878,
    "validation_accuracy": 0.484375,
    "validation_loss": 1.3251127004623413
}