{
    "train_accuracy": 0.875,
    "train_loss": 0.36947309970855713,
    "validation_accuracy": 0.875,
    "validation_loss": 0.4533427655696869
}