{
    "train_accuracy": 0.8125,
    "train_loss": 0.4484267830848694,
    "validation_accuracy": 0.8515625,
    "validation_loss": 0.44363099336624146
}