{
    "train_accuracy": 0.8984375,
    "train_loss": 0.26579350233078003,
    "validation_accuracy": 0.8828125,
    "validation_loss": 0.3152042329311371
}