{
    "train_accuracy": 0.625,
    "train_loss": 1.1038110256195068,
    "validation_accuracy": 0.4375,
    "validation_loss": 1.3713668584823608
}