{
    "train_accuracy": 0.6015625,
    "train_loss": 1.1599624156951904,
    "validation_accuracy": 0.5,
    "validation_loss": 1.429491639137268
}