{
    "train_accuracy": 0.8984375,
    "train_loss": 0.3202059268951416,
    "validation_accuracy": 0.875,
    "validation_loss": 0.3494625389575958
}