{
    "train_accuracy": 0.71875,
    "train_loss": 0.9584962129592896,
    "validation_accuracy": 0.625,
    "validation_loss": 1.0468684434890747
}