{
    "train_accuracy": 0.8125,
    "train_loss": 0.6456264853477478,
    "validation_accuracy": 0.6875,
    "validation_loss": 0.9330505132675171
}