{
    "train_accuracy": 0.78125,
    "train_loss": 0.6753527522087097,
    "validation_accuracy": 0.5,
    "validation_loss": 1.0552315711975098
}