{
    "train_accuracy": 0.7578125,
    "train_loss": 0.7671722173690796,
    "validation_accuracy": 0.625,
    "validation_loss": 1.1539901494979858
}