{
    "train_accuracy": 0.671875,
    "train_loss": 0.9955010414123535,
    "validation_accuracy": 0.375,
    "validation_loss": 1.4207099676132202
}