{
    "train_loss": 0.15103660007938738,
    "train_accuracy": 0.9475781249999994,
    "train_avg_precision": 0.9232937808837186,
    "train_min_precision": 0.5630814185814182,
    "train_avg_recall": 0.9328825488243733,
    "train_min_recall": 0.6140149433899433,
    "validation_loss": 0.368230730912108,
    "validation_accuracy": 0.8794785031847137,
    "validation_avg_precision": 0.8841412645262399,
    "validation_min_precision": 0.5617478240089705,
    "validation_avg_recall": 0.8816201774163556,
    "validation_min_recall": 0.5580089231363118,
    "train_variance": 20.346660614013672,
    "validation_variance": 54.76156997680664
}