{
    "train_loss": 0.186088952831924,
    "train_accuracy": 0.9342968749999997,
    "train_avg_precision": 0.9111827710302588,
    "train_min_precision": 0.5435990912682087,
    "train_avg_recall": 0.9191083240214539,
    "train_min_recall": 0.5720386268143618,
    "validation_loss": 0.39937807614826104,
    "validation_accuracy": 0.8700238853503194,
    "validation_avg_precision": 0.8726850019525174,
    "validation_min_precision": 0.5315484409433453,
    "validation_avg_recall": 0.8698877473081297,
    "validation_min_recall": 0.5195980594069766,
    "train_variance": 20.186391830444336,
    "validation_variance": 51.191131591796875
}