{
    "train_loss": 0.47013745076954394,
    "train_accuracy": 0.857734375,
    "train_avg_precision": 0.8229265567555558,
    "train_min_precision": 0.18420634920634926,
    "train_avg_recall": 0.8246903612319046,
    "train_min_recall": 0.29132172688422686,
    "validation_loss": 0.5299607505843899,
    "validation_accuracy": 0.8371815286624209,
    "validation_avg_precision": 0.8446162730876106,
    "validation_min_precision": 0.4636304778024525,
    "validation_avg_recall": 0.8402042325449969,
    "validation_min_recall": 0.42574447845148483,
    "train_variance": 38.867095947265625,
    "validation_variance": 55.67125701904297
}