{
    "train_loss": 0.07250387359876187,
    "train_accuracy": 0.9799218749999997,
    "train_avg_precision": 0.9706705065489547,
    "train_min_precision": 0.7799394980019979,
    "train_avg_recall": 0.9764312817855715,
    "train_min_recall": 0.8193081085581085,
    "validation_loss": 0.35640412611756367,
    "validation_accuracy": 0.888634554140128,
    "validation_avg_precision": 0.8930464943761124,
    "validation_min_precision": 0.5752556360836618,
    "validation_avg_recall": 0.887964392295603,
    "validation_min_recall": 0.5666119796693044,
    "train_variance": 12.699771881103516,
    "validation_variance": 78.06754302978516
}