{
    "train_loss": 0.10606978056021031,
    "train_accuracy": 0.9646874999999995,
    "train_avg_precision": 0.948696768942296,
    "train_min_precision": 0.6704474900099899,
    "train_avg_recall": 0.9598034154910993,
    "train_min_recall": 0.7376943660914249,
    "validation_loss": 0.3530369573717665,
    "validation_accuracy": 0.8846536624203828,
    "validation_avg_precision": 0.8880025547700705,
    "validation_min_precision": 0.5574022226888468,
    "validation_avg_recall": 0.8835133620802408,
    "validation_min_recall": 0.5591411949692204,
    "train_variance": 16.700885772705078,
    "validation_variance": 69.31909942626953
}