{
    "train_loss": 0.38600324852424756,
    "train_accuracy": 0.8676175893398749,
    "train_avg_precision": 0.7543420780556273,
    "train_min_precision": 0.1058769259929719,
    "train_avg_recall": 0.8043575983302671,
    "train_min_recall": 0.2595479137749186,
    "validation_loss": 0.6288156270980835,
    "validation_accuracy": 0.7734375,
    "validation_avg_precision": 0.7905883272674363,
    "validation_min_precision": 0.41301915826418334,
    "validation_avg_recall": 0.775212702899102,
    "validation_min_recall": 0.3337797063859354
}