{
    "train_loss": 0.22959608571571216,
    "train_accuracy": 0.916279114129251,
    "train_avg_precision": 0.8077184984925482,
    "train_min_precision": 0.19518799913536752,
    "train_avg_recall": 0.8744425933792302,
    "train_min_recall": 0.4781457132621295,
    "validation_loss": 0.49747865721583356,
    "validation_accuracy": 0.8282226562499998,
    "validation_avg_precision": 0.8276055305151722,
    "validation_min_precision": 0.538480721553223,
    "validation_avg_recall": 0.8300586773661125,
    "validation_min_recall": 0.48377484632385404
}