{
    "train_loss": 0.3481060407663646,
    "train_accuracy": 0.8708267170086237,
    "train_avg_precision": 0.7631300753983761,
    "train_min_precision": 0.05789275453034476,
    "train_avg_recall": 0.8050435151436452,
    "train_min_recall": 0.3077439433154088,
    "validation_loss": 0.5751711077988146,
    "validation_accuracy": 0.7870117187500002,
    "validation_avg_precision": 0.80580937565003,
    "validation_min_precision": 0.3945404982974379,
    "validation_avg_recall": 0.7870208557258067,
    "validation_min_recall": 0.4987049047608493
}