{
    "train_loss": 0.22870476047197974,
    "train_accuracy": 0.9169644211467948,
    "train_avg_precision": 0.8145702606497327,
    "train_min_precision": 0.19720102452300603,
    "train_avg_recall": 0.8832760578142814,
    "train_min_recall": 0.47495072152282036,
    "validation_loss": 0.4954183913767338,
    "validation_accuracy": 0.8291015625,
    "validation_avg_precision": 0.825759717249064,
    "validation_min_precision": 0.5324370356171069,
    "validation_avg_recall": 0.8243432974513888,
    "validation_min_recall": 0.47785886657711985
}