{
    "train_loss": 0.2415263187467006,
    "train_accuracy": 0.9111558533551405,
    "train_avg_precision": 0.7918095503526315,
    "train_min_precision": 0.13671603451015213,
    "train_avg_recall": 0.8582385534925215,
    "train_min_recall": 0.3690902318882253,
    "validation_loss": 0.5018449023365974,
    "validation_accuracy": 0.8266601562500001,
    "validation_avg_precision": 0.8226242555133,
    "validation_min_precision": 0.5247216786236575,
    "validation_avg_recall": 0.8253345887616447,
    "validation_min_recall": 0.4858909179305263
}