{
    "train_loss": 0.2407810782131396,
    "train_accuracy": 0.9155938071117071,
    "train_avg_precision": 0.8017324368264525,
    "train_min_precision": 0.20215491136543767,
    "train_avg_recall": 0.8311266538248752,
    "train_min_recall": 0.27444083704828953,
    "validation_loss": 0.5575223371386528,
    "validation_accuracy": 0.80205078125,
    "validation_avg_precision": 0.8067009794585351,
    "validation_min_precision": 0.4705575250111864,
    "validation_avg_recall": 0.8023917844964414,
    "validation_min_recall": 0.368712162005004
}