{
    "train_loss": 0.23515221267415756,
    "train_accuracy": 0.9144973158836369,
    "train_avg_precision": 0.8085441494673956,
    "train_min_precision": 0.18033667112614482,
    "train_avg_recall": 0.8769463029813259,
    "train_min_recall": 0.4760417759926792,
    "validation_loss": 0.4928486153483392,
    "validation_accuracy": 0.827734375,
    "validation_avg_precision": 0.8237237301436255,
    "validation_min_precision": 0.5317438905930175,
    "validation_avg_recall": 0.8225996884255216,
    "validation_min_recall": 0.5023337385712062
}