{
    "train_loss": 0.2440875468024036,
    "train_accuracy": 0.9098892170086245,
    "train_avg_precision": 0.7998393976556814,
    "train_min_precision": 0.16421818921818926,
    "train_avg_recall": 0.8754707890320339,
    "train_min_recall": 0.4687237867833344,
    "validation_loss": 0.4916302151978016,
    "validation_accuracy": 0.8287109374999998,
    "validation_avg_precision": 0.8257183071854539,
    "validation_min_precision": 0.5218591204137014,
    "validation_avg_recall": 0.8268416689066054,
    "validation_min_recall": 0.4944266995562095
}