{
    "train_loss": 0.2550042702963477,
    "train_accuracy": 0.9080837870899003,
    "train_avg_precision": 0.7976825195075047,
    "train_min_precision": 0.14932615830448645,
    "train_avg_recall": 0.8545693240653608,
    "train_min_recall": 0.4066855874468754,
    "validation_loss": 0.5227831244468689,
    "validation_accuracy": 0.8150390624999998,
    "validation_avg_precision": 0.8220324002226854,
    "validation_min_precision": 0.5063076293654597,
    "validation_avg_recall": 0.8185390458056188,
    "validation_min_recall": 0.51619425755077
}