{
    "train_loss": 0.37169289641213005,
    "train_accuracy": 0.8756805804737825,
    "train_avg_precision": 0.7440488666635227,
    "train_min_precision": 0.06021398908395812,
    "train_avg_recall": 0.7849333322807477,
    "train_min_recall": 0.17716009970711644,
    "validation_loss": 0.6103609897196294,
    "validation_accuracy": 0.7749023437499999,
    "validation_avg_precision": 0.7759442747039762,
    "validation_min_precision": 0.3925235220825023,
    "validation_avg_recall": 0.7749499937920648,
    "validation_min_recall": 0.25587568254774584
}