{
    "train_loss": 0.2344035681402474,
    "train_accuracy": 0.9171581968926551,
    "train_avg_precision": 0.7868966427339659,
    "train_min_precision": 0.19310776942355884,
    "train_avg_recall": 0.8470115297530205,
    "train_min_recall": 0.31900613362912383,
    "validation_loss": 0.512674141675234,
    "validation_accuracy": 0.82421875,
    "validation_avg_precision": 0.818777670437256,
    "validation_min_precision": 0.5590612284550031,
    "validation_avg_recall": 0.8205504509562033,
    "validation_min_recall": 0.3087194296474311
}