{
    "train_loss": 0.31517053042587484,
    "train_accuracy": 0.8803524845524836,
    "train_avg_precision": 0.7402671855212298,
    "train_min_precision": 0.07761608657608332,
    "train_avg_recall": 0.8288024481808673,
    "train_min_recall": 0.31072988402818474,
    "validation_loss": 0.5156993009150028,
    "validation_accuracy": 0.80576171875,
    "validation_avg_precision": 0.8056286781183102,
    "validation_min_precision": 0.4690368371608892,
    "validation_avg_recall": 0.80672171291964,
    "validation_min_recall": 0.44597875200851816
}