{
    "train_loss": 0.43762783052628507,
    "train_accuracy": 0.8480461658092964,
    "train_avg_precision": 0.7030647042785897,
    "train_min_precision": 0.05144017775596722,
    "train_avg_recall": 0.72696132805936,
    "train_min_recall": 0.14814492707090055,
    "validation_loss": 0.7343165710568427,
    "validation_accuracy": 0.7192382812500001,
    "validation_avg_precision": 0.7302210445202735,
    "validation_min_precision": 0.3014468422367861,
    "validation_avg_recall": 0.714748322062464,
    "validation_min_recall": 0.294926535893825
}