{
    "train_loss": 0.24663598469474854,
    "train_accuracy": 0.9105910658836368,
    "train_avg_precision": 0.7995609192816852,
    "train_min_precision": 0.16101379127694912,
    "train_avg_recall": 0.8706793731437251,
    "train_min_recall": 0.4323625340812838,
    "validation_loss": 0.5015338391065598,
    "validation_accuracy": 0.8268554687499999,
    "validation_avg_precision": 0.825850818632149,
    "validation_min_precision": 0.5347948300502072,
    "validation_avg_recall": 0.8245969399269054,
    "validation_min_recall": 0.5083205304450381
}