{
    "train_loss": 2.094086274766085,
    "train_accuracy": 0.6267227195856863,
    "train_avg_precision": 0.3327625351768874,
    "train_min_precision": 0.0,
    "train_avg_recall": 0.38336932030470633,
    "train_min_recall": 0.0,
    "validation_loss": 2.16272264122963,
    "validation_accuracy": 0.36748046874999996,
    "validation_avg_precision": 0.2902587592948219,
    "validation_min_precision": 0.0,
    "validation_avg_recall": 0.3690107493025722,
    "validation_min_recall": 0.0
}