{
    "train_loss": 0.23676514259555886,
    "train_accuracy": 0.914154662374865,
    "train_avg_precision": 0.8123820675954073,
    "train_min_precision": 0.17596574964996015,
    "train_avg_recall": 0.8511739404664785,
    "train_min_recall": 0.41663547313265237,
    "validation_loss": 0.5340436354279517,
    "validation_accuracy": 0.81455078125,
    "validation_avg_precision": 0.815608678162732,
    "validation_min_precision": 0.5359349334943666,
    "validation_avg_recall": 0.8138043619615801,
    "validation_min_recall": 0.48902996996159925
}