{
    "train_loss": 0.49853408441208974,
    "train_accuracy": 0.8118217827980974,
    "train_avg_precision": 0.6841992117235951,
    "train_min_precision": 0.03895958327940744,
    "train_avg_recall": 0.7144143535771703,
    "train_min_recall": 0.10235266132333899,
    "validation_loss": 0.798056048154831,
    "validation_accuracy": 0.6962890625000002,
    "validation_avg_precision": 0.711173872181495,
    "validation_min_precision": 0.30229433169450337,
    "validation_avg_recall": 0.6926618500263942,
    "validation_min_recall": 0.2266281605578683
}