{
    "train_loss": 0.42735578616460157,
    "train_accuracy": 0.8336665337545826,
    "train_avg_precision": 0.7547251450893429,
    "train_min_precision": 0.053176458468220465,
    "train_avg_recall": 0.7784159632112398,
    "train_min_recall": 0.23845012279921618,
    "validation_loss": 0.6725536435842514,
    "validation_accuracy": 0.7413085937499999,
    "validation_avg_precision": 0.7699333056678765,
    "validation_min_precision": 0.3331922798809768,
    "validation_avg_recall": 0.7396932200540944,
    "validation_min_recall": 0.31411893116249956
}