{
    "train_loss": 0.34063176784599025,
    "train_accuracy": 0.8874111468331854,
    "train_avg_precision": 0.7330311393715792,
    "train_min_precision": 0.06662552846763373,
    "train_avg_recall": 0.7354382954172808,
    "train_min_recall": 0.10630743525480366,
    "validation_loss": 0.7617573022842409,
    "validation_accuracy": 0.7132812499999999,
    "validation_avg_precision": 0.7517098839984017,
    "validation_min_precision": 0.3062082205708943,
    "validation_avg_recall": 0.7179361416965548,
    "validation_min_recall": 0.16405744094814195
}