{
    "train_loss": 0.2877580910398249,
    "train_accuracy": 0.89315118287739,
    "train_avg_precision": 0.7704123078656753,
    "train_min_precision": 0.10134278632730646,
    "train_avg_recall": 0.8462354455938679,
    "train_min_recall": 0.3586320926339047,
    "validation_loss": 0.5065945051610471,
    "validation_accuracy": 0.8225585937499998,
    "validation_avg_precision": 0.8204731311067575,
    "validation_min_precision": 0.49665172960832293,
    "validation_avg_recall": 0.8193542395279213,
    "validation_min_recall": 0.43318774062950616
}