{
    "train_loss": 0.24061848693772364,
    "train_accuracy": 0.9117679031271687,
    "train_avg_precision": 0.7978581139816874,
    "train_min_precision": 0.1742531834637098,
    "train_avg_recall": 0.8737328555440992,
    "train_min_recall": 0.46751496031098505,
    "validation_loss": 0.4851277753710747,
    "validation_accuracy": 0.8318359375000001,
    "validation_avg_precision": 0.8264038405620197,
    "validation_min_precision": 0.5358514164828786,
    "validation_avg_recall": 0.8312386453860763,
    "validation_min_recall": 0.46998900938736293
}