{
    "train_loss": 0.2383081690784087,
    "train_accuracy": 0.9134008246555667,
    "train_avg_precision": 0.8035846041154195,
    "train_min_precision": 0.17953547427231642,
    "train_avg_recall": 0.876062710051297,
    "train_min_recall": 0.48159426223521656,
    "validation_loss": 0.4866644814610482,
    "validation_accuracy": 0.828125,
    "validation_avg_precision": 0.8253760120869458,
    "validation_min_precision": 0.5254109032958513,
    "validation_avg_recall": 0.826658412728265,
    "validation_min_recall": 0.48514292320653696
}