{
    "train_loss": 0.22815688490344765,
    "train_accuracy": 0.9164445327039356,
    "train_avg_precision": 0.8095333920420505,
    "train_min_precision": 0.19139150323360843,
    "train_avg_recall": 0.8764293749759559,
    "train_min_recall": 0.47573361714695256,
    "validation_loss": 0.503088328242302,
    "validation_accuracy": 0.82587890625,
    "validation_avg_precision": 0.8235162262992368,
    "validation_min_precision": 0.5415318652700493,
    "validation_avg_recall": 0.8243603706191823,
    "validation_min_recall": 0.4755729553685895
}