{
    "train_loss": 0.24930241442563242,
    "train_accuracy": 0.9068502344583214,
    "train_avg_precision": 0.7990265729090951,
    "train_min_precision": 0.14109109444982018,
    "train_avg_recall": 0.8633668700134227,
    "train_min_recall": 0.42215533903851504,
    "validation_loss": 0.506532147526741,
    "validation_accuracy": 0.8236328124999999,
    "validation_avg_precision": 0.8243648974592789,
    "validation_min_precision": 0.5128912233915353,
    "validation_avg_recall": 0.8207163240914203,
    "validation_min_recall": 0.5105177174297991
}