{
    "train_loss": 0.23356270528676212,
    "train_accuracy": 0.9136867627762915,
    "train_avg_precision": 0.8087665207822032,
    "train_min_precision": 0.17198235487709174,
    "train_avg_recall": 0.8763551841169476,
    "train_min_recall": 0.45609716445099024,
    "validation_loss": 0.5090777859091759,
    "validation_accuracy": 0.8259765625,
    "validation_avg_precision": 0.8213461026830484,
    "validation_min_precision": 0.516608112822534,
    "validation_avg_recall": 0.8244131365258831,
    "validation_min_recall": 0.481384286110968
}