{
    "train_loss": 0.2901308567900407,
    "train_accuracy": 0.8900153134998522,
    "train_avg_precision": 0.7659643984227044,
    "train_min_precision": 0.07243051028899161,
    "train_avg_recall": 0.8283577744140095,
    "train_min_recall": 0.30648125849958374,
    "validation_loss": 0.5523625954985619,
    "validation_accuracy": 0.80224609375,
    "validation_avg_precision": 0.8113210711644948,
    "validation_min_precision": 0.4412309483456663,
    "validation_avg_recall": 0.8022103962388623,
    "validation_min_recall": 0.4916511331635297
}