{
    "train_loss": 0.21837700903415688,
    "train_accuracy": 0.9203909562345143,
    "train_avg_precision": 0.8103733304388973,
    "train_min_precision": 0.22226146173514588,
    "train_avg_recall": 0.8782400082021805,
    "train_min_recall": 0.453440914721808,
    "validation_loss": 0.49812436029314994,
    "validation_accuracy": 0.8291992187499999,
    "validation_avg_precision": 0.8235749978376964,
    "validation_min_precision": 0.5634082908705801,
    "validation_avg_recall": 0.8287884916058391,
    "validation_min_recall": 0.4323310315119925
}