{
    "train_loss": 0.2338665020570421,
    "train_accuracy": 0.9141428460154623,
    "train_avg_precision": 0.8073207150990707,
    "train_min_precision": 0.17613590113590116,
    "train_avg_recall": 0.8765292139680325,
    "train_min_recall": 0.46174370914826757,
    "validation_loss": 0.4960173398256301,
    "validation_accuracy": 0.8278320312500002,
    "validation_avg_precision": 0.8264507225740533,
    "validation_min_precision": 0.5402881536310843,
    "validation_avg_recall": 0.8275134532068351,
    "validation_min_recall": 0.4717063958280099
}