{
    "train_loss": 0.5605972947781547,
    "train_accuracy": 0.7803047487610266,
    "train_avg_precision": 0.6823460251470361,
    "train_min_precision": 0.02458096686866146,
    "train_avg_recall": 0.689742455766499,
    "train_min_recall": 0.12267159751172944,
    "validation_loss": 0.8317285403609275,
    "validation_accuracy": 0.6743164062500001,
    "validation_avg_precision": 0.6910239476776279,
    "validation_min_precision": 0.2523529402126089,
    "validation_avg_recall": 0.6756470567919051,
    "validation_min_recall": 0.2573833734006011
}