{
    "train_loss": 0.24254824404130912,
    "train_accuracy": 0.9109904337347604,
    "train_avg_precision": 0.7997342073718586,
    "train_min_precision": 0.15388510125352234,
    "train_avg_recall": 0.8745843555150886,
    "train_min_recall": 0.4528453631885046,
    "validation_loss": 0.4865791734308005,
    "validation_accuracy": 0.8291015625000002,
    "validation_avg_precision": 0.8301853287984687,
    "validation_min_precision": 0.5141964002036884,
    "validation_avg_recall": 0.8276759016885523,
    "validation_min_recall": 0.5013329166398525
}