{
    "train_loss": 0.24029532022643507,
    "train_accuracy": 0.9114819650064439,
    "train_avg_precision": 0.8104673271772044,
    "train_min_precision": 0.1771342692395324,
    "train_avg_recall": 0.8795198262643292,
    "train_min_recall": 0.48421785522451344,
    "validation_loss": 0.499072265625,
    "validation_accuracy": 0.8272460937499999,
    "validation_avg_precision": 0.8288461935904038,
    "validation_min_precision": 0.5306630663240706,
    "validation_avg_recall": 0.8268327833455369,
    "validation_min_recall": 0.5105895098589132
}