{
    "train_loss": 0.3340349037919128,
    "train_accuracy": 0.8781595020963432,
    "train_avg_precision": 0.7428236067744611,
    "train_min_precision": 0.054827257652335044,
    "train_avg_recall": 0.7904703170980139,
    "train_min_recall": 0.1975817614616636,
    "validation_loss": 0.5850819863379002,
    "validation_accuracy": 0.7761718750000002,
    "validation_avg_precision": 0.772977839577505,
    "validation_min_precision": 0.3869029012331025,
    "validation_avg_recall": 0.7749859251239123,
    "validation_min_recall": 0.31106126564882486
}