{
    "train_loss": 0.32813232169862383,
    "train_accuracy": 0.8790102276885716,
    "train_avg_precision": 0.7568283500220939,
    "train_min_precision": 0.08748948133623054,
    "train_avg_recall": 0.8352449481497236,
    "train_min_recall": 0.3372415668893891,
    "validation_loss": 0.5087406136095524,
    "validation_accuracy": 0.8092773437499999,
    "validation_avg_precision": 0.808520148222531,
    "validation_min_precision": 0.44522985311015456,
    "validation_avg_recall": 0.8053895682278223,
    "validation_min_recall": 0.47372707184352536
}