{
    "train_loss": 0.25265106676440485,
    "train_accuracy": 0.9084547977698479,
    "train_avg_precision": 0.8029261384712015,
    "train_min_precision": 0.15099973126288918,
    "train_avg_recall": 0.8703629122841083,
    "train_min_recall": 0.4556080181126127,
    "validation_loss": 0.4840152822434902,
    "validation_accuracy": 0.8269531249999998,
    "validation_avg_precision": 0.8275469867585322,
    "validation_min_precision": 0.5237492446102615,
    "validation_avg_recall": 0.8266260230758693,
    "validation_min_recall": 0.5050210106325016
}