{
    "train_loss": 0.3533882603310702,
    "train_accuracy": 0.8686809968530083,
    "train_avg_precision": 0.7849471189047693,
    "train_min_precision": 0.07511353059985273,
    "train_avg_recall": 0.816507243230287,
    "train_min_recall": 0.271403610404461,
    "validation_loss": 0.5752039894461634,
    "validation_accuracy": 0.7905273437499999,
    "validation_avg_precision": 0.8101601717843961,
    "validation_min_precision": 0.4098659998832418,
    "validation_avg_recall": 0.7878394497933859,
    "validation_min_recall": 0.3468817725581105
}