{
    "train_loss": 0.3316937407903503,
    "train_accuracy": 0.8892898329517297,
    "train_avg_precision": 0.7405991984111513,
    "train_min_precision": 0.08310549100022782,
    "train_avg_recall": 0.7809204171477597,
    "train_min_recall": 0.1541906923485871,
    "validation_loss": 0.5961946874856949,
    "validation_accuracy": 0.7801757812500001,
    "validation_avg_precision": 0.768573414755894,
    "validation_min_precision": 0.41380101724226065,
    "validation_avg_recall": 0.7787449004354895,
    "validation_min_recall": 0.20867221027989705
}