{
    "train_loss": 0.2308996973330515,
    "train_accuracy": 0.9152747842303498,
    "train_avg_precision": 0.8118665781395741,
    "train_min_precision": 0.18472516761990446,
    "train_avg_recall": 0.8861252728382549,
    "train_min_recall": 0.5041583448977885,
    "validation_loss": 0.5057487368583679,
    "validation_accuracy": 0.8239257812500002,
    "validation_avg_precision": 0.8232035258796245,
    "validation_min_precision": 0.5456545868522121,
    "validation_avg_recall": 0.8232564706457112,
    "validation_min_recall": 0.496456096296564
}