{
    "train_loss": 0.33715225573171653,
    "train_accuracy": 0.8712898890177406,
    "train_avg_precision": 0.7694525051042211,
    "train_min_precision": 0.07959663822596069,
    "train_avg_recall": 0.8232660112951994,
    "train_min_recall": 0.32414011772443163,
    "validation_loss": 0.5702391557395459,
    "validation_accuracy": 0.7889648437499999,
    "validation_avg_precision": 0.7919895334444075,
    "validation_min_precision": 0.41408572570545266,
    "validation_avg_recall": 0.7846840171577755,
    "validation_min_recall": 0.4303877239983854
}