{
    "train_loss": 0.3786342771429765,
    "train_accuracy": 0.8803524845524835,
    "train_avg_precision": 0.7038565890262835,
    "train_min_precision": 0.03075423601739391,
    "train_avg_recall": 0.7638713629030931,
    "train_min_recall": 0.045077972709551654,
    "validation_loss": 0.6604100719094275,
    "validation_accuracy": 0.7598632812499999,
    "validation_avg_precision": 0.7337763605631094,
    "validation_min_precision": 0.2419124062874063,
    "validation_avg_recall": 0.7553464142306409,
    "validation_min_recall": 0.04376165444502423
}