{
    "train_loss": 0.23582136265018525,
    "train_accuracy": 0.9152393372435323,
    "train_avg_precision": 0.8093960837635812,
    "train_min_precision": 0.19217420006893693,
    "train_avg_recall": 0.8748875721907597,
    "train_min_recall": 0.45536103640206194,
    "validation_loss": 0.5032237857580185,
    "validation_accuracy": 0.8271484375000001,
    "validation_avg_precision": 0.8220306603657306,
    "validation_min_precision": 0.5389400207716484,
    "validation_avg_recall": 0.8210336204596966,
    "validation_min_recall": 0.46553349746649236
}