{
    "train_loss": 0.24537258582156998,
    "train_accuracy": 0.9100948091138877,
    "train_avg_precision": 0.7966427480567618,
    "train_min_precision": 0.15774474063947747,
    "train_avg_recall": 0.8677661287980547,
    "train_min_recall": 0.4290843860966945,
    "validation_loss": 0.4990952067077159,
    "validation_accuracy": 0.8237304687499999,
    "validation_avg_precision": 0.8171563351089451,
    "validation_min_precision": 0.5317481734930376,
    "validation_avg_recall": 0.8222034037585662,
    "validation_min_recall": 0.4765877719719123
}