{
    "train_loss": 0.24602649060257692,
    "train_accuracy": 0.9094378592675196,
    "train_avg_precision": 0.8003729621388957,
    "train_min_precision": 0.17700725200725204,
    "train_avg_recall": 0.8748115494843746,
    "train_min_recall": 0.47741750086203827,
    "validation_loss": 0.4855637691915035,
    "validation_accuracy": 0.83017578125,
    "validation_avg_precision": 0.8296881436977873,
    "validation_min_precision": 0.5523061531406501,
    "validation_avg_recall": 0.8311057566541104,
    "validation_min_recall": 0.5144251349627406
}