{
    "train_loss": 0.24459924352796458,
    "train_accuracy": 0.9094378592675195,
    "train_avg_precision": 0.8060267524902585,
    "train_min_precision": 0.1761729784949599,
    "train_avg_recall": 0.8767949258576745,
    "train_min_recall": 0.4523972504798195,
    "validation_loss": 0.5044010698795317,
    "validation_accuracy": 0.8250000000000001,
    "validation_avg_precision": 0.8245476552676322,
    "validation_min_precision": 0.5331180497772771,
    "validation_avg_recall": 0.824952160056188,
    "validation_min_recall": 0.4946801181625664
}