{
    "train_loss": 0.2860135770680612,
    "train_accuracy": 0.8966462486668639,
    "train_avg_precision": 0.7795102527109282,
    "train_min_precision": 0.11566660177341292,
    "train_avg_recall": 0.8350127837554867,
    "train_min_recall": 0.352621081965379,
    "validation_loss": 0.5245173178613186,
    "validation_accuracy": 0.8096679687500001,
    "validation_avg_precision": 0.8061777515723142,
    "validation_min_precision": 0.4804206561515896,
    "validation_avg_recall": 0.8088015748511312,
    "validation_min_recall": 0.4558690725137295
}