{
    "train_loss": 0.37737249596077094,
    "train_accuracy": 0.8587369552829803,
    "train_avg_precision": 0.7435332879627192,
    "train_min_precision": 0.04934255582683508,
    "train_avg_recall": 0.7878830600264614,
    "train_min_recall": 0.2465315476827236,
    "validation_loss": 0.6155153274536131,
    "validation_accuracy": 0.7706054687500001,
    "validation_avg_precision": 0.774974633046723,
    "validation_min_precision": 0.3596728936368654,
    "validation_avg_recall": 0.7720193997495691,
    "validation_min_recall": 0.33554416946901483
}