{
    "train_loss": 0.23382939136864844,
    "train_accuracy": 0.9151660810437123,
    "train_avg_precision": 0.8039906233089577,
    "train_min_precision": 0.17033288349077827,
    "train_avg_recall": 0.8705447531022792,
    "train_min_recall": 0.42583353748863556,
    "validation_loss": 0.4874474957585335,
    "validation_accuracy": 0.8324218749999998,
    "validation_avg_precision": 0.831998423788101,
    "validation_min_precision": 0.5423549708206341,
    "validation_avg_recall": 0.83362885254705,
    "validation_min_recall": 0.5043313385487299
}