{
    "train_loss": 0.29340897265233495,
    "train_accuracy": 0.8974213547873916,
    "train_avg_precision": 0.7843502682417045,
    "train_min_precision": 0.11089331921375264,
    "train_avg_recall": 0.8345894479851954,
    "train_min_recall": 0.371523225612531,
    "validation_loss": 0.5245396852493287,
    "validation_accuracy": 0.8047851562499997,
    "validation_avg_precision": 0.8012718393345688,
    "validation_min_precision": 0.4778717002473806,
    "validation_avg_recall": 0.8025754823467391,
    "validation_min_recall": 0.48962679268878645
}