{
    "train_loss": 0.24580585852003942,
    "train_accuracy": 0.9081121442610761,
    "train_avg_precision": 0.7965749832540214,
    "train_min_precision": 0.15362945448084767,
    "train_avg_recall": 0.8665591943892192,
    "train_min_recall": 0.41567957609106315,
    "validation_loss": 0.48984695523977273,
    "validation_accuracy": 0.8320312499999997,
    "validation_avg_precision": 0.8300364550332602,
    "validation_min_precision": 0.5397585933638692,
    "validation_avg_recall": 0.8308417668377233,
    "validation_min_recall": 0.5195119698621377
}