{
    "train_loss": 0.2414589384407327,
    "train_accuracy": 0.9121389138071164,
    "train_avg_precision": 0.7985494324276414,
    "train_min_precision": 0.1754722373143426,
    "train_avg_recall": 0.8758543412074286,
    "train_min_recall": 0.4621279432958832,
    "validation_loss": 0.48835803866386407,
    "validation_accuracy": 0.8306640624999999,
    "validation_avg_precision": 0.8267712853240128,
    "validation_min_precision": 0.5441256670813813,
    "validation_avg_recall": 0.8295029343576036,
    "validation_min_recall": 0.4499222156324405
}