{
    "train_loss": 0.24088606342934735,
    "train_accuracy": 0.9094260439538123,
    "train_avg_precision": 0.8050794353803314,
    "train_min_precision": 0.1653942497432802,
    "train_avg_recall": 0.8850214822533787,
    "train_min_recall": 0.5033771020636021,
    "validation_loss": 0.49083471000194545,
    "validation_accuracy": 0.8289062500000003,
    "validation_avg_precision": 0.8290311815483509,
    "validation_min_precision": 0.5295533824666571,
    "validation_avg_recall": 0.831249243873609,
    "validation_min_recall": 0.5132265242885724
}