{
    "train_loss": 2.2381649184645265,
    "train_accuracy": 0.3392860518212905,
    "train_avg_precision": 0.27360527313467803,
    "train_min_precision": 0.0,
    "train_avg_recall": 0.3304305228449352,
    "train_min_recall": 0.0,
    "validation_loss": 2.262305200099945,
    "validation_accuracy": 0.3165039062499999,
    "validation_avg_precision": 0.26341655449303547,
    "validation_min_precision": 0.0,
    "validation_avg_recall": 0.3183200199920018,
    "validation_min_recall": 0.0
}