{
    "train_loss": 0.23971409219921683,
    "train_accuracy": 0.9098537700218071,
    "train_avg_precision": 0.7966812945962662,
    "train_min_precision": 0.14418408102618627,
    "train_avg_recall": 0.8678092571487256,
    "train_min_recall": 0.43413841786831103,
    "validation_loss": 0.49549665227532386,
    "validation_accuracy": 0.8275390624999999,
    "validation_avg_precision": 0.8251903170466007,
    "validation_min_precision": 0.5149146433717986,
    "validation_avg_recall": 0.8238982004747111,
    "validation_min_recall": 0.4928997493458961
}