{
    "train_loss": 0.2224916637989513,
    "train_accuracy": 0.9181578002477953,
    "train_avg_precision": 0.8055474382877937,
    "train_min_precision": 0.1702134123186755,
    "train_avg_recall": 0.8740144932519138,
    "train_min_recall": 0.4113361148685498,
    "validation_loss": 0.49678825885057437,
    "validation_accuracy": 0.8263671874999997,
    "validation_avg_precision": 0.8261073430650097,
    "validation_min_precision": 0.5679052308004506,
    "validation_avg_recall": 0.8303927735348703,
    "validation_min_recall": 0.47228302418859697
}