{
    "train_loss": 0.7039001631109341,
    "train_accuracy": 0.738671165809297,
    "train_avg_precision": 0.601883552216299,
    "train_min_precision": 0.015179775825307914,
    "train_avg_recall": 0.6342705874892475,
    "train_min_recall": 0.03624433807157648,
    "validation_loss": 0.8913507580757142,
    "validation_accuracy": 0.6462890625000002,
    "validation_avg_precision": 0.6720650866036109,
    "validation_min_precision": 0.21515141527404177,
    "validation_avg_recall": 0.6446923238818176,
    "validation_min_recall": 0.11771803003890288
}