{
    "train_loss": 0.38292667061090474,
    "train_accuracy": 0.8706250000000002,
    "train_avg_precision": 0.6931029514535431,
    "train_min_precision": 0.08277659840159841,
    "train_avg_recall": 0.6921987580389672,
    "train_min_recall": 0.07797152847152848,
    "validation_loss": 1.1835919333870994,
    "validation_accuracy": 0.5958399681528663,
    "validation_avg_precision": 0.5160497139906225,
    "validation_min_precision": 0.0,
    "validation_avg_recall": 0.5942842189657477,
    "validation_min_recall": 0.0
}