{
    "train_loss": 0.21525068815797566,
    "train_accuracy": 0.9290624999999995,
    "train_avg_precision": 0.8158254089547723,
    "train_min_precision": 0.24456348125988225,
    "train_avg_recall": 0.8165189872617457,
    "train_min_recall": 0.2258751942501943,
    "validation_loss": 0.7591782487501763,
    "validation_accuracy": 0.7535828025477705,
    "validation_avg_precision": 0.7064658133728947,
    "validation_min_precision": 0.0251020211211294,
    "validation_avg_recall": 0.753809356779102,
    "validation_min_recall": 0.008500151653017894
}