{
    "train_loss": 0.20916863460093735,
    "train_accuracy": 0.9299218749999989,
    "train_avg_precision": 0.8220554674126984,
    "train_min_precision": 0.2585817932067932,
    "train_avg_recall": 0.8217475133421802,
    "train_min_recall": 0.24549383949383957,
    "validation_loss": 0.7576269378328019,
    "validation_accuracy": 0.7594546178343952,
    "validation_avg_precision": 0.715348451995761,
    "validation_min_precision": 0.0313926342588763,
    "validation_avg_recall": 0.7564205304014219,
    "validation_min_recall": 0.012010919017288443
}