{
    "train_loss": 0.209147453904152,
    "train_accuracy": 0.9289062499999994,
    "train_avg_precision": 0.8148977115298434,
    "train_min_precision": 0.2090305944055944,
    "train_avg_recall": 0.8136526847040247,
    "train_min_recall": 0.195207375957376,
    "validation_loss": 0.7623358013903258,
    "validation_accuracy": 0.7551751592356695,
    "validation_avg_precision": 0.7090585693122123,
    "validation_min_precision": 0.03218815862127964,
    "validation_avg_recall": 0.7554109936222466,
    "validation_min_recall": 0.01638633836086065
}