{
    "train_loss": 0.21229690887033942,
    "train_accuracy": 0.92828125,
    "train_avg_precision": 0.808710900554187,
    "train_min_precision": 0.22062934287934285,
    "train_avg_recall": 0.8116583378732768,
    "train_min_recall": 0.21463469863469867,
    "validation_loss": 0.7420287189210298,
    "validation_accuracy": 0.7587579617834396,
    "validation_avg_precision": 0.7165994983258,
    "validation_min_precision": 0.0391781785093887,
    "validation_avg_recall": 0.7564513397077091,
    "validation_min_recall": 0.0123015873015873
}