{
    "train_loss": 0.20818170230835667,
    "train_accuracy": 0.930703125,
    "train_avg_precision": 0.820060000648481,
    "train_min_precision": 0.24580285906903554,
    "train_avg_recall": 0.8184849361075053,
    "train_min_recall": 0.22962116494616497,
    "validation_loss": 0.7559408858703198,
    "validation_accuracy": 0.7563694267515926,
    "validation_avg_precision": 0.7203725433947428,
    "validation_min_precision": 0.05066750305603808,
    "validation_avg_recall": 0.7554052193383403,
    "validation_min_recall": 0.020870212589957814
}