{
    "train_loss": 0.20944782968610526,
    "train_accuracy": 0.9286718749999999,
    "train_avg_precision": 0.8180359444403247,
    "train_min_precision": 0.2469131784323347,
    "train_avg_recall": 0.8112910394150091,
    "train_min_recall": 0.21913615551115553,
    "validation_loss": 0.7552858122215156,
    "validation_accuracy": 0.7569665605095547,
    "validation_avg_precision": 0.7103019924582308,
    "validation_min_precision": 0.04077949651198059,
    "validation_avg_recall": 0.7564493889400222,
    "validation_min_recall": 0.014642328655067509
}