{
    "train_loss": 0.35942353103309893,
    "train_accuracy": 0.8759375,
    "train_avg_precision": 0.7138182724666,
    "train_min_precision": 0.08517774038826671,
    "train_avg_recall": 0.7018791968294974,
    "train_min_recall": 0.07308152958152958,
    "validation_loss": 1.2287687253040878,
    "validation_accuracy": 0.6020103503184716,
    "validation_avg_precision": 0.5706819015194566,
    "validation_min_precision": 0.0,
    "validation_avg_recall": 0.6005780799172517,
    "validation_min_recall": 0.0
}