{
    "train_loss": 0.21232830854132767,
    "train_accuracy": 0.9280468749999997,
    "train_avg_precision": 0.8227692552373699,
    "train_min_precision": 0.2382456105844797,
    "train_avg_recall": 0.8181495098845417,
    "train_min_recall": 0.21679258241758242,
    "validation_loss": 0.7767547513269313,
    "validation_accuracy": 0.75328423566879,
    "validation_avg_precision": 0.7069380934414653,
    "validation_min_precision": 0.03022444646648468,
    "validation_avg_recall": 0.7522702642368246,
    "validation_min_recall": 0.010772419371145486
}