{
    "train_loss": 0.2542471603676675,
    "train_accuracy": 0.917031249999999,
    "train_avg_precision": 0.8011842454584048,
    "train_min_precision": 0.21060948773448773,
    "train_avg_recall": 0.7871053501046227,
    "train_min_recall": 0.1826560744810745,
    "validation_loss": 0.9112741949072307,
    "validation_accuracy": 0.7106886942675161,
    "validation_avg_precision": 0.6791185168334852,
    "validation_min_precision": 0.007324840764331211,
    "validation_avg_recall": 0.7094038816809515,
    "validation_min_recall": 0.0037154989384288748
}