{
    "train_loss": 0.25723488949239254,
    "train_accuracy": 0.9145312499999997,
    "train_avg_precision": 0.7817325479634883,
    "train_min_precision": 0.16846915584415587,
    "train_avg_recall": 0.7804197548998367,
    "train_min_recall": 0.16267031579531582,
    "validation_loss": 0.8279723033403896,
    "validation_accuracy": 0.7303941082802545,
    "validation_avg_precision": 0.6801693400503077,
    "validation_min_precision": 0.012721355078042977,
    "validation_avg_recall": 0.7282856828238996,
    "validation_min_recall": 0.004306945708219594
}