{
    "train_loss": 0.2922978295758366,
    "train_accuracy": 0.9017187499999999,
    "train_avg_precision": 0.7668693133063094,
    "train_min_precision": 0.13647495559995565,
    "train_avg_recall": 0.7592804316080958,
    "train_min_recall": 0.13149858474858475,
    "validation_loss": 0.9583774672192378,
    "validation_accuracy": 0.6835191082802549,
    "validation_avg_precision": 0.653467382206093,
    "validation_min_precision": 0.002274795268425842,
    "validation_avg_recall": 0.6846984137589236,
    "validation_min_recall": 0.0006369426751592357
}