{
    "train_loss": 0.24154554143548015,
    "train_accuracy": 0.9195312499999994,
    "train_avg_precision": 0.7963882993503352,
    "train_min_precision": 0.2015258075258075,
    "train_avg_recall": 0.7985742706447467,
    "train_min_recall": 0.19245280414030413,
    "validation_loss": 0.885139906482332,
    "validation_accuracy": 0.7283041401273889,
    "validation_avg_precision": 0.691384214316246,
    "validation_min_precision": 0.0,
    "validation_avg_recall": 0.7250187330362492,
    "validation_min_recall": 0.0
}