{
    "train_loss": 0.33552394818514564,
    "train_accuracy": 0.8891406249999992,
    "train_avg_precision": 0.7330900981903713,
    "train_min_precision": 0.12602201964701967,
    "train_avg_recall": 0.7319030116491272,
    "train_min_recall": 0.11971176046176048,
    "validation_loss": 1.1043000004853416,
    "validation_accuracy": 0.6189291401273886,
    "validation_avg_precision": 0.595477979923991,
    "validation_min_precision": 0.0,
    "validation_avg_recall": 0.6185890695763304,
    "validation_min_recall": 0.0
}