{
    "train_loss": 0.21359122380614276,
    "train_accuracy": 0.9289843749999995,
    "train_avg_precision": 0.8206911076618811,
    "train_min_precision": 0.24313218725718727,
    "train_avg_recall": 0.8191205333321744,
    "train_min_recall": 0.2236388888888889,
    "validation_loss": 0.7322569178168183,
    "validation_accuracy": 0.7628383757961787,
    "validation_avg_precision": 0.7207350664735894,
    "validation_min_precision": 0.045930873797115836,
    "validation_avg_recall": 0.7624817682514075,
    "validation_min_recall": 0.0165127158757732
}