{
    "train_loss": 0.24586732883006326,
    "train_accuracy": 0.918984375,
    "train_avg_precision": 0.797023799295191,
    "train_min_precision": 0.1747657810026231,
    "train_avg_recall": 0.7929671748530647,
    "train_min_recall": 0.16104974192474195,
    "validation_loss": 0.8414617378240937,
    "validation_accuracy": 0.7314888535031849,
    "validation_avg_precision": 0.6791831355483225,
    "validation_min_precision": 0.0027297543221110098,
    "validation_avg_recall": 0.7280435235427744,
    "validation_min_recall": 0.0006369426751592357
}