{
    "train_loss": 0.2161256257072092,
    "train_accuracy": 0.9279687499999995,
    "train_avg_precision": 0.8111554083938463,
    "train_min_precision": 0.23724894111736217,
    "train_avg_recall": 0.8116241495700939,
    "train_min_recall": 0.22519919133154437,
    "validation_loss": 0.736977526146895,
    "validation_accuracy": 0.7587579617834401,
    "validation_avg_precision": 0.7131573970675199,
    "validation_min_precision": 0.03879828593204389,
    "validation_avg_recall": 0.7578969944893513,
    "validation_min_recall": 0.016952739404968706
}