{
    "train_loss": 0.5275132580101491,
    "train_accuracy": 0.7995312500000001,
    "train_avg_precision": 0.6221287370215733,
    "train_min_precision": 0.03225575042003061,
    "train_avg_recall": 0.6094732200287102,
    "train_min_recall": 0.014714646464646462,
    "validation_loss": 1.5370866136186432,
    "validation_accuracy": 0.5069665605095541,
    "validation_avg_precision": 0.4349672360908568,
    "validation_min_precision": 0.0,
    "validation_avg_recall": 0.5057455849175596,
    "validation_min_recall": 0.0
}