{
    "train_loss": 0.23973836358636616,
    "train_accuracy": 0.918125,
    "train_avg_precision": 0.7915183441371277,
    "train_min_precision": 0.19686562049062048,
    "train_avg_recall": 0.7935031474118548,
    "train_min_recall": 0.1897928182928183,
    "validation_loss": 0.7902234208052326,
    "validation_accuracy": 0.7372611464968157,
    "validation_avg_precision": 0.6945933200454165,
    "validation_min_precision": 0.0153059254970083,
    "validation_avg_recall": 0.7367051581940118,
    "validation_min_recall": 0.005533037380171139
}