{
    "train_loss": 0.32308102000504735,
    "train_accuracy": 0.8897656249999997,
    "train_avg_precision": 0.7386308514215628,
    "train_min_precision": 0.10042592946269416,
    "train_avg_recall": 0.7332169410841857,
    "train_min_recall": 0.08500424575424577,
    "validation_loss": 0.9876213073730473,
    "validation_accuracy": 0.666898885350318,
    "validation_avg_precision": 0.6580835077599682,
    "validation_min_precision": 0.0,
    "validation_avg_recall": 0.6636807990311175,
    "validation_min_recall": 0.0
}