{
    "train_loss": 0.20990559671074144,
    "train_accuracy": 0.9289843749999995,
    "train_avg_precision": 0.8115602579574743,
    "train_min_precision": 0.21955240184651947,
    "train_avg_recall": 0.810773541071625,
    "train_min_recall": 0.21088130166934518,
    "validation_loss": 0.7515773281549954,
    "validation_accuracy": 0.7585589171974528,
    "validation_avg_precision": 0.7139003345536691,
    "validation_min_precision": 0.0315863042914373,
    "validation_avg_recall": 0.75674352187091,
    "validation_min_recall": 0.012506318875745628
}