{
    "train_loss": 0.2109380937553942,
    "train_accuracy": 0.9296093750000002,
    "train_avg_precision": 0.8215027088632436,
    "train_min_precision": 0.23910653317270966,
    "train_avg_recall": 0.8190262696113833,
    "train_min_recall": 0.22159218559218566,
    "validation_loss": 0.7566119265404474,
    "validation_accuracy": 0.7560708598726117,
    "validation_avg_precision": 0.7121337520700581,
    "validation_min_precision": 0.037652245136321566,
    "validation_avg_recall": 0.7564731963404998,
    "validation_min_recall": 0.017520978667475484
}