{
    "train_loss": 0.32468651417642824,
    "train_accuracy": 0.8908593749999992,
    "train_avg_precision": 0.742321353434024,
    "train_min_precision": 0.09813339438339441,
    "train_avg_recall": 0.7318504741673533,
    "train_min_recall": 0.09113510101010101,
    "validation_loss": 1.0899984935286695,
    "validation_accuracy": 0.6486863057324838,
    "validation_avg_precision": 0.6275801525778105,
    "validation_min_precision": 0.0,
    "validation_avg_recall": 0.64812397439786,
    "validation_min_recall": 0.0
}