{
    "train_loss": 0.4953588376939297,
    "train_accuracy": 0.8138281249999999,
    "train_avg_precision": 0.6264557842104137,
    "train_min_precision": 0.04242942474192474,
    "train_avg_recall": 0.6308139204249946,
    "train_min_recall": 0.02082448107448108,
    "validation_loss": 1.494855955907493,
    "validation_accuracy": 0.5335390127388537,
    "validation_avg_precision": 0.44030270471107646,
    "validation_min_precision": 0.0,
    "validation_avg_recall": 0.5313603539850884,
    "validation_min_recall": 0.0
}