{
    "train_loss": 0.5863992263376708,
    "train_accuracy": 0.791171875,
    "train_avg_precision": 0.5666552407185372,
    "train_min_precision": 0.008487012987012987,
    "train_avg_recall": 0.5680485557755829,
    "train_min_recall": 0.009111111111111111,
    "validation_loss": 1.7986534625101995,
    "validation_accuracy": 0.4593949044585989,
    "validation_avg_precision": 0.339039948897359,
    "validation_min_precision": 0.0,
    "validation_avg_recall": 0.4606367111303415,
    "validation_min_recall": 0.0
}