{
    "train_loss": 0.36056339785456654,
    "train_accuracy": 0.8789062499999993,
    "train_avg_precision": 0.7134217112161764,
    "train_min_precision": 0.08996825396825396,
    "train_avg_recall": 0.7147865172211083,
    "train_min_recall": 0.08522863247863248,
    "validation_loss": 1.063954497218891,
    "validation_accuracy": 0.6303742038216557,
    "validation_avg_precision": 0.5639621254043664,
    "validation_min_precision": 0.0,
    "validation_avg_recall": 0.6271633055550255,
    "validation_min_recall": 0.0
}