{
    "train_loss": 0.2129447715170681,
    "train_accuracy": 0.928203125,
    "train_avg_precision": 0.8008410244067772,
    "train_min_precision": 0.17218121461871466,
    "train_avg_recall": 0.8058352184943345,
    "train_min_recall": 0.16368370759675113,
    "validation_loss": 0.7398990280688951,
    "validation_accuracy": 0.757165605095542,
    "validation_avg_precision": 0.7164633702755278,
    "validation_min_precision": 0.05312171904528591,
    "validation_avg_recall": 0.7552567125019355,
    "validation_min_recall": 0.01840562127186331
}