{
    "train_loss": 0.21298872027546162,
    "train_accuracy": 0.9293749999999994,
    "train_avg_precision": 0.8203110966436721,
    "train_min_precision": 0.22968873161152578,
    "train_avg_recall": 0.8159174073570583,
    "train_min_recall": 0.2142729353979354,
    "validation_loss": 0.7633103109469079,
    "validation_accuracy": 0.7559713375796182,
    "validation_avg_precision": 0.711764732091412,
    "validation_min_precision": 0.029300214584965425,
    "validation_avg_recall": 0.7555489191157979,
    "validation_min_recall": 0.01016755714207943
}