{
    "train_loss": 0.21341265056282271,
    "train_accuracy": 0.929453124999999,
    "train_avg_precision": 0.8166754119882369,
    "train_min_precision": 0.24407115506427654,
    "train_avg_recall": 0.8170481493787922,
    "train_min_recall": 0.22400373523535286,
    "validation_loss": 0.743318411385178,
    "validation_accuracy": 0.7578622611464966,
    "validation_avg_precision": 0.7181734886194142,
    "validation_min_precision": 0.05234047622582654,
    "validation_avg_recall": 0.7584521869182164,
    "validation_min_recall": 0.02107938063352076
}