{
    "train_loss": 0.23973573893308647,
    "train_accuracy": 0.9210156249999996,
    "train_avg_precision": 0.8026915646055026,
    "train_min_precision": 0.23168958818958826,
    "train_avg_recall": 0.8129814938207696,
    "train_min_recall": 0.244655969030969,
    "validation_loss": 0.7030362445078073,
    "validation_accuracy": 0.7576632165605099,
    "validation_avg_precision": 0.717773539691713,
    "validation_min_precision": 0.05495109985555845,
    "validation_avg_recall": 0.7579170935221892,
    "validation_min_recall": 0.021795066221817812
}