{
    "train_loss": 0.2916859386861324,
    "train_accuracy": 0.8983593749999998,
    "train_avg_precision": 0.7486301801846302,
    "train_min_precision": 0.1101853354978355,
    "train_avg_recall": 0.7514208146680958,
    "train_min_recall": 0.09942207792207793,
    "validation_loss": 0.9662780271973577,
    "validation_accuracy": 0.6823248407643314,
    "validation_avg_precision": 0.6528309188100455,
    "validation_min_precision": 0.0,
    "validation_avg_recall": 0.6792963229268962,
    "validation_min_recall": 0.0
}