{
    "train_loss": 0.2578846772760153,
    "train_accuracy": 0.9112499999999994,
    "train_avg_precision": 0.7883331883542088,
    "train_min_precision": 0.18305717240276068,
    "train_avg_recall": 0.7864618743902785,
    "train_min_recall": 0.16965623265623264,
    "validation_loss": 0.8630120091757197,
    "validation_accuracy": 0.7300955414012742,
    "validation_avg_precision": 0.6971084962155325,
    "validation_min_precision": 0.006369426751592357,
    "validation_avg_recall": 0.7288012818745305,
    "validation_min_recall": 0.006369426751592357
}