{
    "train_loss": 0.21763723164796833,
    "train_accuracy": 0.9283593749999994,
    "train_avg_precision": 0.8168877829722981,
    "train_min_precision": 0.19822348484848482,
    "train_avg_recall": 0.8173254721773775,
    "train_min_recall": 0.19124015196937194,
    "validation_loss": 0.7515215518747927,
    "validation_accuracy": 0.7528861464968156,
    "validation_avg_precision": 0.7116516457468128,
    "validation_min_precision": 0.04795773935901325,
    "validation_avg_recall": 0.7526592356687898,
    "validation_min_recall": 0.01758968208012794
}