{
    "train_loss": 0.21792995717376457,
    "train_accuracy": 0.9259374999999987,
    "train_avg_precision": 0.8123458101918086,
    "train_min_precision": 0.23365963897213904,
    "train_avg_recall": 0.8123894747899243,
    "train_min_recall": 0.22076367668279434,
    "validation_loss": 0.7560885590352827,
    "validation_accuracy": 0.7536823248407647,
    "validation_avg_precision": 0.7086136133963035,
    "validation_min_precision": 0.03030785562632696,
    "validation_avg_recall": 0.7508077379096483,
    "validation_min_recall": 0.01427307653422303
}