{
    "train_loss": 0.29335105407983064,
    "train_accuracy": 0.8992187499999995,
    "train_avg_precision": 0.7715457255937396,
    "train_min_precision": 0.15317692193427487,
    "train_avg_recall": 0.7561565995038101,
    "train_min_recall": 0.12908522727272728,
    "validation_loss": 0.950455599339904,
    "validation_accuracy": 0.681827229299363,
    "validation_avg_precision": 0.6655119866677589,
    "validation_min_precision": 0.016055777202274017,
    "validation_avg_recall": 0.6812707156019254,
    "validation_min_recall": 0.006584268526943686
}