{
    "train_loss": 0.25478095632046466,
    "train_accuracy": 0.9132812499999998,
    "train_avg_precision": 0.8000965146579399,
    "train_min_precision": 0.17998316595685016,
    "train_avg_recall": 0.7876154810192357,
    "train_min_recall": 0.15903751803751806,
    "validation_loss": 0.8905388086464757,
    "validation_accuracy": 0.723626592356688,
    "validation_avg_precision": 0.6921524163026255,
    "validation_min_precision": 0.0,
    "validation_avg_recall": 0.722937360469207,
    "validation_min_recall": 0.0
}