{
    "train_loss": 0.21284281205385927,
    "train_accuracy": 0.9274999999999993,
    "train_avg_precision": 0.8175797724302819,
    "train_min_precision": 0.23836025575731462,
    "train_avg_recall": 0.8191645900669833,
    "train_min_recall": 0.2240845994283495,
    "validation_loss": 0.7562481611017965,
    "validation_accuracy": 0.754976114649682,
    "validation_avg_precision": 0.7094791198144513,
    "validation_min_precision": 0.03205128205128205,
    "validation_avg_recall": 0.7529099412618518,
    "validation_min_recall": 0.011194979825553075
}