{
    "train_loss": 0.21044976213946934,
    "train_accuracy": 0.9285156249999998,
    "train_avg_precision": 0.8166236088735335,
    "train_min_precision": 0.21008035020535024,
    "train_avg_recall": 0.8122655328259256,
    "train_min_recall": 0.18764448051948057,
    "validation_loss": 0.7619084303925755,
    "validation_accuracy": 0.7558718152866247,
    "validation_avg_precision": 0.7094586789402269,
    "validation_min_precision": 0.03161322046672365,
    "validation_avg_recall": 0.7540756730884116,
    "validation_min_recall": 0.012233343443534524
}