{
    "train_loss": 0.21389062512665985,
    "train_accuracy": 0.9285937499999992,
    "train_avg_precision": 0.8181796613880976,
    "train_min_precision": 0.2326033419195184,
    "train_avg_recall": 0.8172003225704914,
    "train_min_recall": 0.21549242424242432,
    "validation_loss": 0.7555261349222467,
    "validation_accuracy": 0.7549761146496817,
    "validation_avg_precision": 0.7129801905535641,
    "validation_min_precision": 0.041181200257633374,
    "validation_avg_recall": 0.7574969221625271,
    "validation_min_recall": 0.016555454453543623
}