{
    "train_loss": 0.21302257385104897,
    "train_accuracy": 0.9285937499999992,
    "train_avg_precision": 0.8240447002665541,
    "train_min_precision": 0.26423962434624204,
    "train_avg_recall": 0.8217650231011101,
    "train_min_recall": 0.25819676646882533,
    "validation_loss": 0.7627475876717055,
    "validation_accuracy": 0.7523885350318474,
    "validation_avg_precision": 0.7094732145296371,
    "validation_min_precision": 0.03534942639476173,
    "validation_avg_recall": 0.7496038833777688,
    "validation_min_recall": 0.011957840461025172
}