{
    "train_loss": 0.31763165332376975,
    "train_accuracy": 0.8884374999999991,
    "train_avg_precision": 0.7355919466354214,
    "train_min_precision": 0.11600198412698416,
    "train_avg_recall": 0.7309896379791445,
    "train_min_recall": 0.10364015151515152,
    "validation_loss": 1.0393635960900858,
    "validation_accuracy": 0.6483877388535032,
    "validation_avg_precision": 0.6378070006770206,
    "validation_min_precision": 0.0,
    "validation_avg_recall": 0.6480480577455099,
    "validation_min_recall": 0.0
}