{
    "train_loss": 0.21238550115376714,
    "train_accuracy": 0.927890625,
    "train_avg_precision": 0.8111006561823196,
    "train_min_precision": 0.19229891964760387,
    "train_avg_recall": 0.8108012275876927,
    "train_min_recall": 0.17953866966366974,
    "validation_loss": 0.7550671937739014,
    "validation_accuracy": 0.7579617834394908,
    "validation_avg_precision": 0.7119857932218994,
    "validation_min_precision": 0.029242024783426055,
    "validation_avg_recall": 0.7533274160768849,
    "validation_min_recall": 0.011772940435360816
}