{
    "train_loss": 0.2414542734064162,
    "train_accuracy": 0.9210156249999992,
    "train_avg_precision": 0.7954702485058613,
    "train_min_precision": 0.20243596681096682,
    "train_avg_recall": 0.7943540718710381,
    "train_min_recall": 0.19915367965367972,
    "validation_loss": 0.8353129932834841,
    "validation_accuracy": 0.7376592356687901,
    "validation_avg_precision": 0.697935046557806,
    "validation_min_precision": 0.0074309978768577496,
    "validation_avg_recall": 0.7358282181371354,
    "validation_min_recall": 0.0026160145586897176
}