{
    "train_loss": 0.21265008889138695,
    "train_accuracy": 0.9297656249999994,
    "train_avg_precision": 0.8243113682457088,
    "train_min_precision": 0.25754913142413144,
    "train_avg_recall": 0.8232904255563609,
    "train_min_recall": 0.23814989177489176,
    "validation_loss": 0.7544648746016679,
    "validation_accuracy": 0.7557722929936308,
    "validation_avg_precision": 0.7130606160106908,
    "validation_min_precision": 0.02847242990555092,
    "validation_avg_recall": 0.7552080898577717,
    "validation_min_recall": 0.010419021883990036
}