{
    "train_loss": 0.2723962872847915,
    "train_accuracy": 0.9073437499999994,
    "train_avg_precision": 0.7813773100085004,
    "train_min_precision": 0.15841851163542342,
    "train_avg_recall": 0.795470965332603,
    "train_min_recall": 0.16509181096681094,
    "validation_loss": 0.8150888761137701,
    "validation_accuracy": 0.7355692675159239,
    "validation_avg_precision": 0.7020009722020384,
    "validation_min_precision": 0.006794055201698514,
    "validation_avg_recall": 0.7365994717321681,
    "validation_min_recall": 0.005520169851380043
}