{
    "train_loss": 0.2661120935156942,
    "train_accuracy": 0.9099999999999995,
    "train_avg_precision": 0.7864649013159215,
    "train_min_precision": 0.19368504412254411,
    "train_avg_recall": 0.7876213862163138,
    "train_min_recall": 0.19271141358641358,
    "validation_loss": 0.9292854273774824,
    "validation_accuracy": 0.7085987261146495,
    "validation_avg_precision": 0.6915461293968421,
    "validation_min_precision": 0.004777070063694268,
    "validation_avg_recall": 0.7095617369184246,
    "validation_min_recall": 0.0029193205944798304
}