{
    "train_loss": 0.2783506235107778,
    "train_accuracy": 0.9059375,
    "train_avg_precision": 0.7781187397444633,
    "train_min_precision": 0.1659968540446482,
    "train_avg_recall": 0.7717390636460213,
    "train_min_recall": 0.14998385642135642,
    "validation_loss": 0.9408717250368395,
    "validation_accuracy": 0.7034235668789807,
    "validation_avg_precision": 0.6717748349355478,
    "validation_min_precision": 0.0,
    "validation_avg_recall": 0.6989912652810744,
    "validation_min_recall": 0.0
}