{
    "train_loss": 0.21137535210698846,
    "train_accuracy": 0.9286718749999991,
    "train_avg_precision": 0.8164170732055707,
    "train_min_precision": 0.21593046536796537,
    "train_avg_recall": 0.813825727205757,
    "train_min_recall": 0.20083719058719063,
    "validation_loss": 0.7545761519176947,
    "validation_accuracy": 0.7589570063694268,
    "validation_avg_precision": 0.7161139447943182,
    "validation_min_precision": 0.02831499710480602,
    "validation_avg_recall": 0.7590179058968867,
    "validation_min_recall": 0.009703495372285181
}