{
    "train_loss": 0.20318324353545908,
    "train_accuracy": 0.9323437499999996,
    "train_avg_precision": 0.8302799237148853,
    "train_min_precision": 0.2591296211098843,
    "train_avg_recall": 0.8316183479398528,
    "train_min_recall": 0.25312784437784436,
    "validation_loss": 0.7521644984460942,
    "validation_accuracy": 0.7588574840764335,
    "validation_avg_precision": 0.7193620316994438,
    "validation_min_precision": 0.04190008505295129,
    "validation_avg_recall": 0.7577626752228664,
    "validation_min_recall": 0.016650723657093084
}