{
    "train_loss": 0.20905204687267542,
    "train_accuracy": 0.9302343749999997,
    "train_avg_precision": 0.8198675679719817,
    "train_min_precision": 0.22171709540459542,
    "train_avg_recall": 0.8214413161877419,
    "train_min_recall": 0.20639298596140698,
    "validation_loss": 0.7370112016322506,
    "validation_accuracy": 0.7626393312101916,
    "validation_avg_precision": 0.7177199756864421,
    "validation_min_precision": 0.04753028599975021,
    "validation_avg_recall": 0.7581334471143387,
    "validation_min_recall": 0.016909311495298757
}