{
    "train_loss": 0.20491709180176265,
    "train_accuracy": 0.9332031249999991,
    "train_avg_precision": 0.8253896017632718,
    "train_min_precision": 0.2592804001554001,
    "train_avg_recall": 0.8241983056432366,
    "train_min_recall": 0.24505678145384036,
    "validation_loss": 0.744585607461868,
    "validation_accuracy": 0.7595541401273888,
    "validation_avg_precision": 0.7163683119677873,
    "validation_min_precision": 0.04771762208067941,
    "validation_avg_recall": 0.7556847717038798,
    "validation_min_recall": 0.015254225604544078
}