{
    "train_loss": 1.401851677894591,
    "train_accuracy": 0.5632031249999998,
    "train_avg_precision": 0.15458708176039032,
    "train_min_precision": 0.0,
    "train_avg_recall": 0.24428667559012154,
    "train_min_recall": 0.0,
    "validation_loss": 2.6544115680038542,
    "validation_accuracy": 0.19755175159235694,
    "validation_avg_precision": 0.04769982760200849,
    "validation_min_precision": 0.0,
    "validation_avg_recall": 0.19764790057783685,
    "validation_min_recall": 0.0
}