{
    "train_loss": 0.21557474926114079,
    "train_accuracy": 0.9283593749999993,
    "train_avg_precision": 0.8191618107174192,
    "train_min_precision": 0.2510598706848707,
    "train_avg_recall": 0.816224389708538,
    "train_min_recall": 0.2238517454767455,
    "validation_loss": 0.7747219825626179,
    "validation_accuracy": 0.7514928343949043,
    "validation_avg_precision": 0.706419965209823,
    "validation_min_precision": 0.023810867122969034,
    "validation_avg_recall": 0.7512399348705082,
    "validation_min_recall": 0.007742116340842455
}