{
    "train_accuracy": 0.890625,
    "train_loss": 0.2650046646595001,
    "validation_accuracy": 0.8359375,
    "validation_loss": 0.48090094327926636
}