{
    "train_accuracy": 0.625,
    "train_loss": 1.0216985940933228,
    "validation_accuracy": 0.5078125,
    "validation_loss": 1.3403346538543701
}