{
    "train_accuracy": 0.978515625,
    "train_loss": 0.0735524445772171,
    "validation_accuracy": 0.8671875,
    "validation_loss": 0.6063091158866882
}