{
    "train_accuracy": 0.830078125,
    "train_loss": 0.47024446725845337,
    "validation_accuracy": 0.794921875,
    "validation_loss": 0.6239089369773865
}