{
    "train_accuracy": 0.970703125,
    "train_loss": 0.10693390667438507,
    "validation_accuracy": 0.87109375,
    "validation_loss": 0.4805929958820343
}