{
    "train_accuracy": 1.0,
    "train_loss": 0.0003417900006752461,
    "validation_accuracy": 0.7578125,
    "validation_loss": 1.1129748821258545
}