{
    "train_loss": 3.0081131395560745,
    "train_zero_shot_top_1": 0.0,
    "train_zero_shot_top_2": 0.0,
    "validation_loss": 8.565169854597613,
    "validation_zero_shot_top_1": 0.2808118649162271,
    "validation_zero_shot_top_2": 0.4843077344477196
}