{
    "train_loss": 4.701725680000928,
    "train_zero_shot_top_1": 0.0,
    "train_zero_shot_top_2": 0.0,
    "validation_loss": 7.8448166847229,
    "validation_zero_shot_top_1": 0.28147906647533355,
    "validation_zero_shot_top_2": 0.4554126347735029
}