{
    "train_loss": 3.0080691570111986,
    "train_zero_shot_top_1": 0.0,
    "train_zero_shot_top_2": 0.0,
    "validation_loss": 8.540324731306598,
    "validation_zero_shot_top_1": 0.28245290199348433,
    "validation_zero_shot_top_2": 0.48448529126590134
}