{
    "train_loss": 3.0295865012674907,
    "train_zero_shot_top_1": 0.0,
    "train_zero_shot_top_2": 0.0,
    "validation_loss": 8.4699426130815,
    "validation_zero_shot_top_1": 0.27340114024201057,
    "validation_zero_shot_top_2": 0.48418229328265583,
    "train_variance": 4.536186218261719,
    "validation_variance": 121.44609069824219
}