{
    "train_loss": 3.016860144478934,
    "train_zero_shot_top_1": 0.0,
    "train_zero_shot_top_2": 0.0,
    "validation_loss": 8.485003341328014,
    "validation_zero_shot_top_1": 0.2762384133571207,
    "validation_zero_shot_top_2": 0.4863450928870618,
    "train_variance": 3.8374030590057373,
    "validation_variance": 137.07212829589844
}