{
    "train_loss": 3.0116775894385515,
    "train_zero_shot_top_1": 0.0,
    "train_zero_shot_top_2": 0.0,
    "validation_loss": 8.403039758855645,
    "validation_zero_shot_top_1": 0.2577349325162892,
    "validation_zero_shot_top_2": 0.48444953750387837,
    "train_variance": 4.073948860168457,
    "validation_variance": 132.6343231201172
}