{
    "train_loss": 3.226621617772142,
    "train_zero_shot_top_1": 0.0,
    "train_zero_shot_top_2": 0.0,
    "validation_loss": 8.064463572068648,
    "validation_zero_shot_top_1": 0.28240805829196397,
    "validation_zero_shot_top_2": 0.4725423227582997
}