{
    "train_loss": 3.097216494533481,
    "train_zero_shot_top_1": 0.0,
    "train_zero_shot_top_2": 0.0,
    "validation_loss": 8.346025770360773,
    "validation_zero_shot_top_1": 0.2801052736192988,
    "validation_zero_shot_top_2": 0.48151348704623026,
    "train_variance": 3.8333446979522705,
    "validation_variance": 53.773555755615234
}