{
    "train_loss": 4.703709507475095,
    "train_zero_shot_top_1": 0.0,
    "train_zero_shot_top_2": 0.0,
    "validation_loss": 7.806810422377153,
    "validation_zero_shot_top_1": 0.28147906647533355,
    "validation_zero_shot_top_2": 0.41507148328420723,
    "train_variance": 38.641883850097656,
    "validation_variance": 17.039289474487305
}