{
    "train_loss": 3.0339194801541005,
    "train_zero_shot_top_1": 0.0,
    "train_zero_shot_top_2": 0.0,
    "validation_loss": 8.53550572828813,
    "validation_zero_shot_top_1": 0.2780588252404592,
    "validation_zero_shot_top_2": 0.4816425641870928
}