{
    "train_accuracy": 0.7750000357627869,
    "train_loss": 0.6663718819618225,
    "validation_accuracy": 0.75,
    "validation_loss": 0.8983301520347595,
    "validation_variance": 166.2777557373047
}