{
    "train_accuracy": 0.734375,
    "train_loss": 0.8916733264923096,
    "validation_accuracy": 0.4375,
    "validation_loss": 1.5250383615493774
}