{
    "train_accuracy": 0.5875000357627869,
    "train_loss": 1.1465128660202026,
    "validation_accuracy": 0.6875,
    "validation_loss": 0.7764090299606323,
    "validation_variance": 98.26123046875
}