{
    "train_accuracy": 0.9375,
    "train_loss": 0.2878945767879486,
    "validation_accuracy": 0.75,
    "validation_loss": 1.0925452709197998,
    "validation_variance": 210.25540161132812
}