{
    "train_accuracy": 0.9750000238418579,
    "train_loss": 0.12952876091003418,
    "validation_accuracy": 0.875,
    "validation_loss": 0.5033951997756958,
    "validation_variance": 322.76861572265625
}