{
    "train_accuracy": 0.9625000357627869,
    "train_loss": 0.2457275092601776,
    "validation_accuracy": 0.9375,
    "validation_loss": 0.4260455369949341,
    "validation_variance": 260.9468688964844
}