{
    "train_accuracy": 1.0,
    "train_loss": 0.04352705553174019,
    "validation_accuracy": 0.625,
    "validation_loss": 1.5457531213760376
}