{
    "train_accuracy": 0.737500011920929,
    "train_loss": 0.712336540222168,
    "validation_accuracy": 0.3125,
    "validation_loss": 1.5028022527694702,
    "validation_variance": 108.47919464111328
}