{
    "train_accuracy": 0.987500011920929,
    "train_loss": 0.12021885067224503,
    "validation_accuracy": 0.6875,
    "validation_loss": 0.9441381692886353,
    "validation_variance": 404.3404541015625
}