{
    "train_accuracy": 1.0,
    "train_loss": 0.14157775044441223,
    "validation_accuracy": 0.6875,
    "validation_loss": 0.7652654647827148,
    "validation_variance": 284.38623046875
}