{
    "train_accuracy": 1.0,
    "train_loss": 0.13294851779937744,
    "validation_accuracy": 0.75,
    "validation_loss": 0.5995646119117737,
    "validation_variance": 333.1185302734375
}