{
    "train_accuracy": 0.987500011920929,
    "train_loss": 0.13627591729164124,
    "validation_accuracy": 0.9375,
    "validation_loss": 0.48846641182899475,
    "validation_variance": 327.2435607910156
}