{
    "train_accuracy": 0.53125,
    "train_loss": 1.331308126449585,
    "validation_accuracy": 0.5,
    "validation_loss": 1.470400094985962
}