{
    "train_accuracy": 1.0,
    "train_loss": 0.037349339574575424,
    "validation_accuracy": 0.875,
    "validation_loss": 0.4901126027107239
}