{
    "train_accuracy": 0.8375000357627869,
    "train_loss": 0.5748468637466431,
    "validation_accuracy": 0.75,
    "validation_loss": 0.7430663108825684,
    "validation_variance": 175.7427978515625
}