{
    "train_accuracy": 1.0,
    "train_loss": 0.07166969031095505,
    "validation_accuracy": 0.8125,
    "validation_loss": 0.6617709994316101,
    "validation_variance": 403.455322265625
}