{
    "train_accuracy": 0.5875000357627869,
    "train_loss": 1.1353501081466675,
    "validation_accuracy": 0.75,
    "validation_loss": 0.717470109462738,
    "validation_variance": 97.07072448730469
}