{
    "train_accuracy": 1.0,
    "train_loss": 0.05080503970384598,
    "validation_accuracy": 0.5625,
    "validation_loss": 1.1586878299713135
}