{
    "train_accuracy": 1.0,
    "train_loss": 0.12070814520120621,
    "validation_accuracy": 0.6875,
    "validation_loss": 0.9867063760757446,
    "validation_variance": 398.05145263671875
}