{
    "train_accuracy": 1.0,
    "train_loss": 0.07170037180185318,
    "validation_accuracy": 0.75,
    "validation_loss": 0.5905588865280151,
    "validation_variance": 408.060791015625
}