{
    "train_accuracy": 1.0,
    "train_loss": 0.13685342669487,
    "validation_accuracy": 0.8125,
    "validation_loss": 0.5695211291313171,
    "validation_variance": 331.994140625
}