{
    "train_accuracy": 0.987500011920929,
    "train_loss": 0.08095870167016983,
    "validation_accuracy": 0.75,
    "validation_loss": 0.5354238152503967,
    "validation_variance": 449.1509704589844
}