{
    "train_accuracy": 0.552734375,
    "train_loss": 1.297743558883667,
    "validation_accuracy": 0.5625,
    "validation_loss": 1.2406976222991943
}