{
    "train_accuracy": 0.51171875,
    "train_loss": 1.424018383026123,
    "validation_accuracy": 0.498046875,
    "validation_loss": 1.3500721454620361
}