{
    "train_loss": 9.785831407624848,
    "train_zero_shot_top_1": 0.0,
    "train_zero_shot_top_2": 0.0,
    "validation_loss": 20.8512959913774,
    "validation_zero_shot_top_1": 0.28015193530871857,
    "validation_zero_shot_top_2": 0.50788158354018,
    "train_variance": 831.8778076171875,
    "validation_variance": 363.1901550292969
}