{
    "train_loss": 12.188055807230421,
    "train_zero_shot_top_1": 0.0,
    "train_zero_shot_top_2": 0.0,
    "validation_loss": 19.174902829256926,
    "validation_zero_shot_top_1": 0.28147906647533355,
    "validation_zero_shot_top_2": 0.4985589415916847,
    "train_variance": 2.359814167022705,
    "validation_variance": 85.30149841308594
}