{
    "train_accuracy": 0.916015625,
    "train_loss": 0.2382073998451233,
    "validation_accuracy": 0.849609375,
    "validation_loss": 0.5072062611579895
}