{
    "train_accuracy": 0.80078125,
    "train_loss": 0.5321279764175415,
    "validation_accuracy": 0.806640625,
    "validation_loss": 0.548189640045166
}