{
    "train_accuracy": 0.83984375,
    "train_loss": 0.465318500995636,
    "validation_accuracy": 0.8203125,
    "validation_loss": 0.49441272020339966
}