{
    "train_accuracy": 0.50390625,
    "train_loss": 1.390537142753601,
    "validation_accuracy": 0.486328125,
    "validation_loss": 1.3776026964187622
}