{
    "train_accuracy": 0.8515625,
    "train_loss": 0.41439515352249146,
    "validation_accuracy": 0.833984375,
    "validation_loss": 0.46305036544799805
}