{
    "train_accuracy": 0.9296875,
    "train_loss": 0.23212884366512299,
    "validation_accuracy": 0.88671875,
    "validation_loss": 0.38202646374702454
}