{
    "train_accuracy": 0.935546875,
    "train_loss": 0.19038434326648712,
    "validation_accuracy": 0.87890625,
    "validation_loss": 0.39262449741363525
}