{
    "train_accuracy": 0.537109375,
    "train_loss": 1.2662084102630615,
    "validation_accuracy": 0.560546875,
    "validation_loss": 1.2786215543746948
}