{
    "train_accuracy": 0.69921875,
    "train_loss": 0.8168969750404358,
    "validation_accuracy": 0.689453125,
    "validation_loss": 0.9028021097183228
}