{
    "train_accuracy": 0.8359375,
    "train_loss": 0.49866312742233276,
    "validation_accuracy": 0.84375,
    "validation_loss": 0.4972456693649292
}