{
    "train_accuracy": 0.8046875,
    "train_loss": 0.6764697432518005,
    "validation_accuracy": 0.6875,
    "validation_loss": 0.9777514934539795
}