{
    "train_accuracy": 0.482421875,
    "train_loss": 1.4037024974822998,
    "validation_accuracy": 0.48046875,
    "validation_loss": 1.3759633302688599
}