{
    "train_accuracy": 0.73828125,
    "train_loss": 0.6991985440254211,
    "validation_accuracy": 0.75390625,
    "validation_loss": 0.7194352746009827
}