{
    "train_accuracy": 0.78125,
    "train_loss": 0.7112016677856445,
    "validation_accuracy": 0.5625,
    "validation_loss": 1.0066434144973755
}