{
    "train_accuracy": 0.828125,
    "train_loss": 0.6496173143386841,
    "validation_accuracy": 0.625,
    "validation_loss": 1.0866217613220215
}