{
    "train_accuracy": 0.6171875,
    "train_loss": 1.1547578573226929,
    "validation_accuracy": 0.5,
    "validation_loss": 1.3123462200164795
}