{
    "train_accuracy": 0.78125,
    "train_loss": 0.6971699595451355,
    "validation_accuracy": 0.5625,
    "validation_loss": 1.321022868156433
}