{
    "train_accuracy": 0.90625,
    "train_loss": 0.23485790193080902,
    "validation_accuracy": 0.88671875,
    "validation_loss": 0.3610425293445587
}