{
    "train_accuracy": 0.625,
    "train_loss": 1.0178989171981812,
    "validation_accuracy": 0.6875,
    "validation_loss": 1.0130585432052612
}