{
    "train_accuracy": 0.7578125,
    "train_loss": 0.6917612552642822,
    "validation_accuracy": 0.5625,
    "validation_loss": 1.088409662246704
}