{
    "train_accuracy": 0.8203125,
    "train_loss": 0.6212739944458008,
    "validation_accuracy": 0.6875,
    "validation_loss": 1.0599040985107422
}