{
    "train_accuracy": 0.7734375,
    "train_loss": 0.7927746176719666,
    "validation_accuracy": 0.4375,
    "validation_loss": 1.431786060333252
}