{
    "train_accuracy": 0.873046875,
    "train_loss": 0.34653154015541077,
    "validation_accuracy": 0.845703125,
    "validation_loss": 0.43525534868240356
}