{
    "train_accuracy": 0.78125,
    "train_loss": 0.7089780569076538,
    "validation_accuracy": 0.8125,
    "validation_loss": 0.8734205961227417
}