{
    "train_accuracy": 0.890625,
    "train_loss": 0.3457620441913605,
    "validation_accuracy": 0.8671875,
    "validation_loss": 0.4239460229873657
}