{
    "train_accuracy": 0.3828125,
    "train_loss": 1.565852403640747,
    "validation_accuracy": 0.4375,
    "validation_loss": 1.4328298568725586
}