{
    "train_accuracy": 0.828125,
    "train_loss": 0.6624785661697388,
    "validation_accuracy": 0.6875,
    "validation_loss": 0.9059401750564575
}