{
    "train_accuracy": 0.5234375,
    "train_loss": 1.2533470392227173,
    "validation_accuracy": 0.5234375,
    "validation_loss": 1.3079419136047363
}