{
    "train_accuracy": 0.609375,
    "train_loss": 1.1678463220596313,
    "validation_accuracy": 0.4375,
    "validation_loss": 1.4865822792053223
}