{
    "train_accuracy": 0.796875,
    "train_loss": 0.6513004302978516,
    "validation_accuracy": 0.5,
    "validation_loss": 1.0948351621627808
}