{
    "train_accuracy": 0.8984375,
    "train_loss": 0.31377944350242615,
    "validation_accuracy": 0.8984375,
    "validation_loss": 0.2672823965549469
}