{
    "train_accuracy": 0.2734375,
    "train_loss": 1.9200361967086792,
    "validation_accuracy": 0.3046875,
    "validation_loss": 1.8996745347976685
}