{
    "train_accuracy": 0.59375,
    "train_loss": 1.159359335899353,
    "validation_accuracy": 0.375,
    "validation_loss": 1.665632963180542
}