{
    "train_accuracy": 0.453125,
    "train_loss": 1.6247915029525757,
    "validation_accuracy": 0.5078125,
    "validation_loss": 1.485002875328064
}