{
    "train_accuracy": 0.5078125,
    "train_loss": 1.4206510782241821,
    "validation_accuracy": 0.546875,
    "validation_loss": 1.3073982000350952
}