{
    "train_accuracy": 0.78125,
    "train_loss": 0.5489625334739685,
    "validation_accuracy": 0.84375,
    "validation_loss": 0.4455551207065582
}