{
    "train_accuracy": 0.5,
    "train_loss": 1.3376438617706299,
    "validation_accuracy": 0.578125,
    "validation_loss": 1.0409961938858032
}