{
    "train_accuracy": 0.421875,
    "train_loss": 1.6108198165893555,
    "validation_accuracy": 0.453125,
    "validation_loss": 1.3915151357650757
}