{
    "train_loss": 5.466483918987976,
    "train_zero_shot_top_1": 0.0,
    "train_zero_shot_top_2": 0.0,
    "validation_loss": 8.2367242899808,
    "validation_zero_shot_top_1": 0.28147906647533355,
    "validation_zero_shot_top_2": 0.4985589415916847,
    "train_variance": 88.07464599609375,
    "validation_variance": 18.176443099975586
}