{
    "train_loss": 3.0173609335241562,
    "train_zero_shot_top_1": 0.0,
    "train_zero_shot_top_2": 0.0,
    "validation_loss": 7.875319871035489,
    "validation_zero_shot_top_1": 0.07234622246354327,
    "validation_zero_shot_top_2": 0.5393036863946633,
    "train_variance": 4.262228012084961,
    "validation_variance": 137.1938018798828
}