{
    "train_loss": 3.063478051095592,
    "train_zero_shot_top_1": 0.0,
    "train_zero_shot_top_2": 0.0,
    "validation_loss": 8.113295164975254,
    "validation_zero_shot_top_1": 0.06573359447719516,
    "validation_zero_shot_top_2": 0.5479554908082531,
    "train_variance": 6.867115020751953,
    "validation_variance": 169.17669677734375
}