{
    "train_loss": 0.4710913012947952,
    "train_accuracy": 0.8127126819209044,
    "train_avg_precision": 0.7146928371424295,
    "train_min_precision": 0.030691112185828404,
    "train_avg_recall": 0.7412005085445992,
    "train_min_recall": 0.19230572503000426,
    "validation_loss": 0.6810502097010613,
    "validation_accuracy": 0.7296875000000002,
    "validation_avg_precision": 0.7414554592016963,
    "validation_min_precision": 0.29375318476988005,
    "validation_avg_recall": 0.7269623526716456,
    "validation_min_recall": 0.32869939041780727
}