{
    "train_loss": 0.22982901491616906,
    "train_accuracy": 0.9173992359847358,
    "train_avg_precision": 0.8062072769956168,
    "train_min_precision": 0.1771227310700995,
    "train_avg_recall": 0.8646816486260338,
    "train_min_recall": 0.4058618630557287,
    "validation_loss": 0.5058821380138399,
    "validation_accuracy": 0.8258789062499999,
    "validation_avg_precision": 0.823278183721414,
    "validation_min_precision": 0.543517423565919,
    "validation_avg_recall": 0.826206474664286,
    "validation_min_recall": 0.4622920508192385
}