{
    "train_loss": 2.237906284499587,
    "train_accuracy": 0.346578663901279,
    "train_avg_precision": 0.2733324521134328,
    "train_min_precision": 0.0,
    "train_avg_recall": 0.33311621557844284,
    "train_min_recall": 0.0,
    "validation_loss": 2.262182879447937,
    "validation_accuracy": 0.31806640625000004,
    "validation_avg_precision": 0.26259019262553535,
    "validation_min_precision": 0.0,
    "validation_avg_recall": 0.3198888103820727,
    "validation_min_recall": 0.0,
    "train_variance": 1.212632179260254,
    "validation_variance": 0.32127007842063904
}