{
    "train_loss": 0.2736115730122516,
    "train_accuracy": 0.895093674199623,
    "train_avg_precision": 0.7965846330595158,
    "train_min_precision": 0.11302753494581749,
    "train_avg_recall": 0.8797782126879978,
    "train_min_recall": 0.5105184878917219,
    "validation_loss": 0.5103159084916113,
    "validation_accuracy": 0.8218750000000001,
    "validation_avg_precision": 0.827034237273143,
    "validation_min_precision": 0.4777989387368602,
    "validation_avg_recall": 0.8198684593062393,
    "validation_min_recall": 0.5255834517800555
}