{
    "train_loss": 0.39298334456326656,
    "train_accuracy": 0.8610551838289222,
    "train_avg_precision": 0.7190081446591254,
    "train_min_precision": 0.04393910183383867,
    "train_avg_recall": 0.7715964759249118,
    "train_min_recall": 0.10505116959064328,
    "validation_loss": 0.6407410115003584,
    "validation_accuracy": 0.75703125,
    "validation_avg_precision": 0.7566267465599258,
    "validation_min_precision": 0.36312492329678203,
    "validation_avg_recall": 0.7567736547122377,
    "validation_min_recall": 0.21431026361056812
}