{
    "train_loss": 2.0921970961386704,
    "train_accuracy": 0.6316167576271189,
    "train_avg_precision": 0.3327867969440099,
    "train_min_precision": 0.0,
    "train_avg_recall": 0.38725199280859574,
    "train_min_recall": 0.0,
    "validation_loss": 2.161372095346451,
    "validation_accuracy": 0.36982421875000004,
    "validation_avg_precision": 0.2892392305270035,
    "validation_min_precision": 0.0,
    "validation_avg_recall": 0.37157690511121266,
    "validation_min_recall": 0.0
}