{
    "train_loss": 0.2355414634211021,
    "train_accuracy": 0.912025484076718,
    "train_avg_precision": 0.8015303303764393,
    "train_min_precision": 0.1579492918502206,
    "train_avg_recall": 0.8873287358038799,
    "train_min_recall": 0.4994688693378496,
    "validation_loss": 0.4994835779070854,
    "validation_accuracy": 0.8327148437499998,
    "validation_avg_precision": 0.8336689031615276,
    "validation_min_precision": 0.5574101328346683,
    "validation_avg_recall": 0.8320504217332464,
    "validation_min_recall": 0.5102871024626205,
    "train_variance": 22.12082290649414,
    "validation_variance": 40.38205337524414
}