{
    "train_loss": 0.2900920361280442,
    "train_accuracy": 0.897159048339777,
    "train_avg_precision": 0.7857994019518139,
    "train_min_precision": 0.12027137092926565,
    "train_avg_recall": 0.831853558864538,
    "train_min_recall": 0.33962240256332066,
    "validation_loss": 0.545900123566389,
    "validation_accuracy": 0.8000976562499998,
    "validation_avg_precision": 0.8000875420159593,
    "validation_min_precision": 0.49272817115273565,
    "validation_avg_recall": 0.8010951087350319,
    "validation_min_recall": 0.43162082245265465
}