{
    "train_loss": 0.3896375141645734,
    "train_accuracy": 0.858120178967191,
    "train_avg_precision": 0.7872428031559008,
    "train_min_precision": 0.0733772366930002,
    "train_avg_recall": 0.8101277632754917,
    "train_min_recall": 0.21799334554043948,
    "validation_loss": 0.6125924743711949,
    "validation_accuracy": 0.7773437499999997,
    "validation_avg_precision": 0.8022264612053209,
    "validation_min_precision": 0.39896554771502235,
    "validation_avg_recall": 0.7775590403294075,
    "validation_min_recall": 0.27074321339635615
}