{
    "train_loss": 0.2532964631130821,
    "train_accuracy": 0.9087690941074442,
    "train_avg_precision": 0.8003432188051195,
    "train_min_precision": 0.14021229744913954,
    "train_avg_recall": 0.8523298145048482,
    "train_min_recall": 0.3924548372586068,
    "validation_loss": 0.5257383279502393,
    "validation_accuracy": 0.8162109375000002,
    "validation_avg_precision": 0.8236336984061718,
    "validation_min_precision": 0.5103610172063594,
    "validation_avg_recall": 0.8194988511222406,
    "validation_min_recall": 0.5158207440916587
}