{
    "train_loss": 0.23784777809653368,
    "train_accuracy": 0.9122759752106252,
    "train_avg_precision": 0.7935866701110678,
    "train_min_precision": 0.1423302331197068,
    "train_avg_recall": 0.8597314662055684,
    "train_min_recall": 0.40548392836053837,
    "validation_loss": 0.5023385152220725,
    "validation_accuracy": 0.8251953125,
    "validation_avg_precision": 0.8213899208578194,
    "validation_min_precision": 0.5507823571231667,
    "validation_avg_recall": 0.8249548954490962,
    "validation_min_recall": 0.44606886514859984,
    "train_variance": 22.68004035949707,
    "validation_variance": 29.100418090820312
}