{
    "train_loss": 0.34529273630234225,
    "train_accuracy": 0.8724029231489746,
    "train_avg_precision": 0.7622439761677471,
    "train_min_precision": 0.05532651465299243,
    "train_avg_recall": 0.8037071818319109,
    "train_min_recall": 0.29750042937607435,
    "validation_loss": 0.5707139570266008,
    "validation_accuracy": 0.7879882812500001,
    "validation_avg_precision": 0.8072453043509905,
    "validation_min_precision": 0.3957545090460207,
    "validation_avg_recall": 0.7882065447727171,
    "validation_min_recall": 0.5039679309794457
}