{
    "train_loss": 0.2400107681751251,
    "train_accuracy": 0.9116591988948357,
    "train_avg_precision": 0.8050898121528852,
    "train_min_precision": 0.18878902029056824,
    "train_avg_recall": 0.8748763348713613,
    "train_min_recall": 0.47401267168709227,
    "validation_loss": 0.4934645079076291,
    "validation_accuracy": 0.82646484375,
    "validation_avg_precision": 0.824327684373024,
    "validation_min_precision": 0.5314783424298686,
    "validation_avg_recall": 0.8261828865855853,
    "validation_min_recall": 0.47115896366282506,
    "train_variance": 19.8890380859375,
    "validation_variance": 27.3182315826416
}