{
    "train_loss": 0.7001834584955584,
    "train_accuracy": 0.7388082272128057,
    "train_avg_precision": 0.6016198730726581,
    "train_min_precision": 0.014100890111923595,
    "train_avg_recall": 0.6336435041537108,
    "train_min_recall": 0.0341933847822331,
    "validation_loss": 0.8885665521025659,
    "validation_accuracy": 0.6483398437500001,
    "validation_avg_precision": 0.6749607658200791,
    "validation_min_precision": 0.21750828146958553,
    "validation_avg_recall": 0.6467143475497226,
    "validation_min_recall": 0.12113314795926822
}