{
    "train_loss": 0.2466943405176464,
    "train_accuracy": 0.9084264405986723,
    "train_avg_precision": 0.8047543129378014,
    "train_min_precision": 0.15991892810778258,
    "train_avg_recall": 0.8795225776307684,
    "train_min_recall": 0.48604054330387203,
    "validation_loss": 0.5062681719660759,
    "validation_accuracy": 0.82509765625,
    "validation_avg_precision": 0.8236510475860993,
    "validation_min_precision": 0.515991567370205,
    "validation_avg_recall": 0.820957652367065,
    "validation_min_recall": 0.5184408561599207,
    "train_variance": 23.304073333740234,
    "validation_variance": 34.56604766845703
}