{
    "train_loss": 0.23798757164101841,
    "train_accuracy": 0.9119333217018534,
    "train_avg_precision": 0.809646790406492,
    "train_min_precision": 0.16807753363480918,
    "train_avg_recall": 0.880232435003362,
    "train_min_recall": 0.4643875201413571,
    "validation_loss": 0.5176785901188851,
    "validation_accuracy": 0.8278320312499999,
    "validation_avg_precision": 0.8288525826734442,
    "validation_min_precision": 0.5276270751800687,
    "validation_avg_recall": 0.8284326855698231,
    "validation_min_recall": 0.5277671681760928,
    "train_variance": 23.70920181274414,
    "validation_variance": 40.71253967285156
}