{
    "train_loss": 0.23178432646550629,
    "train_accuracy": 0.9154803763356129,
    "train_avg_precision": 0.8051712768673938,
    "train_min_precision": 0.17015377410114252,
    "train_avg_recall": 0.8711926071907968,
    "train_min_recall": 0.41654068423055773,
    "validation_loss": 0.48915440961718554,
    "validation_accuracy": 0.8325195312499998,
    "validation_avg_precision": 0.8320115824481233,
    "validation_min_precision": 0.5404949161064051,
    "validation_avg_recall": 0.8340080008510304,
    "validation_min_recall": 0.502131843599235
}