{
    "train_loss": 0.35308595812111565,
    "train_accuracy": 0.8745675473882438,
    "train_avg_precision": 0.7513230739030315,
    "train_min_precision": 0.06689959793674963,
    "train_avg_recall": 0.7867840899010212,
    "train_min_recall": 0.2434950851617518,
    "validation_loss": 0.6191216081380845,
    "validation_accuracy": 0.77021484375,
    "validation_avg_precision": 0.7734656361579201,
    "validation_min_precision": 0.3729781278207249,
    "validation_avg_recall": 0.7673254477030624,
    "validation_min_recall": 0.34974164375935146,
    "train_variance": 31.101221084594727,
    "validation_variance": 24.662769317626953
}