{
    "train_loss": 0.2394304215385203,
    "train_accuracy": 0.9120467524779475,
    "train_avg_precision": 0.7947019537136706,
    "train_min_precision": 0.13884604387700358,
    "train_avg_recall": 0.8621180377534343,
    "train_min_recall": 0.3744439926706186,
    "validation_loss": 0.5049126945436001,
    "validation_accuracy": 0.8278320312499998,
    "validation_avg_precision": 0.8239232414457465,
    "validation_min_precision": 0.5286748052666677,
    "validation_avg_recall": 0.8264654547646569,
    "validation_min_recall": 0.4876412850814352
}