{
    "train_loss": 0.38239190818970664,
    "train_accuracy": 0.864207596109624,
    "train_avg_precision": 0.7416351570141738,
    "train_min_precision": 0.05370117847234551,
    "train_avg_recall": 0.7532509352122833,
    "train_min_recall": 0.20457814924860962,
    "validation_loss": 0.6906329676508901,
    "validation_accuracy": 0.73525390625,
    "validation_avg_precision": 0.7805273920686697,
    "validation_min_precision": 0.3088478800800134,
    "validation_avg_recall": 0.7340723266402642,
    "validation_min_recall": 0.40848925991674717,
    "train_variance": 30.882333755493164,
    "validation_variance": 23.837543487548828
}