{
    "train_loss": 0.44384160585570753,
    "train_accuracy": 0.8366133539300209,
    "train_avg_precision": 0.6979300907064495,
    "train_min_precision": 0.037654061338271864,
    "train_avg_recall": 0.7368803584422283,
    "train_min_recall": 0.12643867045311835,
    "validation_loss": 0.7316132307052612,
    "validation_accuracy": 0.7267578125,
    "validation_avg_precision": 0.7220039968332174,
    "validation_min_precision": 0.28839899300903465,
    "validation_avg_recall": 0.7255885573794495,
    "validation_min_recall": 0.19440396736068352,
    "train_variance": 33.270164489746094,
    "validation_variance": 24.004045486450195
}