{
    "train_loss": 0.2513387271186762,
    "train_accuracy": 0.9074670107741108,
    "train_avg_precision": 0.7945291000593249,
    "train_min_precision": 0.15097195433068009,
    "train_avg_recall": 0.8653829068115557,
    "train_min_recall": 0.4032328567833842,
    "validation_loss": 0.4973463922739029,
    "validation_accuracy": 0.8277343750000001,
    "validation_avg_precision": 0.8274900846898819,
    "validation_min_precision": 0.5213770738088329,
    "validation_avg_recall": 0.8275613185858053,
    "validation_min_recall": 0.5119042827634313,
    "train_variance": 22.370704650878906,
    "validation_variance": 32.8114013671875
}