{
    "train_loss": 0.3043609726847263,
    "train_accuracy": 0.891083446511051,
    "train_avg_precision": 0.7909373342767716,
    "train_min_precision": 0.10265170883019852,
    "train_avg_recall": 0.8295034313500826,
    "train_min_recall": 0.3708707072260286,
    "validation_loss": 0.5521394371986388,
    "validation_accuracy": 0.80224609375,
    "validation_avg_precision": 0.8164851836900714,
    "validation_min_precision": 0.46932073042837147,
    "validation_avg_recall": 0.8017125163810522,
    "validation_min_recall": 0.5142416504991015,
    "train_variance": 24.531938552856445,
    "validation_variance": 25.82994270324707
}