{
    "train_loss": 0.2199281524670751,
    "train_accuracy": 0.9191692189166425,
    "train_avg_precision": 0.819501318257346,
    "train_min_precision": 0.20733204417414947,
    "train_avg_recall": 0.8833257274152658,
    "train_min_recall": 0.5017876719925104,
    "validation_loss": 0.5164468355476854,
    "validation_accuracy": 0.8260742187500003,
    "validation_avg_precision": 0.8226799200244763,
    "validation_min_precision": 0.5415073899735265,
    "validation_avg_recall": 0.8237977669355339,
    "validation_min_recall": 0.4893624012739267,
    "train_variance": 23.72214698791504,
    "validation_variance": 40.49034118652344
}