{
    "train_loss": 0.22975967719889526,
    "train_accuracy": 0.9141664776885723,
    "train_avg_precision": 0.8044887945135062,
    "train_min_precision": 0.1920687012792276,
    "train_avg_recall": 0.8788915477165528,
    "train_min_recall": 0.49594000172873764,
    "validation_loss": 0.509128549695015,
    "validation_accuracy": 0.8322265624999999,
    "validation_avg_precision": 0.832733791427237,
    "validation_min_precision": 0.5607756011972438,
    "validation_avg_recall": 0.833380962255807,
    "validation_min_recall": 0.49620123832434104,
    "train_variance": 20.85499382019043,
    "validation_variance": 35.271942138671875
}