{
    "train_loss": 0.24131576063340174,
    "train_accuracy": 0.9119167798443848,
    "train_avg_precision": 0.8068957024002592,
    "train_min_precision": 0.15780306438201175,
    "train_avg_recall": 0.881765642827103,
    "train_min_recall": 0.4662820875941256,
    "validation_loss": 0.502725750952959,
    "validation_accuracy": 0.82802734375,
    "validation_avg_precision": 0.8283504082388286,
    "validation_min_precision": 0.5244674303353623,
    "validation_avg_recall": 0.8267493078050728,
    "validation_min_recall": 0.5168573512573641,
    "train_variance": 23.76150131225586,
    "validation_variance": 35.3564453125
}