{
    "train_loss": 0.4124516264388436,
    "train_accuracy": 0.8508157520963429,
    "train_avg_precision": 0.7249944598366828,
    "train_min_precision": 0.033606791008616,
    "train_avg_recall": 0.7575376270563549,
    "train_min_recall": 0.13436756004690398,
    "validation_loss": 0.6842530712485313,
    "validation_accuracy": 0.7435546874999999,
    "validation_avg_precision": 0.7582493004830773,
    "validation_min_precision": 0.36153808596525855,
    "validation_avg_recall": 0.743022385838528,
    "validation_min_recall": 0.33992775039965195
}