{
    "train_loss": 0.3479599022028738,
    "train_accuracy": 0.8754915302259878,
    "train_avg_precision": 0.75106149467474,
    "train_min_precision": 0.07607340019349143,
    "train_avg_recall": 0.7993066585069143,
    "train_min_recall": 0.2844605108338343,
    "validation_loss": 0.5739270731806755,
    "validation_accuracy": 0.7840820312499999,
    "validation_avg_precision": 0.7825039828715488,
    "validation_min_precision": 0.3998585130100382,
    "validation_avg_recall": 0.784909691119666,
    "validation_min_recall": 0.3301959240920093,
    "train_variance": 28.233882904052734,
    "validation_variance": 21.831262588500977
}