{
    "train_loss": 0.2337123997378768,
    "train_accuracy": 0.9152629689166425,
    "train_avg_precision": 0.8081369146365752,
    "train_min_precision": 0.18908703382387596,
    "train_avg_recall": 0.8832201075082009,
    "train_min_recall": 0.487048318336396,
    "validation_loss": 0.503054928779602,
    "validation_accuracy": 0.8267578125,
    "validation_avg_precision": 0.8251003986848301,
    "validation_min_precision": 0.5249407285728476,
    "validation_avg_recall": 0.8238236553561292,
    "validation_min_recall": 0.4931790491719945
}