{
    "train_loss": 0.26407797477747263,
    "train_accuracy": 0.905257486460502,
    "train_avg_precision": 0.7947139508476835,
    "train_min_precision": 0.1672846646530857,
    "train_avg_recall": 0.8544727668477091,
    "train_min_recall": 0.4073917156298774,
    "validation_loss": 0.553965236246586,
    "validation_accuracy": 0.8068359375000003,
    "validation_avg_precision": 0.8066271716861959,
    "validation_min_precision": 0.5178727145664979,
    "validation_avg_recall": 0.8040203332149723,
    "validation_min_recall": 0.42524716564470466,
    "train_variance": 23.151838302612305,
    "validation_variance": 29.38218116760254
}