{
    "train_loss": 0.23453897734483087,
    "train_accuracy": 0.9162507559123797,
    "train_avg_precision": 0.8085782256554416,
    "train_min_precision": 0.19570643781170097,
    "train_avg_recall": 0.8788297676999003,
    "train_min_recall": 0.4516137063574212,
    "validation_loss": 0.5050097972154617,
    "validation_accuracy": 0.8260742187500001,
    "validation_avg_precision": 0.8224876161327429,
    "validation_min_precision": 0.5511168250299175,
    "validation_avg_recall": 0.8238585694854146,
    "validation_min_recall": 0.47999471298411667
}