{
    "train_loss": 0.5592295815024462,
    "train_accuracy": 0.7818124241996229,
    "train_avg_precision": 0.6845329001606233,
    "train_min_precision": 0.024923624839281972,
    "train_avg_recall": 0.6914306120549919,
    "train_min_recall": 0.1224895970868551,
    "validation_loss": 0.8305257618427275,
    "validation_accuracy": 0.675390625,
    "validation_avg_precision": 0.6914603699985954,
    "validation_min_precision": 0.25485914539006466,
    "validation_avg_recall": 0.6766965099253007,
    "validation_min_recall": 0.258713420927445
}