{
    "train_loss": 0.332943088391371,
    "train_accuracy": 0.8912890386163143,
    "train_avg_precision": 0.7482568686058245,
    "train_min_precision": 0.07509595667490403,
    "train_avg_recall": 0.7817778320187944,
    "train_min_recall": 0.12192982456140351,
    "validation_loss": 0.6125774294137954,
    "validation_accuracy": 0.7730468749999998,
    "validation_avg_precision": 0.7586628744395816,
    "validation_min_precision": 0.4155896208244213,
    "validation_avg_recall": 0.7693107362660032,
    "validation_min_recall": 0.17656162164758707
}