{
    "train_loss": 0.23797824743546941,
    "train_accuracy": 0.9134409971404498,
    "train_avg_precision": 0.8026205774356091,
    "train_min_precision": 0.1855759737338685,
    "train_avg_recall": 0.8796413091334679,
    "train_min_recall": 0.46659400937692475,
    "validation_loss": 0.49013812243938437,
    "validation_accuracy": 0.83173828125,
    "validation_avg_precision": 0.8277104322797091,
    "validation_min_precision": 0.548306833336759,
    "validation_avg_recall": 0.8306555667816926,
    "validation_min_recall": 0.4493226816910873
}