{
    "train_loss": 0.238172313623261,
    "train_accuracy": 0.9127958636534845,
    "train_avg_precision": 0.7998731010056921,
    "train_min_precision": 0.17823112559954665,
    "train_avg_recall": 0.8763752973082846,
    "train_min_recall": 0.4787248946952005,
    "validation_loss": 0.4874197512865067,
    "validation_accuracy": 0.8326171874999999,
    "validation_avg_precision": 0.8272699857581305,
    "validation_min_precision": 0.5357733817796961,
    "validation_avg_recall": 0.8319862095257138,
    "validation_min_recall": 0.47252058253448115
}