{
    "train_loss": 0.2372795045375824,
    "train_accuracy": 0.911522137491327,
    "train_avg_precision": 0.8006074983856195,
    "train_min_precision": 0.1794258373205742,
    "train_avg_recall": 0.8732449254459859,
    "train_min_recall": 0.45661050717130464,
    "validation_loss": 0.5012160785496236,
    "validation_accuracy": 0.8253906250000002,
    "validation_avg_precision": 0.8168142934457555,
    "validation_min_precision": 0.5346635262740036,
    "validation_avg_recall": 0.8208797766191603,
    "validation_min_recall": 0.44008998242092623,
    "train_variance": 21.81047248840332,
    "validation_variance": 30.24798583984375
}