{
    "train_loss": 0.24302019623287935,
    "train_accuracy": 0.9104091044057883,
    "train_avg_precision": 0.8023754331533797,
    "train_min_precision": 0.17500705921758558,
    "train_avg_recall": 0.8752275115308864,
    "train_min_recall": 0.47773338578908187,
    "validation_loss": 0.4857739552855492,
    "validation_accuracy": 0.8306640624999999,
    "validation_avg_precision": 0.8298005164968285,
    "validation_min_precision": 0.5462884487834776,
    "validation_avg_recall": 0.8311404845297081,
    "validation_min_recall": 0.5136227587688292
}