{
    "train_loss": 0.48166019195004506,
    "train_accuracy": 0.8373104773069676,
    "train_avg_precision": 0.6840856338052327,
    "train_min_precision": 0.028238654477044565,
    "train_avg_recall": 0.7062574175896591,
    "train_min_recall": 0.10273023650216631,
    "validation_loss": 0.8170349940657614,
    "validation_accuracy": 0.69599609375,
    "validation_avg_precision": 0.6926630693384224,
    "validation_min_precision": 0.3252936714950846,
    "validation_avg_recall": 0.69422848970211,
    "validation_min_recall": 0.22178534115726756
}