{
    "train_loss": 0.21536937199140857,
    "train_accuracy": 0.922201111651304,
    "train_avg_precision": 0.8157308462879772,
    "train_min_precision": 0.23793068529910635,
    "train_avg_recall": 0.8854356218778805,
    "train_min_recall": 0.48427977261923977,
    "validation_loss": 0.5016388542950153,
    "validation_accuracy": 0.8298828125000002,
    "validation_avg_precision": 0.8243573793402952,
    "validation_min_precision": 0.5652628744381415,
    "validation_avg_recall": 0.8295214521646391,
    "validation_min_recall": 0.4332730332916117
}