{
    "train_loss": 0.24234035898718925,
    "train_accuracy": 0.9103571155615023,
    "train_avg_precision": 0.8078344106162788,
    "train_min_precision": 0.17020450309923993,
    "train_avg_recall": 0.877147140273533,
    "train_min_recall": 0.4901365560751398,
    "validation_loss": 0.49254572466015817,
    "validation_accuracy": 0.8298828125,
    "validation_avg_precision": 0.8276679458047691,
    "validation_min_precision": 0.5262265451978329,
    "validation_avg_recall": 0.8288288906757713,
    "validation_min_recall": 0.5165576902377633,
    "train_variance": 22.987689971923828,
    "validation_variance": 37.551029205322266
}