{
    "train_loss": 0.2433216788789682,
    "train_accuracy": 0.9118931492169702,
    "train_avg_precision": 0.8010364179436298,
    "train_min_precision": 0.16288107603897073,
    "train_avg_recall": 0.8720024942200106,
    "train_min_recall": 0.43203452786760377,
    "validation_loss": 0.5049055002629758,
    "validation_accuracy": 0.8263671874999999,
    "validation_avg_precision": 0.8252841970784157,
    "validation_min_precision": 0.5324089082283423,
    "validation_avg_recall": 0.8237647035368406,
    "validation_min_recall": 0.5004058621753842
}