{
    "train_loss": 0.2948173972075445,
    "train_accuracy": 0.9000373378134613,
    "train_avg_precision": 0.7682946569243354,
    "train_min_precision": 0.11198910738384422,
    "train_avg_recall": 0.7972990712170306,
    "train_min_recall": 0.11457860337117301,
    "validation_loss": 0.6496044613420962,
    "validation_accuracy": 0.76943359375,
    "validation_avg_precision": 0.7709569187112455,
    "validation_min_precision": 0.4716261064950831,
    "validation_avg_recall": 0.7680501295836055,
    "validation_min_recall": 0.12484176354726381,
    "train_variance": 27.420597076416016,
    "validation_variance": 25.109649658203125
}