{
    "train_loss": 0.3677877872659449,
    "train_accuracy": 0.8695482643027052,
    "train_avg_precision": 0.7453472688864707,
    "train_min_precision": 0.06145922790659632,
    "train_avg_recall": 0.7773137319842647,
    "train_min_recall": 0.2064064481637503,
    "validation_loss": 0.6691666588187217,
    "validation_accuracy": 0.756640625,
    "validation_avg_precision": 0.7528521742025803,
    "validation_min_precision": 0.371495967735258,
    "validation_avg_recall": 0.7565826220115783,
    "validation_min_recall": 0.28279545880744184,
    "train_variance": 30.06886100769043,
    "validation_variance": 24.24994659423828
}