{
    "train_loss": 1.060833163428725,
    "train_accuracy": 0.6435410997323823,
    "train_avg_precision": 0.51454413522504,
    "train_min_precision": 0.009004897060483762,
    "train_avg_recall": 0.5759161915583397,
    "train_min_recall": 0.010767880873740244,
    "validation_loss": 1.251790136098862,
    "validation_accuracy": 0.5791015625000001,
    "validation_avg_precision": 0.5597495680455907,
    "validation_min_precision": 0.11925877679970008,
    "validation_avg_recall": 0.5760577609583475,
    "validation_min_recall": 0.03329306538827845
}