{
    "train_loss": 0.22886985932525833,
    "train_accuracy": 0.9168675322281691,
    "train_avg_precision": 0.8084943198344005,
    "train_min_precision": 0.19364568180357655,
    "train_avg_recall": 0.8767742552372702,
    "train_min_recall": 0.4703883575032672,
    "validation_loss": 0.5002135045826435,
    "validation_accuracy": 0.8253906249999998,
    "validation_avg_precision": 0.8240828606229834,
    "validation_min_precision": 0.5214078945675465,
    "validation_avg_recall": 0.8227129695819478,
    "validation_min_recall": 0.47596728188107085,
    "train_variance": 20.21923828125,
    "validation_variance": 30.5465145111084
}