{
    "train_loss": 0.2354858190866939,
    "train_accuracy": 0.9155536335811285,
    "train_avg_precision": 0.8078041326532011,
    "train_min_precision": 0.16924527714001403,
    "train_avg_recall": 0.8763899675781687,
    "train_min_recall": 0.4632735200560184,
    "validation_loss": 0.49250795468688013,
    "validation_accuracy": 0.8263671875,
    "validation_avg_precision": 0.8278183032382632,
    "validation_min_precision": 0.5525543610113176,
    "validation_avg_recall": 0.8270544333236394,
    "validation_min_recall": 0.498717554260808,
    "train_variance": 19.308244705200195,
    "validation_variance": 27.20900535583496
}