{
    "train_loss": 0.3145972019747685,
    "train_accuracy": 0.8811748529735363,
    "train_avg_precision": 0.741006061812497,
    "train_min_precision": 0.08118549294205152,
    "train_avg_recall": 0.831801337620839,
    "train_min_recall": 0.31646114813748266,
    "validation_loss": 0.5112020514905453,
    "validation_accuracy": 0.8101562499999998,
    "validation_avg_precision": 0.809778374817127,
    "validation_min_precision": 0.4773306126008951,
    "validation_avg_recall": 0.8110304181691207,
    "validation_min_recall": 0.4618039844841955
}