{
    "train_loss": 0.33977122892413225,
    "train_accuracy": 0.8916080614976716,
    "train_avg_precision": 0.7461049192895657,
    "train_min_precision": 0.08288524341155919,
    "train_avg_recall": 0.7751577581925102,
    "train_min_recall": 0.13188062749466256,
    "validation_loss": 0.6333644911646843,
    "validation_accuracy": 0.76171875,
    "validation_avg_precision": 0.7589046511437328,
    "validation_min_precision": 0.3858467291773563,
    "validation_avg_recall": 0.7573083118107021,
    "validation_min_recall": 0.1965848998306903,
    "train_variance": 23.082557678222656,
    "validation_variance": 20.050052642822266
}