{
    "train_loss": 0.311247886011475,
    "train_accuracy": 0.8832307740261679,
    "train_avg_precision": 0.7734213521395112,
    "train_min_precision": 0.08509707657145507,
    "train_avg_recall": 0.83101353995122,
    "train_min_recall": 0.42486681831040946,
    "validation_loss": 0.5472859092056751,
    "validation_accuracy": 0.7978515625000001,
    "validation_avg_precision": 0.8069675534143621,
    "validation_min_precision": 0.42265387592291614,
    "validation_avg_recall": 0.7915565292002379,
    "validation_min_recall": 0.5029453530949717
}