{
    "train_loss": 0.2459679439402464,
    "train_accuracy": 0.9111109532808007,
    "train_avg_precision": 0.7926087576827376,
    "train_min_precision": 0.16131110604794816,
    "train_avg_recall": 0.8498242043958114,
    "train_min_recall": 0.3605877080491331,
    "validation_loss": 0.5187663830816747,
    "validation_accuracy": 0.8157226562500002,
    "validation_avg_precision": 0.8152852566358849,
    "validation_min_precision": 0.5512506451503246,
    "validation_avg_recall": 0.816259537161938,
    "validation_min_recall": 0.4172062955999355,
    "train_variance": 23.05068016052246,
    "validation_variance": 25.765859603881836
}