{
    "train_loss": 0.24552380568102783,
    "train_accuracy": 0.9079987145306774,
    "train_avg_precision": 0.7981095857626218,
    "train_min_precision": 0.12662814195321934,
    "train_avg_recall": 0.8666249011260723,
    "train_min_recall": 0.39116861828173793,
    "validation_loss": 0.5054030030965804,
    "validation_accuracy": 0.8300781250000001,
    "validation_avg_precision": 0.8290414602982392,
    "validation_min_precision": 0.5103023378591269,
    "validation_avg_recall": 0.8286247686422905,
    "validation_min_recall": 0.5266342546455298,
    "train_variance": 23.143476486206055,
    "validation_variance": 36.818756103515625
}