{
    "train_loss": 0.2920131416697252,
    "train_accuracy": 0.8970101705768654,
    "train_avg_precision": 0.7835950217394178,
    "train_min_precision": 0.11177091809933588,
    "train_avg_recall": 0.8359007285036789,
    "train_min_recall": 0.3816068124763037,
    "validation_loss": 0.523023932427168,
    "validation_accuracy": 0.8064453125,
    "validation_avg_precision": 0.8030521208557546,
    "validation_min_precision": 0.48048658694199176,
    "validation_avg_recall": 0.8041020831733653,
    "validation_min_recall": 0.49795780958263214
}