{
    "train_loss": 0.3952979346116383,
    "train_accuracy": 0.8742981511249874,
    "train_avg_precision": 0.721359867807289,
    "train_min_precision": 0.053091284360634206,
    "train_avg_recall": 0.752792329824024,
    "train_min_recall": 0.06961722488038277,
    "validation_loss": 0.701754583418369,
    "validation_accuracy": 0.7380859375000001,
    "validation_avg_precision": 0.7185033127707298,
    "validation_min_precision": 0.27014095982845987,
    "validation_avg_recall": 0.7350848848777096,
    "validation_min_recall": 0.07180947624534684
}