{
    "train_loss": 0.5702860815483228,
    "train_accuracy": 0.8106567608682729,
    "train_avg_precision": 0.6526716223279029,
    "train_min_precision": 0.03696751591488433,
    "train_avg_recall": 0.6671682638772737,
    "train_min_recall": 0.0994426406926407,
    "validation_loss": 0.9062648102641107,
    "validation_accuracy": 0.6465820312499997,
    "validation_avg_precision": 0.6728046782261411,
    "validation_min_precision": 0.2648792949999104,
    "validation_avg_recall": 0.6471851566394373,
    "validation_min_recall": 0.24668648728047393
}