{
    "train_loss": 1.5674786546774078,
    "train_accuracy": 0.7525828982654374,
    "train_avg_precision": 0.4772210866318734,
    "train_min_precision": 0.0,
    "train_avg_recall": 0.5173225423225964,
    "train_min_recall": 0.0,
    "validation_loss": 1.763486683368683,
    "validation_accuracy": 0.49765624999999997,
    "validation_avg_precision": 0.46244990791955226,
    "validation_min_precision": 0.0,
    "validation_avg_recall": 0.49590443673244555,
    "validation_min_recall": 0.0,
    "train_variance": 22.249187469482422,
    "validation_variance": 5.772074222564697
}