{
    "train_loss": 0.23475614765234168,
    "train_accuracy": 0.9133039357369411,
    "train_avg_precision": 0.8071087198612974,
    "train_min_precision": 0.18894302035902166,
    "train_avg_recall": 0.8906348573011632,
    "train_min_recall": 0.5175344114556554,
    "validation_loss": 0.5114843890070915,
    "validation_accuracy": 0.8283203125000003,
    "validation_avg_precision": 0.8265810833582915,
    "validation_min_precision": 0.5331311809155733,
    "validation_avg_recall": 0.8290000168619223,
    "validation_min_recall": 0.5042415552502093
}