{
    "train_loss": 0.5803356390250356,
    "train_accuracy": 0.7708876854495,
    "train_avg_precision": 0.6774962087870426,
    "train_min_precision": 0.022496985075023974,
    "train_avg_recall": 0.7011779008902262,
    "train_min_recall": 0.12698925099898756,
    "validation_loss": 0.7876648798584938,
    "validation_accuracy": 0.69052734375,
    "validation_avg_precision": 0.70857581858365,
    "validation_min_precision": 0.26155203566336815,
    "validation_avg_recall": 0.6917585010088159,
    "validation_min_recall": 0.26876637682634547
}