{
    "train_loss": 0.22932427049728862,
    "train_accuracy": 0.9172385439538124,
    "train_avg_precision": 0.8113550778692098,
    "train_min_precision": 0.18331624515835043,
    "train_avg_recall": 0.8738157600715868,
    "train_min_recall": 0.4537150005089732,
    "validation_loss": 0.48886090330779547,
    "validation_accuracy": 0.8315429687499998,
    "validation_avg_precision": 0.8300830985168417,
    "validation_min_precision": 0.5383925351920766,
    "validation_avg_recall": 0.8299198906591347,
    "validation_min_recall": 0.49352858792966775
}