{
    "train_loss": 0.22596174478530878,
    "train_accuracy": 0.9178553202696019,
    "train_avg_precision": 0.8097547412699015,
    "train_min_precision": 0.22241968557758032,
    "train_avg_recall": 0.8754450360404303,
    "train_min_recall": 0.4644659243115594,
    "validation_loss": 0.4934163380414247,
    "validation_accuracy": 0.8306640625000001,
    "validation_avg_precision": 0.825933675541739,
    "validation_min_precision": 0.5478908168680885,
    "validation_avg_recall": 0.8289978342411473,
    "validation_min_recall": 0.44374577922383235,
    "train_variance": 21.30954933166504,
    "validation_variance": 33.3778190612793
}