{
    "train_loss": 0.2708149983694679,
    "train_accuracy": 0.9024760848597478,
    "train_avg_precision": 0.7796541555533827,
    "train_min_precision": 0.10737006658059287,
    "train_avg_recall": 0.8083341720041737,
    "train_min_recall": 0.255907027654173,
    "validation_loss": 0.5664717949926853,
    "validation_accuracy": 0.7942382812500001,
    "validation_avg_precision": 0.793976173889533,
    "validation_min_precision": 0.46068843903211815,
    "validation_avg_recall": 0.7960000689998926,
    "validation_min_recall": 0.38321294301048525,
    "train_variance": 26.017629623413086,
    "validation_variance": 24.459259033203125
}