{
    "train_loss": 0.23074701559125327,
    "train_accuracy": 0.9167304708246604,
    "train_avg_precision": 0.8096983655835638,
    "train_min_precision": 0.20205880863775602,
    "train_avg_recall": 0.8736531195103265,
    "train_min_recall": 0.46665109235730506,
    "validation_loss": 0.49720335975289354,
    "validation_accuracy": 0.8271484374999999,
    "validation_avg_precision": 0.8275803530154814,
    "validation_min_precision": 0.551516886016881,
    "validation_avg_recall": 0.8281168705685085,
    "validation_min_recall": 0.4569058467509301,
    "train_variance": 21.264873504638672,
    "validation_variance": 30.164493560791016
}