{
    "train_loss": 0.24206449588139847,
    "train_accuracy": 0.9101798816731106,
    "train_avg_precision": 0.7999937034008927,
    "train_min_precision": 0.1525575760095884,
    "train_avg_recall": 0.8739338246669928,
    "train_min_recall": 0.4703138053613745,
    "validation_loss": 0.4919600866734982,
    "validation_accuracy": 0.8287109375000001,
    "validation_avg_precision": 0.8241490757334257,
    "validation_min_precision": 0.5325431711394952,
    "validation_avg_recall": 0.8283523682849281,
    "validation_min_recall": 0.48000915881872536
}