{
    "train_loss": 0.5753029867222434,
    "train_accuracy": 0.7719038296164127,
    "train_avg_precision": 0.6644963947610423,
    "train_min_precision": 0.025686337641999426,
    "train_avg_recall": 0.6958373615971528,
    "train_min_recall": 0.15418425162144653,
    "validation_loss": 0.8048976473510264,
    "validation_accuracy": 0.6888671875,
    "validation_avg_precision": 0.6943365797272356,
    "validation_min_precision": 0.2430711166621279,
    "validation_avg_recall": 0.6878547068653664,
    "validation_min_recall": 0.24657518892188476,
    "train_variance": 55.335594177246094,
    "validation_variance": 31.282108306884766
}