{
    "train_loss": 0.4750115855744012,
    "train_accuracy": 0.8280990050550087,
    "train_avg_precision": 0.7207076972385527,
    "train_min_precision": 0.0350111045177853,
    "train_avg_recall": 0.7134481531854219,
    "train_min_recall": 0.10752988348153314,
    "validation_loss": 0.8191794097423553,
    "validation_accuracy": 0.6846679687499998,
    "validation_avg_precision": 0.723339207472827,
    "validation_min_precision": 0.26074269830604097,
    "validation_avg_recall": 0.6842123192423737,
    "validation_min_recall": 0.20435557867962578,
    "train_variance": 37.77044677734375,
    "validation_variance": 24.4739990234375
}