{
    "train_loss": 0.24860337768730364,
    "train_accuracy": 0.9080837870899003,
    "train_avg_precision": 0.7969242456431787,
    "train_min_precision": 0.15826225431488583,
    "train_avg_recall": 0.8713390912138417,
    "train_min_recall": 0.44759952527420704,
    "validation_loss": 0.49386917948722836,
    "validation_accuracy": 0.8272460937500001,
    "validation_avg_precision": 0.8255996249697871,
    "validation_min_precision": 0.5131691538562254,
    "validation_avg_recall": 0.8275495967797708,
    "validation_min_recall": 0.4971837565382415,
    "train_variance": 18.514333724975586,
    "validation_variance": 29.131576538085938
}