{
    "train_loss": 0.8128269042885091,
    "train_accuracy": 0.6694740621667159,
    "train_avg_precision": 0.5542300107665176,
    "train_min_precision": 0.0021443841464263446,
    "train_avg_recall": 0.5567612611501352,
    "train_min_recall": 0.004305943210886107,
    "validation_loss": 1.1292079269886015,
    "validation_accuracy": 0.5465820312499998,
    "validation_avg_precision": 0.5309798948045147,
    "validation_min_precision": 0.0,
    "validation_avg_recall": 0.5451979316690717,
    "validation_min_recall": 0.0
}