{
    "train_loss": 0.4045059628653944,
    "train_accuracy": 0.8486062267370387,
    "train_avg_precision": 0.7237008765880137,
    "train_min_precision": 0.037724928596184315,
    "train_avg_recall": 0.7686297182905015,
    "train_min_recall": 0.21294171656936423,
    "validation_loss": 0.6157896310091017,
    "validation_accuracy": 0.76806640625,
    "validation_avg_precision": 0.7845666209054256,
    "validation_min_precision": 0.3515711162701668,
    "validation_avg_recall": 0.7677085141125377,
    "validation_min_recall": 0.3943156265997926,
    "train_variance": 30.390363693237305,
    "validation_variance": 27.12638282775879
}