{
    "train_loss": 0.327198223586668,
    "train_accuracy": 0.8787077477103783,
    "train_avg_precision": 0.7475178704883217,
    "train_min_precision": 0.07044420246106738,
    "train_avg_recall": 0.8139431430722077,
    "train_min_recall": 0.2568214028785938,
    "validation_loss": 0.5474627055227755,
    "validation_accuracy": 0.79892578125,
    "validation_avg_precision": 0.7948279780181323,
    "validation_min_precision": 0.4467549169565281,
    "validation_avg_recall": 0.7966773307258683,
    "validation_min_recall": 0.4282805892535264,
    "train_variance": 24.27094078063965,
    "validation_variance": 25.139144897460938
}