{
    "train_loss": 0.3904317899754173,
    "train_accuracy": 0.8701532253047873,
    "train_avg_precision": 0.7259572582496552,
    "train_min_precision": 0.06400015676331464,
    "train_avg_recall": 0.756331868408695,
    "train_min_recall": 0.172971717963229,
    "validation_loss": 0.6770379789173604,
    "validation_accuracy": 0.7483398437500001,
    "validation_avg_precision": 0.7432818375403367,
    "validation_min_precision": 0.3584134457113557,
    "validation_avg_recall": 0.7484028091754403,
    "validation_min_recall": 0.23307787409647152
}