{
    "train_loss": 0.23551465387929948,
    "train_accuracy": 0.9121105566359407,
    "train_avg_precision": 0.8046779711818199,
    "train_min_precision": 0.17983833904886534,
    "train_avg_recall": 0.8848384700530819,
    "train_min_recall": 0.48161885643839203,
    "validation_loss": 0.49700043573975555,
    "validation_accuracy": 0.8304687499999999,
    "validation_avg_precision": 0.8314493203807505,
    "validation_min_precision": 0.5559842709018419,
    "validation_avg_recall": 0.8311452759456908,
    "validation_min_recall": 0.5098681348723253,
    "train_variance": 22.51099395751953,
    "validation_variance": 38.078147888183594
}