{
    "train_loss": 0.2310655673867779,
    "train_accuracy": 0.9149321307215779,
    "train_avg_precision": 0.7959256267232196,
    "train_min_precision": 0.18753561253561252,
    "train_avg_recall": 0.8721932457806061,
    "train_min_recall": 0.4413701454935486,
    "validation_loss": 0.4910944797098637,
    "validation_accuracy": 0.8305664062499998,
    "validation_avg_precision": 0.8287649267454007,
    "validation_min_precision": 0.5503438443744675,
    "validation_avg_recall": 0.8307624879430617,
    "validation_min_recall": 0.4519957290954904
}