{
    "train_loss": 0.3067421301415092,
    "train_accuracy": 0.898541477688572,
    "train_avg_precision": 0.7688626465637197,
    "train_min_precision": 0.13018521439574066,
    "train_avg_recall": 0.827611032432979,
    "train_min_recall": 0.3054544696938679,
    "validation_loss": 0.5307443380355834,
    "validation_accuracy": 0.8074218750000001,
    "validation_avg_precision": 0.8044583682661365,
    "validation_min_precision": 0.4871673548768962,
    "validation_avg_recall": 0.8026088997107668,
    "validation_min_recall": 0.41582017176270064
}