{
    "train_loss": 0.23125958233548877,
    "train_accuracy": 0.9141263041579936,
    "train_avg_precision": 0.8086684364588866,
    "train_min_precision": 0.18880885196674668,
    "train_avg_recall": 0.8835335394648715,
    "train_min_recall": 0.48820532937569877,
    "validation_loss": 0.4979185044765473,
    "validation_accuracy": 0.8305664062500001,
    "validation_avg_precision": 0.8281675031450992,
    "validation_min_precision": 0.544133732139846,
    "validation_avg_recall": 0.8292115792239074,
    "validation_min_recall": 0.48960451044133985
}