{
    "train_loss": 0.323256930499746,
    "train_accuracy": 0.8950015118247585,
    "train_avg_precision": 0.753942701828619,
    "train_min_precision": 0.11297786034628138,
    "train_avg_recall": 0.7975188383837757,
    "train_min_recall": 0.14081915314602297,
    "validation_loss": 0.6022927641868594,
    "validation_accuracy": 0.7792968750000001,
    "validation_avg_precision": 0.7670812629475758,
    "validation_min_precision": 0.38616265441875214,
    "validation_avg_recall": 0.7779464229460122,
    "validation_min_recall": 0.10860349603717877,
    "train_variance": 26.250375747680664,
    "validation_variance": 22.520368576049805
}