{
    "train_loss": 0.24367236986494903,
    "train_accuracy": 0.9109857082366947,
    "train_avg_precision": 0.8019040215703366,
    "train_min_precision": 0.1729064035952581,
    "train_avg_recall": 0.8877630898965875,
    "train_min_recall": 0.5206697117898145,
    "validation_loss": 0.4921225152909756,
    "validation_accuracy": 0.8304687500000001,
    "validation_avg_precision": 0.8259283330776943,
    "validation_min_precision": 0.5390878109689955,
    "validation_avg_recall": 0.8282532278676615,
    "validation_min_recall": 0.4890054853643756,
    "train_variance": 21.782838821411133,
    "validation_variance": 32.5451545715332
}