{
    "train_loss": 0.3438169020309784,
    "train_accuracy": 0.8848755108682731,
    "train_avg_precision": 0.7313776071110352,
    "train_min_precision": 0.057692843219159004,
    "train_avg_recall": 0.7346168818025813,
    "train_min_recall": 0.09402673350041771,
    "validation_loss": 0.7632841303944589,
    "validation_accuracy": 0.7138671875,
    "validation_avg_precision": 0.7538254832038681,
    "validation_min_precision": 0.3119646756429726,
    "validation_avg_recall": 0.718922231922749,
    "validation_min_recall": 0.16867707936125861
}