{
    "train_loss": 0.23272173250453512,
    "train_accuracy": 0.9152109800723566,
    "train_avg_precision": 0.8103076709891853,
    "train_min_precision": 0.20645592224539594,
    "train_avg_recall": 0.8852443876489104,
    "train_min_recall": 0.4885602987875376,
    "validation_loss": 0.495136884599924,
    "validation_accuracy": 0.8321289062500002,
    "validation_avg_precision": 0.8296408273275891,
    "validation_min_precision": 0.5567254366410754,
    "validation_avg_recall": 0.8299017046647231,
    "validation_min_recall": 0.5029299408644934,
    "train_variance": 21.85955047607422,
    "validation_variance": 41.55024337768555
}