{
    "train_loss": 0.32788083009552527,
    "train_accuracy": 0.882545467008624,
    "train_avg_precision": 0.7470183583200771,
    "train_min_precision": 0.06413428189743978,
    "train_avg_recall": 0.7963290692359812,
    "train_min_recall": 0.21573058178834234,
    "validation_loss": 0.5800077073276043,
    "validation_accuracy": 0.7807617187500001,
    "validation_avg_precision": 0.7770984045492605,
    "validation_min_precision": 0.4065694122941566,
    "validation_avg_recall": 0.7795179062793948,
    "validation_min_recall": 0.313457103953217
}