{
    "train_loss": 0.2396573625635683,
    "train_accuracy": 0.9116426570373674,
    "train_avg_precision": 0.8041954015583664,
    "train_min_precision": 0.18319672530198844,
    "train_avg_recall": 0.8878605433831936,
    "train_min_recall": 0.5367941279853549,
    "validation_loss": 0.48806482143700114,
    "validation_accuracy": 0.8323242187499998,
    "validation_avg_precision": 0.8309123034184165,
    "validation_min_precision": 0.546936456131223,
    "validation_avg_recall": 0.8322487967402042,
    "validation_min_recall": 0.5011718248902947,
    "train_variance": 22.348264694213867,
    "validation_variance": 39.540611267089844
}