{
    "train_loss": 0.37913476741104807,
    "train_accuracy": 0.8786959313509755,
    "train_avg_precision": 0.7357564802504019,
    "train_min_precision": 0.04599372362530256,
    "train_avg_recall": 0.7531473010377542,
    "train_min_recall": 0.08406432748538012,
    "validation_loss": 0.7253562398254869,
    "validation_accuracy": 0.7366210937500001,
    "validation_avg_precision": 0.7270002999261799,
    "validation_min_precision": 0.30580158709047256,
    "validation_avg_recall": 0.7351867422522048,
    "validation_min_recall": 0.12309746279678846,
    "train_variance": 36.99871063232422,
    "validation_variance": 22.91608238220215
}