{
    "train_loss": 0.5675295685466969,
    "train_accuracy": 0.795825771072454,
    "train_avg_precision": 0.6405490505472847,
    "train_min_precision": 0.02360654398498622,
    "train_avg_recall": 0.6868676674832617,
    "train_min_recall": 0.07390663410687016,
    "validation_loss": 0.8137916192412377,
    "validation_accuracy": 0.6968749999999999,
    "validation_avg_precision": 0.6904055177689655,
    "validation_min_precision": 0.2934665393730796,
    "validation_avg_recall": 0.6945653785109792,
    "validation_min_recall": 0.18226808575762068,
    "train_variance": 37.1927604675293,
    "validation_variance": 27.48063087463379
}