{
    "train_loss": 0.23268636825837585,
    "train_accuracy": 0.9157308685152159,
    "train_avg_precision": 0.8048959934140487,
    "train_min_precision": 0.17098393808920123,
    "train_avg_recall": 0.8832175394126877,
    "train_min_recall": 0.45236763267611896,
    "validation_loss": 0.4889301367104053,
    "validation_accuracy": 0.8331054687500001,
    "validation_avg_precision": 0.8258308377485223,
    "validation_min_precision": 0.5487146663466212,
    "validation_avg_recall": 0.8289739470769377,
    "validation_min_recall": 0.48350648525929535,
    "train_variance": 23.688438415527344,
    "validation_variance": 43.20863723754883
}