{
    "train_loss": 0.6527758219785861,
    "train_accuracy": 0.8009159481316278,
    "train_avg_precision": 0.5878437818674946,
    "train_min_precision": 0.012426900584795321,
    "train_avg_recall": 0.6403297326834433,
    "train_min_recall": 0.02017543859649123,
    "validation_loss": 1.1230974689126014,
    "validation_accuracy": 0.6046875,
    "validation_avg_precision": 0.6013703848065798,
    "validation_min_precision": 0.0,
    "validation_avg_recall": 0.6057216061022895,
    "validation_min_recall": 0.0,
    "train_variance": 89.80213928222656,
    "validation_variance": 32.850765228271484
}