{
    "train_loss": 0.225892297792853,
    "train_accuracy": 0.9172905327980982,
    "train_avg_precision": 0.8111273577370924,
    "train_min_precision": 0.18135149450938928,
    "train_avg_recall": 0.8792456457468664,
    "train_min_recall": 0.45754085855113436,
    "validation_loss": 0.49835129380226145,
    "validation_accuracy": 0.8288085937499999,
    "validation_avg_precision": 0.8240631107498195,
    "validation_min_precision": 0.5432771669715224,
    "validation_avg_recall": 0.8256036940368604,
    "validation_min_recall": 0.4981727146122011,
    "train_variance": 25.08652114868164,
    "validation_variance": 37.121490478515625
}