{
    "train_loss": 0.37209274266895487,
    "train_accuracy": 0.8746242627762909,
    "train_avg_precision": 0.7423096809308146,
    "train_min_precision": 0.06137338037492836,
    "train_avg_recall": 0.7837973236252979,
    "train_min_recall": 0.1800210218746841,
    "validation_loss": 0.6082283973693848,
    "validation_accuracy": 0.77509765625,
    "validation_avg_precision": 0.7764289674647141,
    "validation_min_precision": 0.3911864635979686,
    "validation_avg_recall": 0.7750605512840991,
    "validation_min_recall": 0.25572276662963334
}