{
    "train_loss": 0.22264440632180166,
    "train_accuracy": 0.9177749732084447,
    "train_avg_precision": 0.8097936014622565,
    "train_min_precision": 0.195958914379967,
    "train_avg_recall": 0.8759650519370037,
    "train_min_recall": 0.4490660000156745,
    "validation_loss": 0.4958099849522114,
    "validation_accuracy": 0.8314453125000001,
    "validation_avg_precision": 0.8307500754907517,
    "validation_min_precision": 0.555902181559428,
    "validation_avg_recall": 0.8314706403170931,
    "validation_min_recall": 0.4827939198803403,
    "train_variance": 24.16925811767578,
    "validation_variance": 38.164493560791016
}