{
    "train_loss": 0.234785254325783,
    "train_accuracy": 0.9179640234562394,
    "train_avg_precision": 0.8000333598461287,
    "train_min_precision": 0.20529448621553884,
    "train_avg_recall": 0.8356745746263525,
    "train_min_recall": 0.26851337953198207,
    "validation_loss": 0.5463850751519203,
    "validation_accuracy": 0.8043945312499998,
    "validation_avg_precision": 0.8018238733313463,
    "validation_min_precision": 0.5101684955284048,
    "validation_avg_recall": 0.8037166421108576,
    "validation_min_recall": 0.2142518639836528,
    "train_variance": 27.561817169189453,
    "validation_variance": 29.186098098754883
}