{
    "train_loss": 0.9437508007936309,
    "train_accuracy": 0.760350499236793,
    "train_avg_precision": 0.5346793315707403,
    "train_min_precision": 0.00983519404572036,
    "train_avg_recall": 0.5960733125047719,
    "train_min_recall": 0.018775007694675286,
    "validation_loss": 1.2484396725893023,
    "validation_accuracy": 0.5912109375,
    "validation_avg_precision": 0.5425821234953695,
    "validation_min_precision": 0.0,
    "validation_avg_recall": 0.5910492175796851,
    "validation_min_recall": 0.0,
    "train_variance": 66.17140197753906,
    "validation_variance": 19.914567947387695
}