{
    "train_loss": 0.2817827369037428,
    "train_accuracy": 0.9034875035285952,
    "train_avg_precision": 0.8019455928861311,
    "train_min_precision": 0.21123642439431914,
    "train_avg_recall": 0.8454487054215334,
    "train_min_recall": 0.3352541377360019,
    "validation_loss": 0.5516847647726535,
    "validation_accuracy": 0.8091796874999998,
    "validation_avg_precision": 0.8136667094470139,
    "validation_min_precision": 0.553415430528907,
    "validation_avg_recall": 0.8086919945746908,
    "validation_min_recall": 0.37675322978916637,
    "train_variance": 20.11966896057129,
    "validation_variance": 24.157527923583984
}