{
    "train_loss": 0.2326224944309185,
    "train_accuracy": 0.9138403660372688,
    "train_avg_precision": 0.8048318915192403,
    "train_min_precision": 0.18432610274715544,
    "train_avg_recall": 0.8842327153732717,
    "train_min_recall": 0.5062371864030375,
    "validation_loss": 0.4831509683281184,
    "validation_accuracy": 0.8335937500000001,
    "validation_avg_precision": 0.8311513826909868,
    "validation_min_precision": 0.5647029915851094,
    "validation_avg_recall": 0.8344939122721289,
    "validation_min_recall": 0.493499491165513
}