{
    "train_loss": 0.2388076238464891,
    "train_accuracy": 0.9114134343046896,
    "train_avg_precision": 0.7996432675455899,
    "train_min_precision": 0.14235822370497295,
    "train_avg_recall": 0.867719753643638,
    "train_min_recall": 0.41690026057014223,
    "validation_loss": 0.4954015560448169,
    "validation_accuracy": 0.8304687499999998,
    "validation_avg_precision": 0.8276767950494894,
    "validation_min_precision": 0.5444650324780888,
    "validation_avg_recall": 0.8308689418225701,
    "validation_min_recall": 0.49826181627245514,
    "train_variance": 23.015932083129883,
    "validation_variance": 33.342063903808594
}