{
    "train_loss": 0.2318800693018394,
    "train_accuracy": 0.9168509903707007,
    "train_avg_precision": 0.8070561633996832,
    "train_min_precision": 0.19183944710260498,
    "train_avg_recall": 0.8713513583412917,
    "train_min_recall": 0.4217566664626935,
    "validation_loss": 0.49707234054803834,
    "validation_accuracy": 0.8264648437500002,
    "validation_avg_precision": 0.8203419710603507,
    "validation_min_precision": 0.5536112423707801,
    "validation_avg_recall": 0.8215608532189468,
    "validation_min_recall": 0.4231484202806871
}