{
    "train_loss": 0.2302866708814052,
    "train_accuracy": 0.9161018791951636,
    "train_avg_precision": 0.8087567315501871,
    "train_min_precision": 0.19053564541180634,
    "train_avg_recall": 0.8870696544350228,
    "train_min_recall": 0.4767518216181451,
    "validation_loss": 0.49247698634862896,
    "validation_accuracy": 0.8344726562500001,
    "validation_avg_precision": 0.8329889276643814,
    "validation_min_precision": 0.560138278791698,
    "validation_avg_recall": 0.8345178143436023,
    "validation_min_recall": 0.4997854189439137
}