{
    "train_loss": 0.2273214370535131,
    "train_accuracy": 0.9180325541579938,
    "train_avg_precision": 0.8085783138284759,
    "train_min_precision": 0.20546768046768052,
    "train_avg_recall": 0.8768560707703056,
    "train_min_recall": 0.4635381945088049,
    "validation_loss": 0.4904811657965183,
    "validation_accuracy": 0.8312499999999999,
    "validation_avg_precision": 0.8250421802051112,
    "validation_min_precision": 0.5583330686057003,
    "validation_avg_recall": 0.8283660003615863,
    "validation_min_recall": 0.4815145212094799
}