{
    "train_loss": 0.2470623286146867,
    "train_accuracy": 0.9086556643770456,
    "train_avg_precision": 0.7970190903241904,
    "train_min_precision": 0.1492778635193496,
    "train_avg_recall": 0.8699835988277888,
    "train_min_recall": 0.41211324196306864,
    "validation_loss": 0.4883964724838734,
    "validation_accuracy": 0.8304687499999999,
    "validation_avg_precision": 0.8267548387355939,
    "validation_min_precision": 0.5324940821954552,
    "validation_avg_recall": 0.82670618410322,
    "validation_min_recall": 0.48247716712306865,
    "train_variance": 20.31355857849121,
    "validation_variance": 30.05298614501953
}