{
    "train_loss": 0.23180942969364024,
    "train_accuracy": 0.9155536335811285,
    "train_avg_precision": 0.8103139250629544,
    "train_min_precision": 0.20720894602473547,
    "train_avg_recall": 0.8867842705784473,
    "train_min_recall": 0.48659842426164884,
    "validation_loss": 0.5010462529957296,
    "validation_accuracy": 0.8315429687500002,
    "validation_avg_precision": 0.829211330047213,
    "validation_min_precision": 0.5646057612379543,
    "validation_avg_recall": 0.8327941501462484,
    "validation_min_recall": 0.4515165974959979,
    "train_variance": 25.354930877685547,
    "validation_variance": 40.52436065673828
}