{
    "train_loss": 0.22439567666304736,
    "train_accuracy": 0.9177749732084447,
    "train_avg_precision": 0.8121046271114163,
    "train_min_precision": 0.207234626971469,
    "train_avg_recall": 0.885520192231459,
    "train_min_recall": 0.5089699987277678,
    "validation_loss": 0.5013674318790438,
    "validation_accuracy": 0.8275390624999999,
    "validation_avg_precision": 0.8255776722871627,
    "validation_min_precision": 0.5459309510062565,
    "validation_avg_recall": 0.8294202131158295,
    "validation_min_recall": 0.46783635489416325,
    "train_variance": 22.578397750854492,
    "validation_variance": 36.9331169128418
}