{
    "train_loss": 0.25058342673276607,
    "train_accuracy": 0.9062051009713561,
    "train_avg_precision": 0.8063140725242387,
    "train_min_precision": 0.16981759354050371,
    "train_avg_recall": 0.882846225524036,
    "train_min_recall": 0.4878550041064789,
    "validation_loss": 0.4999970071017743,
    "validation_accuracy": 0.8263671874999999,
    "validation_avg_precision": 0.8254860702765896,
    "validation_min_precision": 0.525189243853283,
    "validation_avg_recall": 0.8241820431360521,
    "validation_min_recall": 0.5054636579634691,
    "train_variance": 21.601808547973633,
    "validation_variance": 33.43081283569336
}