{
    "train_loss": 0.4411952532174294,
    "train_accuracy": 0.8459902447566647,
    "train_avg_precision": 0.7035244198094168,
    "train_min_precision": 0.048584877454846485,
    "train_avg_recall": 0.7288280078388958,
    "train_min_recall": 0.14046948847440932,
    "validation_loss": 0.731878377497196,
    "validation_accuracy": 0.72109375,
    "validation_avg_precision": 0.7323347424017922,
    "validation_min_precision": 0.3035653461960108,
    "validation_avg_recall": 0.7169303395076577,
    "validation_min_recall": 0.3088896456901013
}