{
    "train_loss": 0.22677446980225405,
    "train_accuracy": 0.9175126667608299,
    "train_avg_precision": 0.811658556438269,
    "train_min_precision": 0.20595038489775327,
    "train_avg_recall": 0.876720406966692,
    "train_min_recall": 0.49896314579089207,
    "validation_loss": 0.49953077659010875,
    "validation_accuracy": 0.8297851562499999,
    "validation_avg_precision": 0.828957785890076,
    "validation_min_precision": 0.5398316627124647,
    "validation_avg_recall": 0.8314913454995294,
    "validation_min_recall": 0.4860880108317748
}