{
    "train_loss": 0.24521146296409138,
    "train_accuracy": 0.9147714386906545,
    "train_avg_precision": 0.7996952525257608,
    "train_min_precision": 0.1983500417710944,
    "train_avg_recall": 0.8641544166475609,
    "train_min_recall": 0.4399672448106693,
    "validation_loss": 0.502095913887024,
    "validation_accuracy": 0.8223632812500001,
    "validation_avg_precision": 0.8207307891557617,
    "validation_min_precision": 0.5614515678573577,
    "validation_avg_recall": 0.825198363298783,
    "validation_min_recall": 0.4357280650621264,
    "train_variance": 21.559053421020508,
    "validation_variance": 26.22576141357422
}