{
    "train_loss": 0.36127014693460974,
    "train_accuracy": 0.8742485255525821,
    "train_avg_precision": 0.7293852067750667,
    "train_min_precision": 0.07799461746830168,
    "train_avg_recall": 0.7616407766702348,
    "train_min_recall": 0.16827655153118906,
    "validation_loss": 0.6783886775374413,
    "validation_accuracy": 0.74658203125,
    "validation_avg_precision": 0.7578402171855054,
    "validation_min_precision": 0.34733400645607043,
    "validation_avg_recall": 0.7458891474300934,
    "validation_min_recall": 0.2953164577886929,
    "train_variance": 27.793027877807617,
    "validation_variance": 21.22809600830078
}