{
    "train_loss": 0.23243062224304467,
    "train_accuracy": 0.9146178354296773,
    "train_avg_precision": 0.8093011151219205,
    "train_min_precision": 0.17778298699351328,
    "train_avg_recall": 0.8725785324536154,
    "train_min_recall": 0.47074630207937296,
    "validation_loss": 0.5039530389010906,
    "validation_accuracy": 0.8283203125,
    "validation_avg_precision": 0.8315656398832979,
    "validation_min_precision": 0.5373771457424333,
    "validation_avg_recall": 0.8280715831806185,
    "validation_min_recall": 0.541437029833115,
    "train_variance": 23.64453125,
    "validation_variance": 36.149784088134766
}