{
    "train_loss": 0.24375580983203757,
    "train_accuracy": 0.9141664776885723,
    "train_avg_precision": 0.803872675293478,
    "train_min_precision": 0.18952431584010532,
    "train_avg_recall": 0.8468909436098103,
    "train_min_recall": 0.35388867830117776,
    "validation_loss": 0.517557416856289,
    "validation_accuracy": 0.8166015624999999,
    "validation_avg_precision": 0.8193117496111088,
    "validation_min_precision": 0.5436766216727508,
    "validation_avg_recall": 0.8171766621264919,
    "validation_min_recall": 0.4369509896226141,
    "train_variance": 20.175344467163086,
    "validation_variance": 23.330703735351562
}