{
    "train_loss": 0.28634164887562136,
    "train_accuracy": 0.8949542495242339,
    "train_avg_precision": 0.7782614155564931,
    "train_min_precision": 0.11748451067336514,
    "train_avg_recall": 0.8432302719848168,
    "train_min_recall": 0.35167053433015416,
    "validation_loss": 0.5429481577128172,
    "validation_accuracy": 0.8087890625000002,
    "validation_avg_precision": 0.8066650483486815,
    "validation_min_precision": 0.4952219444115659,
    "validation_avg_recall": 0.807954758229409,
    "validation_min_recall": 0.41641322797061536,
    "train_variance": 26.09117889404297,
    "validation_variance": 26.87984848022461
}