{
    "train_loss": 0.24200255018577232,
    "train_accuracy": 0.9090503056844079,
    "train_avg_precision": 0.8003237628933519,
    "train_min_precision": 0.15519030619649812,
    "train_avg_recall": 0.8758931227734748,
    "train_min_recall": 0.4754548594172168,
    "validation_loss": 0.5180918276309967,
    "validation_accuracy": 0.8234374999999999,
    "validation_avg_precision": 0.8227498272921606,
    "validation_min_precision": 0.5126674641659938,
    "validation_avg_recall": 0.8218446794465256,
    "validation_min_recall": 0.5254085828627227
}