{
    "train_loss": 0.2368177719283521,
    "train_accuracy": 0.9139774274407775,
    "train_avg_precision": 0.8077449365619691,
    "train_min_precision": 0.18133114305714923,
    "train_avg_recall": 0.8804382816035049,
    "train_min_recall": 0.4549142192890473,
    "validation_loss": 0.5314624905586243,
    "validation_accuracy": 0.8263671875,
    "validation_avg_precision": 0.8231719320417348,
    "validation_min_precision": 0.5401072795396885,
    "validation_avg_recall": 0.824265530367767,
    "validation_min_recall": 0.49033121203712454
}