{
    "train_loss": 0.21887328436500147,
    "train_accuracy": 0.9211447939538124,
    "train_avg_precision": 0.8215427465738439,
    "train_min_precision": 0.2695382962410826,
    "train_avg_recall": 0.8507441369281815,
    "train_min_recall": 0.3290381689793047,
    "validation_loss": 0.5653909455984832,
    "validation_accuracy": 0.8113281250000002,
    "validation_avg_precision": 0.8155600563442499,
    "validation_min_precision": 0.5405255048480224,
    "validation_avg_recall": 0.8128893805027115,
    "validation_min_recall": 0.25816469965872046,
    "train_variance": 23.586315155029297,
    "validation_variance": 30.33420753479004
}