{
    "train_loss": 0.2519177914711467,
    "train_accuracy": 0.9096032778422041,
    "train_avg_precision": 0.8001064037315273,
    "train_min_precision": 0.1690872723767461,
    "train_avg_recall": 0.8610057641668157,
    "train_min_recall": 0.44020172510599254,
    "validation_loss": 0.5365588091313839,
    "validation_accuracy": 0.812109375,
    "validation_avg_precision": 0.81489933441147,
    "validation_min_precision": 0.5269691815986869,
    "validation_avg_recall": 0.8136289596510229,
    "validation_min_recall": 0.4886184339932683,
    "train_variance": 19.8687686920166,
    "validation_variance": 24.434062957763672
}