{
    "train_loss": 0.24449402329168818,
    "train_accuracy": 0.9089179708246603,
    "train_avg_precision": 0.8003457270375056,
    "train_min_precision": 0.15795442374389745,
    "train_avg_recall": 0.8725554363904875,
    "train_min_recall": 0.4718479148605445,
    "validation_loss": 0.5146971128880977,
    "validation_accuracy": 0.8250000000000002,
    "validation_avg_precision": 0.8252475036445405,
    "validation_min_precision": 0.501892131010355,
    "validation_avg_recall": 0.8262746146214184,
    "validation_min_recall": 0.5215546287226492,
    "train_variance": 23.659618377685547,
    "validation_variance": 34.9357795715332
}