{
    "train_loss": 0.2970083274862222,
    "train_accuracy": 0.8944698091138874,
    "train_avg_precision": 0.7765188686518789,
    "train_min_precision": 0.11752892503666496,
    "train_avg_recall": 0.8370143732396111,
    "train_min_recall": 0.3580690679369589,
    "validation_loss": 0.5419894136488439,
    "validation_accuracy": 0.8057617187499996,
    "validation_avg_precision": 0.8059756874610242,
    "validation_min_precision": 0.5186969373016171,
    "validation_avg_recall": 0.8060278425729349,
    "validation_min_recall": 0.4288294803843951,
    "train_variance": 22.773420333862305,
    "validation_variance": 27.22334861755371
}