{
    "train_loss": 0.2191437607010205,
    "train_accuracy": 0.9196654756863917,
    "train_avg_precision": 0.8104570094900788,
    "train_min_precision": 0.20794069478280003,
    "train_avg_recall": 0.8789447655781385,
    "train_min_recall": 0.47023274976853924,
    "validation_loss": 0.5075039252638817,
    "validation_accuracy": 0.830078125,
    "validation_avg_precision": 0.8261231503307479,
    "validation_min_precision": 0.5375947039800435,
    "validation_avg_recall": 0.829139031936992,
    "validation_min_recall": 0.4673854364851741
}