{
    "train_loss": 0.2431266804536184,
    "train_accuracy": 0.909454401124988,
    "train_avg_precision": 0.7974840249470515,
    "train_min_precision": 0.157847392831913,
    "train_avg_recall": 0.8668387703384787,
    "train_min_recall": 0.42225227945903027,
    "validation_loss": 0.49209809862077236,
    "validation_accuracy": 0.8309570312499998,
    "validation_avg_precision": 0.8282753710692362,
    "validation_min_precision": 0.5147977183817728,
    "validation_avg_recall": 0.8282043119106349,
    "validation_min_recall": 0.4943779029110242
}