{
    "train_loss": 0.2372732003007019,
    "train_accuracy": 0.9109337193924087,
    "train_avg_precision": 0.8028097176720324,
    "train_min_precision": 0.15644350775929722,
    "train_avg_recall": 0.8685124498450236,
    "train_min_recall": 0.4282601673486214,
    "validation_loss": 0.49662145934998986,
    "validation_accuracy": 0.8291015624999999,
    "validation_avg_precision": 0.8290899068948117,
    "validation_min_precision": 0.5202425121741152,
    "validation_avg_recall": 0.8286701356059314,
    "validation_min_recall": 0.511537786897603,
    "train_variance": 22.97538185119629,
    "validation_variance": 34.486087799072266
}