{
    "train_loss": 0.22426425770186537,
    "train_accuracy": 0.9179522081425321,
    "train_avg_precision": 0.8128737670162569,
    "train_min_precision": 0.1925862636388952,
    "train_avg_recall": 0.8792531824586466,
    "train_min_recall": 0.4833535040196833,
    "validation_loss": 0.5050729990005492,
    "validation_accuracy": 0.8272460937500001,
    "validation_avg_precision": 0.8246798097947847,
    "validation_min_precision": 0.5472488605235224,
    "validation_avg_recall": 0.8256298530285437,
    "validation_min_recall": 0.4724497083069099
}