{
    "train_loss": 0.2225043018136108,
    "train_accuracy": 0.9187745765635846,
    "train_avg_precision": 0.8171678764411464,
    "train_min_precision": 0.22309449809449808,
    "train_avg_recall": 0.8899748278696532,
    "train_min_recall": 0.5255351588832086,
    "validation_loss": 0.5059115603566171,
    "validation_accuracy": 0.8314453125000001,
    "validation_avg_precision": 0.8279191575601007,
    "validation_min_precision": 0.5410512461705896,
    "validation_avg_recall": 0.8282662059278325,
    "validation_min_recall": 0.46284255834436683,
    "train_variance": 22.074569702148438,
    "validation_variance": 39.210994720458984
}