{
    "train_loss": 0.24617554822511836,
    "train_accuracy": 0.9088896136534845,
    "train_avg_precision": 0.8000491744470813,
    "train_min_precision": 0.16074743969480815,
    "train_avg_recall": 0.8714369472000661,
    "train_min_recall": 0.45324473269549925,
    "validation_loss": 0.4978966467082501,
    "validation_accuracy": 0.8271484374999999,
    "validation_avg_precision": 0.8272317106389107,
    "validation_min_precision": 0.5400483859415031,
    "validation_avg_recall": 0.8275928555608021,
    "validation_min_recall": 0.5026888609169002,
    "train_variance": 20.645715713500977,
    "validation_variance": 32.72300720214844
}