{
    "train_loss": 0.07015674014575778,
    "train_accuracy": 0.9809765625000004,
    "train_avg_precision": 0.9681738129955378,
    "train_min_precision": 0.7769171859257117,
    "train_avg_recall": 0.9815279687334784,
    "train_min_recall": 0.8755200330202026,
    "validation_loss": 0.3503717453796652,
    "validation_accuracy": 0.8895371835443036,
    "validation_avg_precision": 0.8948561510871648,
    "validation_min_precision": 0.6247898356158451,
    "validation_avg_recall": 0.8899125251036236,
    "validation_min_recall": 0.6349291289282275,
    "train_variance": 8.089531898498535,
    "validation_variance": 120.57439422607422
}