{
    "train_loss": 0.18655284699052577,
    "train_accuracy": 0.9370312499999999,
    "train_avg_precision": 0.905352810804594,
    "train_min_precision": 0.548972130739394,
    "train_avg_recall": 0.9298420137150876,
    "train_min_recall": 0.6700703486665289,
    "validation_loss": 0.3737382777506794,
    "validation_accuracy": 0.8736155063291137,
    "validation_avg_precision": 0.8807349864845572,
    "validation_min_precision": 0.5760137167939254,
    "validation_avg_recall": 0.8749196834415659,
    "validation_min_recall": 0.6094137413013064,
    "train_variance": 25.58224868774414,
    "validation_variance": 66.49943542480469
}