{
    "train_loss": 0.3077679024636746,
    "train_accuracy": 0.8895703124999995,
    "train_avg_precision": 0.8581407669007138,
    "train_min_precision": 0.40802717377539527,
    "train_avg_recall": 0.8856587440801237,
    "train_min_recall": 0.42322571127914393,
    "validation_loss": 0.44122837917714164,
    "validation_accuracy": 0.8475079113924051,
    "validation_avg_precision": 0.8548584832299746,
    "validation_min_precision": 0.5555302630878474,
    "validation_avg_recall": 0.8492974295426624,
    "validation_min_recall": 0.3836019156983997,
    "train_variance": 29.240684509277344,
    "validation_variance": 37.36050796508789
}