{
    "train_loss": 0.0860398840531707,
    "train_accuracy": 0.9743359375000005,
    "train_avg_precision": 0.9612924433172673,
    "train_min_precision": 0.7540374624267377,
    "train_avg_recall": 0.9728682933776419,
    "train_min_recall": 0.8280686122595392,
    "validation_loss": 0.3593529602394828,
    "validation_accuracy": 0.886867088607595,
    "validation_avg_precision": 0.892486523845658,
    "validation_min_precision": 0.6194508504664482,
    "validation_avg_recall": 0.8871926071512365,
    "validation_min_recall": 0.6271528475226013,
    "train_variance": 10.4827299118042,
    "validation_variance": 100.19596099853516
}