{
    "train_loss": 0.09032796526327737,
    "train_accuracy": 0.9733593749999997,
    "train_avg_precision": 0.9667596539937647,
    "train_min_precision": 0.8164096123699884,
    "train_avg_recall": 0.9726262066840786,
    "train_min_recall": 0.8365811848335639,
    "validation_loss": 0.37077670799025997,
    "validation_accuracy": 0.879647943037974,
    "validation_avg_precision": 0.8922803679268348,
    "validation_min_precision": 0.5827011629725977,
    "validation_avg_recall": 0.8794571209375663,
    "validation_min_recall": 0.5866025769678235,
    "train_variance": 12.141429901123047,
    "validation_variance": 88.99209594726562
}