{
    "train_loss": 0.05536203844472764,
    "train_accuracy": 0.9876953125000001,
    "train_avg_precision": 0.9828587851631319,
    "train_min_precision": 0.8763098395347272,
    "train_avg_recall": 0.9892715924071334,
    "train_min_recall": 0.9278071153353651,
    "validation_loss": 0.36302805946597577,
    "validation_accuracy": 0.8895371835443038,
    "validation_avg_precision": 0.8948465468438274,
    "validation_min_precision": 0.6144068660217695,
    "validation_avg_recall": 0.8876673058131305,
    "validation_min_recall": 0.6133231987495812,
    "train_variance": 5.917958736419678,
    "validation_variance": 106.75471496582031
}