{
    "train_loss": 0.09562057041563096,
    "train_accuracy": 0.9718359375000003,
    "train_avg_precision": 0.9636233842951526,
    "train_min_precision": 0.8008509537747538,
    "train_avg_recall": 0.9723576772614236,
    "train_min_recall": 0.8487939539475436,
    "validation_loss": 0.36256923762303356,
    "validation_accuracy": 0.8821202531645567,
    "validation_avg_precision": 0.8926837048970278,
    "validation_min_precision": 0.600640594058354,
    "validation_avg_recall": 0.8820120428230814,
    "validation_min_recall": 0.6150907150005793,
    "train_variance": 14.584089279174805,
    "validation_variance": 101.11592864990234
}