{
    "train_loss": 0.04966737930662928,
    "train_accuracy": 0.9892968750000009,
    "train_avg_precision": 0.9806554701455811,
    "train_min_precision": 0.845336847227756,
    "train_avg_recall": 0.9874254296450756,
    "train_min_recall": 0.9027648084314448,
    "validation_loss": 0.3620590373307843,
    "validation_accuracy": 0.8907238924050636,
    "validation_avg_precision": 0.8965823234434612,
    "validation_min_precision": 0.6246317734028186,
    "validation_avg_recall": 0.8893372596176844,
    "validation_min_recall": 0.6331164169551322,
    "train_variance": 5.028441429138184,
    "validation_variance": 123.37874603271484
}