{
    "train_loss": 0.04561579503118991,
    "train_accuracy": 0.9907421875000006,
    "train_avg_precision": 0.9864871156818832,
    "train_min_precision": 0.8934512865019071,
    "train_avg_recall": 0.9923311897593221,
    "train_min_recall": 0.9425470327512746,
    "validation_loss": 0.3707277246668368,
    "validation_accuracy": 0.8886471518987338,
    "validation_avg_precision": 0.897480590684989,
    "validation_min_precision": 0.5981801933276982,
    "validation_avg_recall": 0.8888645339993076,
    "validation_min_recall": 0.6225705732676579,
    "train_variance": 5.226130485534668,
    "validation_variance": 124.77674865722656
}