{
    "train_loss": 0.03731320243328811,
    "train_accuracy": 0.9945703125000012,
    "train_avg_precision": 0.9912979974143553,
    "train_min_precision": 0.9248275230099994,
    "train_avg_recall": 0.9933437754560395,
    "train_min_recall": 0.9420237046425074,
    "validation_loss": 0.3688511082643194,
    "validation_accuracy": 0.888943829113924,
    "validation_avg_precision": 0.8967062181799051,
    "validation_min_precision": 0.6121941369695642,
    "validation_avg_recall": 0.8881601172457757,
    "validation_min_recall": 0.6289780556538996,
    "train_variance": 3.4880075454711914,
    "validation_variance": 115.66699981689453
}