{
    "train_loss": 0.04639206023886798,
    "train_accuracy": 0.9913671875000006,
    "train_avg_precision": 0.9887257229050939,
    "train_min_precision": 0.9150291002361863,
    "train_avg_recall": 0.9929838528649844,
    "train_min_recall": 0.9506749336929398,
    "validation_loss": 0.37044516488721085,
    "validation_accuracy": 0.8862737341772147,
    "validation_avg_precision": 0.8929506808919969,
    "validation_min_precision": 0.6099515773489007,
    "validation_avg_recall": 0.8842108343879028,
    "validation_min_recall": 0.5982233998208643,
    "train_variance": 4.727381229400635,
    "validation_variance": 89.84329986572266
}