{
    "train_loss": 0.13203793721273538,
    "train_accuracy": 0.9565234374999996,
    "train_avg_precision": 0.939696337887044,
    "train_min_precision": 0.6973965436563059,
    "train_avg_recall": 0.9526088257039959,
    "train_min_recall": 0.7695898806511864,
    "validation_loss": 0.3766564634404604,
    "validation_accuracy": 0.8734177215189873,
    "validation_avg_precision": 0.8807111245875551,
    "validation_min_precision": 0.5825061903670796,
    "validation_avg_recall": 0.8748511208955342,
    "validation_min_recall": 0.604848933229425,
    "train_variance": 23.460969924926758,
    "validation_variance": 113.7114028930664
}