{
    "train_loss": 0.045900694727897665,
    "train_accuracy": 0.9902734375000004,
    "train_avg_precision": 0.9852769040912581,
    "train_min_precision": 0.8861020531459491,
    "train_avg_recall": 0.9900874452675559,
    "train_min_recall": 0.9228076624559284,
    "validation_loss": 0.36133088171482075,
    "validation_accuracy": 0.8896360759493671,
    "validation_avg_precision": 0.8957191551689295,
    "validation_min_precision": 0.6158389415859927,
    "validation_avg_recall": 0.8886034396699347,
    "validation_min_recall": 0.6320570159550057,
    "train_variance": 4.886629581451416,
    "validation_variance": 128.1809539794922
}