{
    "train_loss": 0.054284018995240324,
    "train_accuracy": 0.9876953125000011,
    "train_avg_precision": 0.9801046014568204,
    "train_min_precision": 0.8472424569119287,
    "train_avg_recall": 0.987829705279457,
    "train_min_recall": 0.9117093546307277,
    "validation_loss": 0.35838347013238103,
    "validation_accuracy": 0.8896360759493668,
    "validation_avg_precision": 0.8961110565874988,
    "validation_min_precision": 0.6201963238623583,
    "validation_avg_recall": 0.8892753711934066,
    "validation_min_recall": 0.6221529544358442,
    "train_variance": 5.765687465667725,
    "validation_variance": 99.56327056884766
}