{
    "train_loss": 0.2872055038064718,
    "train_accuracy": 0.9003124999999997,
    "train_avg_precision": 0.863754688761227,
    "train_min_precision": 0.3444233810779864,
    "train_avg_recall": 0.8835163257039749,
    "train_min_recall": 0.5588773392221891,
    "validation_loss": 0.439390782502633,
    "validation_accuracy": 0.8511669303797467,
    "validation_avg_precision": 0.8622019603122959,
    "validation_min_precision": 0.536859292021047,
    "validation_avg_recall": 0.8526452501263859,
    "validation_min_recall": 0.5627453235961674,
    "train_variance": 37.59502410888672,
    "validation_variance": 58.813682556152344
}