{
    "train_loss": 0.17654030527919531,
    "train_accuracy": 0.9361718749999991,
    "train_avg_precision": 0.9206617794203285,
    "train_min_precision": 0.6317673199432943,
    "train_avg_recall": 0.9228314437672566,
    "train_min_recall": 0.6421275234922338,
    "validation_loss": 0.4165656955181798,
    "validation_accuracy": 0.8571993670886071,
    "validation_avg_precision": 0.8798942008967928,
    "validation_min_precision": 0.5124005858090084,
    "validation_avg_recall": 0.8574625286217791,
    "validation_min_recall": 0.5444590455896645,
    "train_variance": 27.093395233154297,
    "validation_variance": 47.69069290161133
}