{
    "train_loss": 0.025865159729538963,
    "train_accuracy": 0.9995639534883698,
    "train_avg_precision": 0.9990140492769386,
    "train_min_precision": 0.9902090073728067,
    "train_avg_recall": 0.9992822005336687,
    "train_min_recall": 0.9930522144041272,
    "validation_loss": 1.3889632292940648,
    "validation_accuracy": 0.6328125,
    "validation_avg_precision": 0.6494478606421549,
    "validation_min_precision": 0.3770878134629242,
    "validation_avg_recall": 0.6308910275336579,
    "validation_min_recall": 0.255195410938641,
    "train_variance": 1.6714673042297363,
    "validation_variance": 686.4041748046875
}