{
    "train_loss": 0.2761563874261322,
    "train_accuracy": 0.9225640612979268,
    "train_avg_precision": 0.9026312340912648,
    "train_min_precision": 0.640918796416116,
    "train_avg_recall": 0.9350091949118995,
    "train_min_recall": 0.7453928867097218,
    "validation_loss": 1.2827031974551042,
    "validation_accuracy": 0.6137262658227849,
    "validation_avg_precision": 0.6328602532118528,
    "validation_min_precision": 0.32961738072028995,
    "validation_avg_recall": 0.6141590198108128,
    "validation_min_recall": 0.27608703776356724,
    "train_variance": 44.84003448486328,
    "validation_variance": 428.3101501464844
}