{
    "train_accuracy": 1.0,
    "train_avg_precision": 1.0,
    "train_min_precision": 1.0,
    "train_avg_recall": 1.0,
    "train_min_recall": 1.0,
    "train_loss": 0.024992942810058594,
    "validation_accuracy": 0.75,
    "validation_avg_precision": 0.7708333333333333,
    "validation_min_precision": 0.0,
    "validation_avg_recall": 0.7083333333333333,
    "validation_min_recall": 0.0,
    "validation_loss": 0.9023179411888123,
    "train_variance": 2.0343191623687744,
    "validation_variance": 674.0789794921875
}