{
    "train_loss": 0.030567812382481817,
    "train_accuracy": 0.9984738372093008,
    "train_avg_precision": 0.9974541747368268,
    "train_min_precision": 0.9758447145993566,
    "train_avg_recall": 0.998116913560141,
    "train_min_recall": 0.9824151804352699,
    "validation_loss": 1.3905800467805018,
    "validation_accuracy": 0.6368670886075947,
    "validation_avg_precision": 0.6516351040265892,
    "validation_min_precision": 0.3880391315890202,
    "validation_avg_recall": 0.635054612446841,
    "validation_min_recall": 0.26640167249809854,
    "train_variance": 2.666950225830078,
    "validation_variance": 821.1552124023438
}