{
    "train_accuracy": 1.0,
    "train_avg_precision": 1.0,
    "train_min_precision": 1.0,
    "train_avg_recall": 1.0,
    "train_min_recall": 1.0,
    "train_loss": 0.02462656795978546,
    "validation_accuracy": 0.8125,
    "validation_avg_precision": 0.6666666666666667,
    "validation_min_precision": 0.0,
    "validation_avg_recall": 0.6666666666666667,
    "validation_min_recall": 0.0,
    "validation_loss": 0.6739533543586731,
    "train_variance": 1.6923404932022095,
    "validation_variance": 704.8641967773438
}