{
    "train_loss": 0.026475117502864017,
    "train_accuracy": 0.9995276162790675,
    "train_avg_precision": 0.999379786500167,
    "train_min_precision": 0.993797865001693,
    "train_avg_recall": 0.9997029242098373,
    "train_min_recall": 0.9970292420983952,
    "validation_loss": 1.3975571175164814,
    "validation_accuracy": 0.6327136075949368,
    "validation_avg_precision": 0.6544480749346593,
    "validation_min_precision": 0.3941510293261087,
    "validation_avg_recall": 0.6337807160105253,
    "validation_min_recall": 0.2861219351118244,
    "train_variance": 1.7830810546875,
    "validation_variance": 679.5384521484375
}