{
    "train_loss": 0.16421348674352793,
    "train_accuracy": 0.9630342916000721,
    "train_avg_precision": 0.96121955457958,
    "train_min_precision": 0.8125825378744388,
    "train_avg_recall": 0.9683364349806866,
    "train_min_recall": 0.8544055834608537,
    "validation_loss": 1.3668219288693193,
    "validation_accuracy": 0.6068037974683541,
    "validation_avg_precision": 0.6282245622620872,
    "validation_min_precision": 0.3221463509761508,
    "validation_avg_recall": 0.6035511849963296,
    "validation_min_recall": 0.22829854744411726,
    "train_variance": 33.06785202026367,
    "validation_variance": 527.1123046875
}