{
    "train_loss": 0.029033407655566234,
    "train_accuracy": 0.9990188953488354,
    "train_avg_precision": 0.9986582358342282,
    "train_min_precision": 0.9870196244093926,
    "train_avg_recall": 0.9994195909686682,
    "train_min_recall": 0.9942929104691377,
    "validation_loss": 1.3798396172402778,
    "validation_accuracy": 0.6325158227848102,
    "validation_avg_precision": 0.6489768681359956,
    "validation_min_precision": 0.3599794594440322,
    "validation_avg_recall": 0.6320340180061346,
    "validation_min_recall": 0.2662743447305701,
    "train_variance": 2.0572237968444824,
    "validation_variance": 674.604736328125
}