{
    "train_accuracy": 0.8796296119689941,
    "train_avg_precision": 0.8916340181557573,
    "train_min_precision": 0.7142857142857143,
    "train_avg_recall": 0.8666857779901259,
    "train_min_recall": 0.5714285714285714,
    "train_loss": 0.41216766834259033,
    "validation_accuracy": 0.5625,
    "validation_avg_precision": 0.31,
    "validation_min_precision": 0.0,
    "validation_avg_recall": 0.375,
    "validation_min_recall": 0.0,
    "validation_loss": 1.2071424722671509,
    "train_variance": 81.29658508300781,
    "validation_variance": 255.80091857910156
}