{
    "train_accuracy": 0.9907407760620117,
    "train_avg_precision": 0.98989898989899,
    "train_min_precision": 0.9090909090909091,
    "train_avg_recall": 0.9920634920634921,
    "train_min_recall": 0.9285714285714286,
    "train_loss": 0.05487566441297531,
    "validation_accuracy": 0.6875,
    "validation_avg_precision": 0.5925925925925926,
    "validation_min_precision": 0.0,
    "validation_avg_recall": 0.6481481481481481,
    "validation_min_recall": 0.0,
    "validation_loss": 1.2710858583450317,
    "train_variance": 11.073643684387207,
    "validation_variance": 525.460205078125
}