{
    "train_accuracy": 0.944444477558136,
    "train_avg_precision": 0.9632936507936508,
    "train_min_precision": 0.7619047619047619,
    "train_avg_recall": 0.9613970588235294,
    "train_min_recall": 0.85,
    "train_loss": 0.14900463819503784,
    "validation_accuracy": 0.375,
    "validation_avg_precision": 0.28333333333333327,
    "validation_min_precision": 0.0,
    "validation_avg_recall": 0.3,
    "validation_min_recall": 0.0,
    "validation_loss": 2.1074304580688477,
    "train_variance": 22.827505111694336,
    "validation_variance": 448.4400329589844
}