{
    "train_loss": 1.0637369377668515,
    "train_accuracy": 0.6338285961816484,
    "train_avg_precision": 0.6083512030941731,
    "train_min_precision": 0.19047634313158815,
    "train_avg_recall": 0.6411023883039478,
    "train_min_recall": 0.2555684888221676,
    "validation_loss": 1.3587260050109675,
    "validation_accuracy": 0.5188884493670887,
    "validation_avg_precision": 0.5448492527376583,
    "validation_min_precision": 0.22584124812858525,
    "validation_avg_recall": 0.5173585896030608,
    "validation_min_recall": 0.1823926724257876,
    "train_variance": 93.49983978271484,
    "validation_variance": 150.69114685058594
}