{
    "train_loss": 0.06276205490494882,
    "train_accuracy": 0.9938886198886607,
    "train_avg_precision": 0.9927807425402116,
    "train_min_precision": 0.9407267823540918,
    "train_avg_recall": 0.995114702960725,
    "train_min_recall": 0.9612933675868306,
    "validation_loss": 1.347597768789606,
    "validation_accuracy": 0.6253955696202533,
    "validation_avg_precision": 0.6431359512322493,
    "validation_min_precision": 0.35522398209185463,
    "validation_avg_recall": 0.6261158896513171,
    "validation_min_recall": 0.2560658670056327,
    "train_variance": 7.5314788818359375,
    "validation_variance": 562.6410522460938
}