{
    "train_loss": 0.5049931994704316,
    "train_accuracy": 0.8309606482816302,
    "train_avg_precision": 0.8220092044148021,
    "train_min_precision": 0.517850451142445,
    "train_avg_recall": 0.8271549670838866,
    "train_min_recall": 0.4757341097071944,
    "validation_loss": 1.364342242856569,
    "validation_accuracy": 0.5789161392405066,
    "validation_avg_precision": 0.5962446551605403,
    "validation_min_precision": 0.31888605179882873,
    "validation_avg_recall": 0.5772319912201126,
    "validation_min_recall": 0.15981589419885467,
    "train_variance": 90.61304473876953,
    "validation_variance": 262.1587219238281
}