{
    "train_loss": 0.12668104234129887,
    "train_accuracy": 0.9742665268654049,
    "train_avg_precision": 0.9718120597863813,
    "train_min_precision": 0.8428644986653868,
    "train_avg_recall": 0.9794527324517086,
    "train_min_recall": 0.8874341679606417,
    "validation_loss": 1.4019338149058667,
    "validation_accuracy": 0.6071993670886076,
    "validation_avg_precision": 0.6390800961585471,
    "validation_min_precision": 0.3370585341759616,
    "validation_avg_recall": 0.606861329362319,
    "validation_min_recall": 0.24174178559049436,
    "train_variance": 24.107404708862305,
    "validation_variance": 611.8092041015625
}