{
    "train_loss": 0.39388031287248754,
    "train_accuracy": 0.8743378553279607,
    "train_avg_precision": 0.8717084878269089,
    "train_min_precision": 0.5942087541598963,
    "train_avg_recall": 0.8783091670974067,
    "train_min_recall": 0.6423198172768152,
    "validation_loss": 1.3966699499118176,
    "validation_accuracy": 0.5787183544303798,
    "validation_avg_precision": 0.6246774326108758,
    "validation_min_precision": 0.3058291236940361,
    "validation_avg_recall": 0.5788059465990185,
    "validation_min_recall": 0.2241597537483614,
    "train_variance": 90.02022552490234,
    "validation_variance": 386.9143371582031
}