{
    "train_loss": 0.7565222055412997,
    "train_accuracy": 0.7464551032975666,
    "train_avg_precision": 0.7139712143843618,
    "train_min_precision": 0.3007914067315437,
    "train_avg_recall": 0.7452267877832482,
    "train_min_recall": 0.3784842475097669,
    "validation_loss": 1.2918585010721715,
    "validation_accuracy": 0.5638844936708866,
    "validation_avg_precision": 0.5847138467746991,
    "validation_min_precision": 0.2853860405560383,
    "validation_avg_recall": 0.5649906656082995,
    "validation_min_recall": 0.2202996937855072,
    "train_variance": 82.3658676147461,
    "validation_variance": 186.16334533691406
}