{
    "train_loss": 0.025127954113968603,
    "train_accuracy": 0.9995639534883698,
    "train_avg_precision": 0.999443963443961,
    "train_min_precision": 0.9944719341812341,
    "train_avg_recall": 0.9997296400036221,
    "train_min_recall": 0.9975568585586353,
    "validation_loss": 1.4013799851453759,
    "validation_accuracy": 0.6339003164556964,
    "validation_avg_precision": 0.6510012087312945,
    "validation_min_precision": 0.3757019929424602,
    "validation_avg_recall": 0.6345648251965609,
    "validation_min_recall": 0.2606358804398347,
    "train_variance": 1.574721336364746,
    "validation_variance": 718.1040649414062
}