{
    "train_loss": 0.5995573750762049,
    "train_accuracy": 0.8009097761886069,
    "train_avg_precision": 0.7827636156976087,
    "train_min_precision": 0.46032110179405195,
    "train_avg_recall": 0.8178198134079976,
    "train_min_recall": 0.5233935475351392,
    "validation_loss": 1.28498780274693,
    "validation_accuracy": 0.5835640822784812,
    "validation_avg_precision": 0.5960710506912493,
    "validation_min_precision": 0.3065381078134522,
    "validation_avg_recall": 0.5824957654753338,
    "validation_min_recall": 0.24217914199250182,
    "train_variance": 90.94523620605469,
    "validation_variance": 290.5494384765625
}