{
    "train_loss": 0.044062800194288404,
    "train_accuracy": 0.9963662790697672,
    "train_avg_precision": 0.9949200463113033,
    "train_min_precision": 0.9531170203299324,
    "train_avg_recall": 0.9971752535191399,
    "train_min_recall": 0.9739855431192941,
    "validation_loss": 1.3784458410890796,
    "validation_accuracy": 0.628065664556962,
    "validation_avg_precision": 0.6475893928045413,
    "validation_min_precision": 0.37933553770016604,
    "validation_avg_recall": 0.6262868051758448,
    "validation_min_recall": 0.2620460924361266,
    "train_variance": 4.617184638977051,
    "validation_variance": 608.7533569335938
}