{
    "train_loss": 0.031122782869740972,
    "train_accuracy": 0.9984738372093008,
    "train_avg_precision": 0.998468539342849,
    "train_min_precision": 0.985230847973963,
    "train_avg_recall": 0.9990326861667387,
    "train_min_recall": 0.9909667398334042,
    "validation_loss": 1.4060586223119425,
    "validation_accuracy": 0.6341969936708863,
    "validation_avg_precision": 0.6556128918161489,
    "validation_min_precision": 0.39252178497348417,
    "validation_avg_recall": 0.6334004174552655,
    "validation_min_recall": 0.2873339739269913,
    "train_variance": 2.7997941970825195,
    "validation_variance": 808.5289916992188
}