{
    "train_loss": 0.04646598101528575,
    "train_accuracy": 0.9955830102743102,
    "train_avg_precision": 0.9954238126914686,
    "train_min_precision": 0.9612786262673023,
    "train_avg_recall": 0.9971794957572151,
    "train_min_recall": 0.9765543025638546,
    "validation_loss": 1.3949995553946193,
    "validation_accuracy": 0.6277689873417726,
    "validation_avg_precision": 0.6477441847429548,
    "validation_min_precision": 0.35855134333897876,
    "validation_avg_recall": 0.6233706035715968,
    "validation_min_recall": 0.25827847643206037,
    "train_variance": 5.296979904174805,
    "validation_variance": 751.4837036132812
}