{
    "train_accuracy": 0.8611111044883728,
    "train_avg_precision": 0.8871770647653001,
    "train_min_precision": 0.5882352941176471,
    "train_avg_recall": 0.864387104123946,
    "train_min_recall": 0.6666666666666666,
    "train_loss": 0.38665542006492615,
    "validation_accuracy": 0.625,
    "validation_avg_precision": 0.6018518518518519,
    "validation_min_precision": 0.0,
    "validation_avg_recall": 0.6481481481481481,
    "validation_min_recall": 0.0,
    "validation_loss": 1.8153793811798096,
    "train_variance": 69.74412536621094,
    "validation_variance": 343.63616943359375
}