{
    "train_accuracy": 0.6388888955116272,
    "train_avg_precision": 0.5937493354598617,
    "train_min_precision": 0.0,
    "train_avg_recall": 0.584299426064132,
    "train_min_recall": 0.0,
    "train_loss": 1.0483427047729492,
    "validation_accuracy": 0.25,
    "validation_avg_precision": 0.14814814814814814,
    "validation_min_precision": 0.0,
    "validation_avg_recall": 0.24074074074074076,
    "validation_min_recall": 0.0,
    "validation_loss": 2.034029006958008,
    "train_variance": 90.81281280517578,
    "validation_variance": 128.5796661376953
}