{
    "train_loss": 0.3401498424452406,
    "train_accuracy": 0.8967013888580864,
    "train_avg_precision": 0.9031216857397081,
    "train_min_precision": 0.6727698902588952,
    "train_avg_recall": 0.9036899654064586,
    "train_min_recall": 0.6965854323073771,
    "validation_loss": 1.4485195030139975,
    "validation_accuracy": 0.5698180379746834,
    "validation_avg_precision": 0.6304096421589465,
    "validation_min_precision": 0.3137323291438945,
    "validation_avg_recall": 0.5707609102733056,
    "validation_min_recall": 0.20005561571233485,
    "train_variance": 71.85968017578125,
    "validation_variance": 337.86444091796875
}