{
    "train_loss": 0.08017029873160429,
    "train_accuracy": 0.9880746664002897,
    "train_avg_precision": 0.9861985740075512,
    "train_min_precision": 0.9036130617054162,
    "train_avg_recall": 0.9911390801979776,
    "train_min_recall": 0.9445346466103683,
    "validation_loss": 1.3263407568388343,
    "validation_accuracy": 0.6324169303797468,
    "validation_avg_precision": 0.6447195857446131,
    "validation_min_precision": 0.36183165259320377,
    "validation_avg_recall": 0.6332001309130968,
    "validation_min_recall": 0.2684278284255751,
    "train_variance": 12.168170928955078,
    "validation_variance": 649.2987670898438
}