{
    "train_loss": 0.03976488382837105,
    "train_accuracy": 0.9969342162442756,
    "train_avg_precision": 0.9965632147884563,
    "train_min_precision": 0.9683830544524185,
    "train_avg_recall": 0.9980305343749625,
    "train_min_recall": 0.982148635181871,
    "validation_loss": 1.3732789211635346,
    "validation_accuracy": 0.6381526898734179,
    "validation_avg_precision": 0.6582478567651132,
    "validation_min_precision": 0.3810807882598259,
    "validation_avg_recall": 0.6391827823353909,
    "validation_min_recall": 0.27708629337971513,
    "train_variance": 4.122849941253662,
    "validation_variance": 747.1461791992188
}