{
    "train_loss": 1.1085848808288572,
    "train_accuracy": 0.6139817506767985,
    "train_avg_precision": 0.5876831028394274,
    "train_min_precision": 0.18055320078917902,
    "train_avg_recall": 0.6162260432132547,
    "train_min_recall": 0.19854749999071775,
    "validation_loss": 1.4219795993611783,
    "validation_accuracy": 0.503065664556962,
    "validation_avg_precision": 0.5250040670101858,
    "validation_min_precision": 0.2203204000876653,
    "validation_avg_recall": 0.5030609772552527,
    "validation_min_recall": 0.1314287850649799,
    "train_variance": 89.9970703125,
    "validation_variance": 130.028076171875
}