{
    "train_accuracy": 0.9907407760620117,
    "train_avg_precision": 0.9949999999999999,
    "train_min_precision": 0.95,
    "train_avg_recall": 0.9952380952380953,
    "train_min_recall": 0.9523809523809523,
    "train_loss": 0.06147334724664688,
    "validation_accuracy": 0.6875,
    "validation_avg_precision": 0.6944444444444444,
    "validation_min_precision": 0.0,
    "validation_avg_recall": 0.7592592592592593,
    "validation_min_recall": 0.0,
    "validation_loss": 0.9792212247848511,
    "train_variance": 2.493957996368408,
    "validation_variance": 641.5572509765625
}