{
    "train_loss": 0.034646570673862176,
    "train_accuracy": 0.9979287790697662,
    "train_avg_precision": 0.9972440946049296,
    "train_min_precision": 0.974132267458588,
    "train_avg_recall": 0.9982664718006928,
    "train_min_recall": 0.9833643588167479,
    "validation_loss": 1.400209223167806,
    "validation_accuracy": 0.634196993670886,
    "validation_avg_precision": 0.6540935501877633,
    "validation_min_precision": 0.36945533079975,
    "validation_avg_recall": 0.6329111340482483,
    "validation_min_recall": 0.2703371530060601,
    "train_variance": 3.2316036224365234,
    "validation_variance": 785.4107666015625
}