{
    "train_loss": 0.08124358567387563,
    "train_accuracy": 0.9889171511627917,
    "train_avg_precision": 0.9885925860742577,
    "train_min_precision": 0.9193797482381767,
    "train_avg_recall": 0.9918227510313518,
    "train_min_recall": 0.9450179422843112,
    "validation_loss": 1.410063468957249,
    "validation_accuracy": 0.6107594936708863,
    "validation_avg_precision": 0.6411591423890294,
    "validation_min_precision": 0.34250159738477837,
    "validation_avg_recall": 0.611570213138266,
    "validation_min_recall": 0.2256795045666191,
    "train_variance": 11.611059188842773,
    "validation_variance": 522.360107421875
}