{
    "train_accuracy": 1.0,
    "train_avg_precision": 1.0,
    "train_min_precision": 1.0,
    "train_avg_recall": 1.0,
    "train_min_recall": 1.0,
    "train_loss": 0.035659078508615494,
    "validation_accuracy": 0.75,
    "validation_avg_precision": 0.7185185185185186,
    "validation_min_precision": 0.0,
    "validation_avg_recall": 0.6666666666666667,
    "validation_min_recall": 0.0,
    "validation_loss": 1.1006730794906616,
    "train_variance": 4.540431022644043,
    "validation_variance": 615.1879272460938
}