{
    "train_loss": 0.05079482234083119,
    "train_accuracy": 0.9891406250000007,
    "train_avg_precision": 0.9836249973642306,
    "train_min_precision": 0.8743102237385317,
    "train_avg_recall": 0.9906221323344028,
    "train_min_recall": 0.9297619739717,
    "validation_loss": 0.3706294852721539,
    "validation_accuracy": 0.8877571202531644,
    "validation_avg_precision": 0.8950636729405588,
    "validation_min_precision": 0.6218461638338584,
    "validation_avg_recall": 0.8878834602463455,
    "validation_min_recall": 0.6265655267820495,
    "train_variance": 5.798212051391602,
    "validation_variance": 142.65350341796875
}