{
    "train_loss": 0.042011829190887515,
    "train_accuracy": 0.9926171875000007,
    "train_avg_precision": 0.9894481472405497,
    "train_min_precision": 0.9122042957160625,
    "train_avg_recall": 0.9934221545284643,
    "train_min_recall": 0.9478928621547175,
    "validation_loss": 0.3747165188004698,
    "validation_accuracy": 0.8855814873417722,
    "validation_avg_precision": 0.8941868000420162,
    "validation_min_precision": 0.6172058327841731,
    "validation_avg_recall": 0.8859986996224116,
    "validation_min_recall": 0.6213919435560892,
    "train_variance": 3.625310182571411,
    "validation_variance": 82.39212799072266
}