{
    "train_loss": 0.06958320642821487,
    "train_accuracy": 0.9815234375000005,
    "train_avg_precision": 0.9734327215658961,
    "train_min_precision": 0.8110843511484532,
    "train_avg_recall": 0.9820306891961551,
    "train_min_recall": 0.8806193942572308,
    "validation_loss": 0.3953088810549507,
    "validation_accuracy": 0.8783623417721518,
    "validation_avg_precision": 0.8875214581481823,
    "validation_min_precision": 0.5978260943657838,
    "validation_avg_recall": 0.87581417791578,
    "validation_min_recall": 0.6066055621666888,
    "train_variance": 8.501490592956543,
    "validation_variance": 83.30903625488281
}