{
    "train_loss": 0.050195658430457084,
    "train_accuracy": 0.990117187500001,
    "train_avg_precision": 0.9867991444412535,
    "train_min_precision": 0.8984117495331615,
    "train_avg_recall": 0.9910451280253852,
    "train_min_recall": 0.9326806387628892,
    "validation_loss": 0.3679703202428699,
    "validation_accuracy": 0.8864715189873416,
    "validation_avg_precision": 0.8958928254891934,
    "validation_min_precision": 0.6163435245681098,
    "validation_avg_recall": 0.8876551299106676,
    "validation_min_recall": 0.6379817060402553,
    "train_variance": 5.310586452484131,
    "validation_variance": 89.0425796508789
}