{
    "train_loss": 0.08188544606789948,
    "train_accuracy": 0.9763281250000007,
    "train_avg_precision": 0.971602493525192,
    "train_min_precision": 0.8285909758760629,
    "train_avg_recall": 0.9751357859146128,
    "train_min_recall": 0.8519438397062882,
    "validation_loss": 0.4024439186235017,
    "validation_accuracy": 0.8725276898734173,
    "validation_avg_precision": 0.892476811723642,
    "validation_min_precision": 0.5516776680689199,
    "validation_avg_recall": 0.8733953025528347,
    "validation_min_recall": 0.5599423607335001,
    "train_variance": 18.58723258972168,
    "validation_variance": 129.6605682373047
}