{
    "train_loss": 0.038160275295376786,
    "train_accuracy": 0.9934375000000012,
    "train_avg_precision": 0.9905140994627847,
    "train_min_precision": 0.9200770529473498,
    "train_avg_recall": 0.9928351315572244,
    "train_min_recall": 0.9407416304783388,
    "validation_loss": 0.3814412774164464,
    "validation_accuracy": 0.8864715189873416,
    "validation_avg_precision": 0.8957589145123062,
    "validation_min_precision": 0.6077482165868341,
    "validation_avg_recall": 0.8854470189840727,
    "validation_min_recall": 0.6088766428691775,
    "train_variance": 3.404270648956299,
    "validation_variance": 93.68230438232422
}