{
    "train_loss": 0.04329701614566147,
    "train_accuracy": 0.9922656250000013,
    "train_avg_precision": 0.9900887730453289,
    "train_min_precision": 0.9204108366017606,
    "train_avg_recall": 0.994046549827147,
    "train_min_recall": 0.9550937456434951,
    "validation_loss": 0.3834333406596246,
    "validation_accuracy": 0.8835047468354427,
    "validation_avg_precision": 0.8915156120684642,
    "validation_min_precision": 0.591963933355163,
    "validation_avg_recall": 0.8841116037254885,
    "validation_min_recall": 0.5983175989686357,
    "train_variance": 4.11769437789917,
    "validation_variance": 90.22559356689453
}