{
    "train_loss": 0.2783082604408264,
    "train_accuracy": 0.9053906249999992,
    "train_avg_precision": 0.893748992584569,
    "train_min_precision": 0.5577050134334189,
    "train_avg_recall": 0.8680445703665328,
    "train_min_recall": 0.48938759585115077,
    "validation_loss": 0.5335364839698694,
    "validation_accuracy": 0.8164556962025316,
    "validation_avg_precision": 0.8612658580069318,
    "validation_min_precision": 0.4325873614601155,
    "validation_avg_recall": 0.8182877650064336,
    "validation_min_recall": 0.43654671732668765,
    "train_variance": 66.75243377685547,
    "validation_variance": 78.99002838134766
}