{
    "train_loss": 0.05269024832174181,
    "train_accuracy": 0.9886718750000003,
    "train_avg_precision": 0.9842502363779846,
    "train_min_precision": 0.8834329179652725,
    "train_avg_recall": 0.9906034111951343,
    "train_min_recall": 0.9339079873263945,
    "validation_loss": 0.37891420439074314,
    "validation_accuracy": 0.8841969936708854,
    "validation_avg_precision": 0.890304326731014,
    "validation_min_precision": 0.5944353029869548,
    "validation_avg_recall": 0.8850137979093184,
    "validation_min_recall": 0.6118837471068338,
    "train_variance": 5.932535648345947,
    "validation_variance": 142.22486877441406
}