{
    "train_loss": 0.11288155801594257,
    "train_accuracy": 0.9644531249999998,
    "train_avg_precision": 0.944223577502837,
    "train_min_precision": 0.6835372014254768,
    "train_avg_recall": 0.9665417102376781,
    "train_min_recall": 0.8173933301162184,
    "validation_loss": 0.36081803165659115,
    "validation_accuracy": 0.8817246835443034,
    "validation_avg_precision": 0.8834563305445116,
    "validation_min_precision": 0.6235896629848192,
    "validation_avg_recall": 0.8790582308642244,
    "validation_min_recall": 0.6325818934236851,
    "train_variance": 13.763071060180664,
    "validation_variance": 127.06523132324219
}