{
    "train_loss": 0.17110034538432967,
    "train_accuracy": 0.9428124999999995,
    "train_avg_precision": 0.9142096985719541,
    "train_min_precision": 0.5803473357997352,
    "train_avg_recall": 0.9364782506018335,
    "train_min_recall": 0.6904971583196496,
    "validation_loss": 0.37235054090807723,
    "validation_accuracy": 0.8731210443037972,
    "validation_avg_precision": 0.8730525401969742,
    "validation_min_precision": 0.5957472840501802,
    "validation_avg_recall": 0.8726874483817337,
    "validation_min_recall": 0.6048611960729375,
    "train_variance": 20.297351837158203,
    "validation_variance": 67.75183868408203
}