{
    "train_loss": 0.10065310699865218,
    "train_accuracy": 0.9692968749999994,
    "train_avg_precision": 0.9537030128088206,
    "train_min_precision": 0.7155277644110846,
    "train_avg_recall": 0.9697693602786519,
    "train_min_recall": 0.8290614087308107,
    "validation_loss": 0.382154072387309,
    "validation_accuracy": 0.8786590189873417,
    "validation_avg_precision": 0.8852801221612902,
    "validation_min_precision": 0.6014071812543423,
    "validation_avg_recall": 0.8750093595671159,
    "validation_min_recall": 0.61613638432083,
    "train_variance": 12.978815078735352,
    "validation_variance": 95.59725952148438
}