{
    "train_loss": 0.07323269218206405,
    "train_accuracy": 0.9797656250000004,
    "train_avg_precision": 0.9692296511083788,
    "train_min_precision": 0.7988671708682676,
    "train_avg_recall": 0.9808095069495641,
    "train_min_recall": 0.8788902549006897,
    "validation_loss": 0.37497819299939317,
    "validation_accuracy": 0.883504746835443,
    "validation_avg_precision": 0.8900556885739419,
    "validation_min_precision": 0.6109000434778346,
    "validation_avg_recall": 0.8808254541290189,
    "validation_min_recall": 0.6336054301521701,
    "train_variance": 8.638626098632812,
    "validation_variance": 162.9054412841797
}