{
    "train_loss": 2.214300021003275,
    "validation_loss": 2.7800163984298707,
    "train_variance": 39.4973258972168,
    "validation_variance": 56.31285095214844
}