{
    "train_loss": 2.6915453462039722,
    "validation_loss": 2.9524794816970825,
    "train_variance": 23.300460815429688,
    "validation_variance": 22.787364959716797
}