{
    "train_loss": 2.955708669213686,
    "validation_loss": 3.085898733139038,
    "train_variance": 15.743115425109863,
    "validation_variance": 20.034143447875977
}