{
    "train_loss": 2.2322678594028247,
    "validation_loss": 2.7521727561950686,
    "train_variance": 37.090999603271484,
    "validation_variance": 48.19811248779297
}