{
    "train_loss": 2.657910658331477,
    "validation_loss": 2.9424856901168823,
    "train_variance": 20.798274993896484,
    "validation_variance": 27.762943267822266
}