{
    "train_loss": 2.6216423876145307,
    "validation_loss": 2.921557307243347,
    "train_variance": 17.283432006835938,
    "validation_variance": 25.9570369720459
}