{
    "train_loss": 3.057443341086893,
    "validation_loss": 3.13971848487854,
    "train_variance": 15.542475700378418,
    "validation_variance": 25.875747680664062
}