{
    "train_loss": 3.2681270122528074,
    "validation_loss": 3.2816092491149895,
    "train_variance": 16.84640121459961,
    "validation_variance": 25.049388885498047
}