{
    "train_loss": 2.253000848433552,
    "validation_loss": 2.7428403377532957,
    "train_variance": 33.052921295166016,
    "validation_variance": 46.771427154541016
}