{
    "train_loss": 0.22687304685282156,
    "train_accuracy": 0.9399467055187668,
    "train_avg_precision": 0.9294501651607056,
    "train_min_precision": 0.723674546923248,
    "train_avg_recall": 0.9462257645877586,
    "train_min_recall": 0.7923149760900361,
    "validation_loss": 1.3177423190466961,
    "validation_accuracy": 0.6144185126582279,
    "validation_avg_precision": 0.6272081777992138,
    "validation_min_precision": 0.3436749535491126,
    "validation_avg_recall": 0.6128760169700359,
    "validation_min_recall": 0.22405696744764825,
    "train_variance": 42.66351318359375,
    "validation_variance": 251.96099853515625
}