{
    "train_accuracy": 1.0,
    "train_avg_precision": 1.0,
    "train_min_precision": 1.0,
    "train_avg_recall": 1.0,
    "train_min_recall": 1.0,
    "train_loss": 0.03578893467783928,
    "validation_accuracy": 0.625,
    "validation_avg_precision": 0.4351851851851851,
    "validation_min_precision": 0.0,
    "validation_avg_recall": 0.5555555555555556,
    "validation_min_recall": 0.0,
    "validation_loss": 1.538149356842041,
    "train_variance": 3.6878504753112793,
    "validation_variance": 448.5928039550781
}