{
    "train_loss": 0.5283892341824467,
    "train_accuracy": 0.828635066886281,
    "train_avg_precision": 0.8042640408553122,
    "train_min_precision": 0.4742822952196383,
    "train_avg_recall": 0.8372395163674053,
    "train_min_recall": 0.5287921799922304,
    "validation_loss": 1.2493199230749394,
    "validation_accuracy": 0.588904272151899,
    "validation_avg_precision": 0.600146137221424,
    "validation_min_precision": 0.319272683488952,
    "validation_avg_recall": 0.5904112880946603,
    "validation_min_recall": 0.2754526031483551,
    "train_variance": 61.245689392089844,
    "validation_variance": 155.44847106933594
}