{
    "train_loss": 0.11046562160170352,
    "train_accuracy": 0.9802325581395357,
    "train_avg_precision": 0.9753677907886629,
    "train_min_precision": 0.8514610131588743,
    "train_avg_recall": 0.9835625738387165,
    "train_min_recall": 0.899906431377132,
    "validation_loss": 1.3397371346437479,
    "validation_accuracy": 0.6213409810126582,
    "validation_avg_precision": 0.6349799523791148,
    "validation_min_precision": 0.34907742685351745,
    "validation_avg_recall": 0.6214091368905849,
    "validation_min_recall": 0.28115306687582053,
    "train_variance": 21.919095993041992,
    "validation_variance": 320.9613342285156
}