{
    "train_accuracy": 0.8796296119689941,
    "train_avg_precision": 0.8746103896103896,
    "train_min_precision": 0.6,
    "train_avg_recall": 0.9037927350427352,
    "train_min_recall": 0.46153846153846156,
    "train_loss": 0.4007868468761444,
    "validation_accuracy": 0.625,
    "validation_avg_precision": 0.537037037037037,
    "validation_min_precision": 0.0,
    "validation_avg_recall": 0.5333333333333333,
    "validation_min_recall": 0.0,
    "validation_loss": 0.8467615842819214,
    "train_variance": 71.69538116455078,
    "validation_variance": 231.82766723632812
}