{
    "train_accuracy": 1.0,
    "train_avg_precision": 1.0,
    "train_min_precision": 1.0,
    "train_avg_recall": 1.0,
    "train_min_recall": 1.0,
    "train_loss": 0.03527550399303436,
    "validation_accuracy": 0.5625,
    "validation_avg_precision": 0.44444444444444436,
    "validation_min_precision": 0.0,
    "validation_avg_recall": 0.5555555555555556,
    "validation_min_recall": 0.0,
    "validation_loss": 1.2476351261138916,
    "train_variance": 4.446368217468262,
    "validation_variance": 432.4973449707031
}