{
    "train_accuracy": 0.7777777910232544,
    "train_avg_precision": 0.6849784997611085,
    "train_min_precision": 0.0,
    "train_avg_recall": 0.6762698412698412,
    "train_min_recall": 0.0,
    "train_loss": 0.690488338470459,
    "validation_accuracy": 0.5,
    "validation_avg_precision": 0.46666666666666673,
    "validation_min_precision": 0.0,
    "validation_avg_recall": 0.41666666666666674,
    "validation_min_recall": 0.0,
    "validation_loss": 1.3027379512786865,
    "train_variance": 65.6522216796875,
    "validation_variance": 119.83492279052734
}