{
    "train_accuracy": 0.944444477558136,
    "train_avg_precision": 0.94494301994302,
    "train_min_precision": 0.75,
    "train_avg_recall": 0.9625661375661375,
    "train_min_recall": 0.8666666666666667,
    "train_loss": 0.21848537027835846,
    "validation_accuracy": 0.5625,
    "validation_avg_precision": 0.6296296296296295,
    "validation_min_precision": 0.0,
    "validation_avg_recall": 0.5185185185185184,
    "validation_min_recall": 0.0,
    "validation_loss": 1.349402666091919,
    "train_variance": 47.36912155151367,
    "validation_variance": 259.6191711425781
}