{
    "train_loss": 0.07125244987911954,
    "train_accuracy": 0.9911633291909873,
    "train_avg_precision": 0.990243088287514,
    "train_min_precision": 0.924718736084103,
    "train_avg_recall": 0.9929993622074827,
    "train_min_recall": 0.9489797006973534,
    "validation_loss": 1.4356507923029644,
    "validation_accuracy": 0.6040348101265821,
    "validation_avg_precision": 0.6327718083133074,
    "validation_min_precision": 0.3472797889299635,
    "validation_avg_recall": 0.6032875449255747,
    "validation_min_recall": 0.24831450914313835,
    "train_variance": 12.049736976623535,
    "validation_variance": 359.223388671875
}