{
    "train_loss": 0.03199651799229689,
    "train_accuracy": 0.9987645348837192,
    "train_avg_precision": 0.9986509619662393,
    "train_min_precision": 0.9868107368627543,
    "train_avg_recall": 0.9992316198376581,
    "train_min_recall": 0.9926062824376967,
    "validation_loss": 1.4102827717986284,
    "validation_accuracy": 0.6227254746835443,
    "validation_avg_precision": 0.6386079523542735,
    "validation_min_precision": 0.354278929652615,
    "validation_avg_recall": 0.620827064013338,
    "validation_min_recall": 0.2529724987557021,
    "train_variance": 3.9015166759490967,
    "validation_variance": 438.74468994140625
}