{
    "train_accuracy": 1.0,
    "train_avg_precision": 1.0,
    "train_min_precision": 1.0,
    "train_avg_recall": 1.0,
    "train_min_recall": 1.0,
    "train_loss": 0.040608253329992294,
    "validation_accuracy": 0.8125,
    "validation_avg_precision": 0.7000000000000001,
    "validation_min_precision": 0.0,
    "validation_avg_recall": 0.7416666666666667,
    "validation_min_recall": 0.0,
    "validation_loss": 1.047570824623108,
    "train_variance": 6.835139751434326,
    "validation_variance": 422.430908203125
}