{
    "train_accuracy": 0.9907407760620117,
    "train_avg_precision": 0.9947089947089948,
    "train_min_precision": 0.9523809523809523,
    "train_avg_recall": 0.9930555555555556,
    "train_min_recall": 0.9375,
    "train_loss": 0.07879509776830673,
    "validation_accuracy": 0.5625,
    "validation_avg_precision": 0.5104166666666666,
    "validation_min_precision": 0.0,
    "validation_avg_recall": 0.40625,
    "validation_min_recall": 0.0,
    "validation_loss": 1.9859819412231445,
    "train_variance": 12.046950340270996,
    "validation_variance": 360.2100524902344
}