{
    "train_loss": 0.029901886636088063,
    "train_accuracy": 0.9990552325581377,
    "train_avg_precision": 0.9984603122714413,
    "train_min_precision": 0.9848204118852107,
    "train_avg_recall": 0.9989461026450573,
    "train_min_recall": 0.989736224249011,
    "validation_loss": 1.4127207722844952,
    "validation_accuracy": 0.6209454113924052,
    "validation_avg_precision": 0.6368037342154929,
    "validation_min_precision": 0.35714845409335483,
    "validation_avg_recall": 0.6207145259506549,
    "validation_min_recall": 0.25061030605471574,
    "train_variance": 3.521538257598877,
    "validation_variance": 452.1099853515625
}