{
    "train_loss": 0.05393953880425111,
    "train_accuracy": 0.9943313953488371,
    "train_avg_precision": 0.9932354125784488,
    "train_min_precision": 0.9431975528811144,
    "train_avg_recall": 0.9957992832096646,
    "train_min_recall": 0.9657199872335589,
    "validation_loss": 1.3880865015561068,
    "validation_accuracy": 0.6182753164556966,
    "validation_avg_precision": 0.6363774016458106,
    "validation_min_precision": 0.3510207587728798,
    "validation_avg_recall": 0.615428811755866,
    "validation_min_recall": 0.23831508906850846,
    "train_variance": 9.10522747039795,
    "validation_variance": 397.07769775390625
}