{
    "train_accuracy": 0.8148148059844971,
    "train_avg_precision": 0.8156360614693948,
    "train_min_precision": 0.6,
    "train_avg_recall": 0.824594809377418,
    "train_min_recall": 0.6363636363636364,
    "train_loss": 0.5332112312316895,
    "validation_accuracy": 0.5,
    "validation_avg_precision": 0.52,
    "validation_min_precision": 0.0,
    "validation_avg_recall": 0.525,
    "validation_min_recall": 0.0,
    "validation_loss": 1.7672162055969238,
    "train_variance": 67.5093765258789,
    "validation_variance": 156.47991943359375
}