{
    "train_loss": 0.03720544278621673,
    "train_accuracy": 0.9981831395348825,
    "train_avg_precision": 0.9980268379986498,
    "train_min_precision": 0.9803984972361756,
    "train_avg_recall": 0.998894949742449,
    "train_min_recall": 0.9891878924388855,
    "validation_loss": 1.4279201988932455,
    "validation_accuracy": 0.6183742088607596,
    "validation_avg_precision": 0.635656027893066,
    "validation_min_precision": 0.34526400545192804,
    "validation_avg_recall": 0.6176742044476833,
    "validation_min_recall": 0.23401715243820526,
    "train_variance": 5.1750407218933105,
    "validation_variance": 425.9353332519531
}