{
    "train_loss": 0.7985730567643802,
    "train_accuracy": 0.7310844637626829,
    "train_avg_precision": 0.7144896383847003,
    "train_min_precision": 0.28323313786942333,
    "train_avg_recall": 0.7030316501983452,
    "train_min_recall": 0.25245649647190443,
    "validation_loss": 1.4196056248266489,
    "validation_accuracy": 0.536293512658228,
    "validation_avg_precision": 0.5786352796511062,
    "validation_min_precision": 0.2508063026138787,
    "validation_avg_recall": 0.5356143765450134,
    "validation_min_recall": 0.14198574239527337,
    "train_variance": 66.71971893310547,
    "validation_variance": 119.65372467041016
}