{
    "train_loss": 0.1474470358601836,
    "train_accuracy": 0.9699881567511447,
    "train_avg_precision": 0.9638736174238304,
    "train_min_precision": 0.8149227955695536,
    "train_avg_recall": 0.9757563746392739,
    "train_min_recall": 0.8794374454795474,
    "validation_loss": 1.3037681330608413,
    "validation_accuracy": 0.6177808544303798,
    "validation_avg_precision": 0.6303721272901516,
    "validation_min_precision": 0.33736638350834197,
    "validation_avg_recall": 0.6166395907623944,
    "validation_min_recall": 0.26630207918515714,
    "train_variance": 26.65570831298828,
    "validation_variance": 280.37030029296875
}