{
    "train_loss": 0.2475953282494294,
    "train_accuracy": 0.9097686974625843,
    "train_avg_precision": 0.7995108859875576,
    "train_min_precision": 0.1743163269479059,
    "train_avg_recall": 0.8781136488297968,
    "train_min_recall": 0.4869077103355311,
    "validation_loss": 0.5051723934710026,
    "validation_accuracy": 0.8276367187500001,
    "validation_avg_precision": 0.8264047928958983,
    "validation_min_precision": 0.5234086629164361,
    "validation_avg_recall": 0.8288504766810239,
    "validation_min_recall": 0.47989174107484334
}