{
    "train_loss": 0.3265175842925122,
    "train_accuracy": 0.8743052398949336,
    "train_avg_precision": 0.7625620711114164,
    "train_min_precision": 0.05949250131434458,
    "train_avg_recall": 0.8182130001056025,
    "train_min_recall": 0.2970911469136755,
    "validation_loss": 0.5592535451054573,
    "validation_accuracy": 0.7958007812500001,
    "validation_avg_precision": 0.8085827507816813,
    "validation_min_precision": 0.409584637869621,
    "validation_avg_recall": 0.7948141987959975,
    "validation_min_recall": 0.4828897166878305
}