{
    "train_loss": 0.2514967220394235,
    "train_accuracy": 0.9123043334274966,
    "train_avg_precision": 0.7990286382976066,
    "train_min_precision": 0.21147522068574698,
    "train_avg_recall": 0.8302139716284923,
    "train_min_recall": 0.25540283457180957,
    "validation_loss": 0.577664937824011,
    "validation_accuracy": 0.7962890625,
    "validation_avg_precision": 0.7977051773904102,
    "validation_min_precision": 0.46466915373369455,
    "validation_avg_recall": 0.7953459490767845,
    "validation_min_recall": 0.3062755162714674
}