{
    "train_loss": 0.26937559926719,
    "train_accuracy": 0.9010203982654372,
    "train_avg_precision": 0.7924953757315486,
    "train_min_precision": 0.14840859740444234,
    "train_avg_recall": 0.872553226289719,
    "train_min_recall": 0.4630409687518928,
    "validation_loss": 0.4966046534478664,
    "validation_accuracy": 0.8261718749999998,
    "validation_avg_precision": 0.8270248485780464,
    "validation_min_precision": 0.5155306147800098,
    "validation_avg_recall": 0.826289360225446,
    "validation_min_recall": 0.512172328128868
}