{
    "train_loss": 0.2568377125681492,
    "train_accuracy": 0.9065193962632567,
    "train_avg_precision": 0.7989858516570034,
    "train_min_precision": 0.1714602405391879,
    "train_avg_recall": 0.8802995496300413,
    "train_min_recall": 0.45181015832995497,
    "validation_loss": 0.4999665576964618,
    "validation_accuracy": 0.8305664062500003,
    "validation_avg_precision": 0.8271636158073736,
    "validation_min_precision": 0.5268300406038418,
    "validation_avg_recall": 0.8306295827612489,
    "validation_min_recall": 0.46722155347078614
}