{
    "train_loss": 0.4925700938492491,
    "train_accuracy": 0.8391891634255118,
    "train_avg_precision": 0.6733963954946676,
    "train_min_precision": 0.035059190322348215,
    "train_avg_recall": 0.7186898893108514,
    "train_min_recall": 0.10198026974342762,
    "validation_loss": 0.8114505037665367,
    "validation_accuracy": 0.6995117187500003,
    "validation_avg_precision": 0.69051510724943,
    "validation_min_precision": 0.30305884559434243,
    "validation_avg_recall": 0.6957477285010333,
    "validation_min_recall": 0.1632757204376958
}