{
    "train_loss": 0.26630279369521564,
    "train_accuracy": 0.9014363090197247,
    "train_avg_precision": 0.7916512528294417,
    "train_min_precision": 0.13637224322819894,
    "train_avg_recall": 0.8637419506916993,
    "train_min_recall": 0.4117305567441366,
    "validation_loss": 0.5005089074373246,
    "validation_accuracy": 0.8286132812499997,
    "validation_avg_precision": 0.8288527879895837,
    "validation_min_precision": 0.5203635160217172,
    "validation_avg_recall": 0.8279142667743824,
    "validation_min_recall": 0.528020886469034
}