{
    "train_loss": 0.24098855596885352,
    "train_accuracy": 0.911578852879374,
    "train_avg_precision": 0.799149836178697,
    "train_min_precision": 0.16984039352460406,
    "train_avg_recall": 0.8803643655188235,
    "train_min_recall": 0.45918294985760816,
    "validation_loss": 0.5147643491625786,
    "validation_accuracy": 0.82705078125,
    "validation_avg_precision": 0.8231525928243018,
    "validation_min_precision": 0.5219307838287309,
    "validation_avg_recall": 0.8262170900645965,
    "validation_min_recall": 0.4751032529120422
}