{
    "train_loss": 0.6732680593666275,
    "train_accuracy": 0.738957103930022,
    "train_avg_precision": 0.6202668749284211,
    "train_min_precision": 0.012234251011474243,
    "train_avg_recall": 0.6304170620057834,
    "train_min_recall": 0.04076901875724788,
    "validation_loss": 0.9224682927131652,
    "validation_accuracy": 0.6341796874999999,
    "validation_avg_precision": 0.6670912367106903,
    "validation_min_precision": 0.20790762929860196,
    "validation_avg_recall": 0.6326503793514616,
    "validation_min_recall": 0.12022079707337288
}