{
    "train_loss": 0.25800985816800814,
    "train_accuracy": 0.9043713138814561,
    "train_avg_precision": 0.7975010488273607,
    "train_min_precision": 0.13921663448712493,
    "train_avg_recall": 0.872501047972914,
    "train_min_recall": 0.4529425876003154,
    "validation_loss": 0.5065193377435208,
    "validation_accuracy": 0.82666015625,
    "validation_avg_precision": 0.8257096725239499,
    "validation_min_precision": 0.49972710375385365,
    "validation_avg_recall": 0.8230155924991716,
    "validation_min_recall": 0.4939074624595411
}