{
    "train_loss": 0.42073109589124974,
    "train_accuracy": 0.8532663144563368,
    "train_avg_precision": 0.7175376464769468,
    "train_min_precision": 0.04817852426211559,
    "train_avg_recall": 0.7558767358205789,
    "train_min_recall": 0.18527087522630814,
    "validation_loss": 0.6692640587687493,
    "validation_accuracy": 0.7454101562500001,
    "validation_avg_precision": 0.7431341711738442,
    "validation_min_precision": 0.31814886782380675,
    "validation_avg_recall": 0.7451673946290469,
    "validation_min_recall": 0.27183394860307536
}