{
    "train_loss": 0.2603987361255444,
    "train_accuracy": 0.9055599664386952,
    "train_avg_precision": 0.7952536089777923,
    "train_min_precision": 0.16447130727316484,
    "train_avg_recall": 0.8816671763792805,
    "train_min_recall": 0.47838960222105825,
    "validation_loss": 0.5154359675943851,
    "validation_accuracy": 0.82294921875,
    "validation_avg_precision": 0.8228206823309647,
    "validation_min_precision": 0.5110587611014809,
    "validation_avg_recall": 0.8201622004821327,
    "validation_min_recall": 0.5007950786748927
}