{
    "train_loss": 0.3155875310563204,
    "train_accuracy": 0.8823233320001969,
    "train_avg_precision": 0.7595096977352401,
    "train_min_precision": 0.08695982761921012,
    "train_avg_recall": 0.8404099364803389,
    "train_min_recall": 0.35052448996343655,
    "validation_loss": 0.518194141983986,
    "validation_accuracy": 0.8184570312499998,
    "validation_avg_precision": 0.8190717343169688,
    "validation_min_precision": 0.46664044864931387,
    "validation_avg_recall": 0.8151793348521781,
    "validation_min_recall": 0.4415132374904721
}