{
    "train_loss": 1.667802333831787,
    "train_accuracy": 0.5826362110020824,
    "train_avg_precision": 0.42622149687165783,
    "train_min_precision": 0.0,
    "train_avg_recall": 0.48574528643630094,
    "train_min_recall": 0.0,
    "validation_loss": 1.787062457203865,
    "validation_accuracy": 0.45966796875000004,
    "validation_avg_precision": 0.4455457437888899,
    "validation_min_precision": 0.0,
    "validation_avg_recall": 0.45944692375045126,
    "validation_min_recall": 0.0
}