{
    "train_loss": 0.2775518669371019,
    "train_accuracy": 0.8947321155615021,
    "train_avg_precision": 0.803245853799062,
    "train_min_precision": 0.0989057333260527,
    "train_avg_recall": 0.8363084133296597,
    "train_min_recall": 0.39914102184688494,
    "validation_loss": 0.537184403091669,
    "validation_accuracy": 0.8048828124999999,
    "validation_avg_precision": 0.8242328318040245,
    "validation_min_precision": 0.44532376340269514,
    "validation_avg_recall": 0.8056465751957425,
    "validation_min_recall": 0.5416225942771442
}