{
    "train_loss": 0.2541347898935017,
    "train_accuracy": 0.906491039092081,
    "train_avg_precision": 0.8029029228407583,
    "train_min_precision": 0.15908105052841898,
    "train_avg_recall": 0.8827722064360811,
    "train_min_recall": 0.47440577790899535,
    "validation_loss": 0.5178543820977212,
    "validation_accuracy": 0.8252929687499999,
    "validation_avg_precision": 0.8197859640224747,
    "validation_min_precision": 0.4967630121895139,
    "validation_avg_recall": 0.822952801488301,
    "validation_min_recall": 0.4815395486983276
}