{
    "train_loss": 0.2637016642511937,
    "train_accuracy": 0.9033953421994262,
    "train_avg_precision": 0.8028212712399695,
    "train_min_precision": 0.1558896756265177,
    "train_avg_recall": 0.8795053845961233,
    "train_min_recall": 0.47687207426372374,
    "validation_loss": 0.5124952927231791,
    "validation_accuracy": 0.8236328125,
    "validation_avg_precision": 0.8253969285168442,
    "validation_min_precision": 0.5116631697090905,
    "validation_avg_recall": 0.8230818127848828,
    "validation_min_recall": 0.4937079018077479
}