{
    "train_loss": 0.250943785435275,
    "train_accuracy": 0.9068289660570918,
    "train_avg_precision": 0.7885113905130307,
    "train_min_precision": 0.16721914709530805,
    "train_avg_recall": 0.8727184115526759,
    "train_min_recall": 0.44239485741489093,
    "validation_loss": 0.49683393090963374,
    "validation_accuracy": 0.8273437499999999,
    "validation_avg_precision": 0.825251432833732,
    "validation_min_precision": 0.5302662078957386,
    "validation_avg_recall": 0.8273694948454299,
    "validation_min_recall": 0.45017066409472045
}