{
    "train_loss": 0.4300923232446638,
    "train_accuracy": 0.8391088174100504,
    "train_avg_precision": 0.7203763841163452,
    "train_min_precision": 0.029469929557778742,
    "train_avg_recall": 0.7461667133006856,
    "train_min_recall": 0.1365004418344244,
    "validation_loss": 0.6966748565435409,
    "validation_accuracy": 0.7375,
    "validation_avg_precision": 0.7558641478487217,
    "validation_min_precision": 0.334346785748801,
    "validation_avg_recall": 0.7375597566959101,
    "validation_min_recall": 0.35096098668012937
}