{
    "train_loss": 0.4540701137300124,
    "train_accuracy": 0.8325984007433834,
    "train_avg_precision": 0.7259145583009585,
    "train_min_precision": 0.07591172406432305,
    "train_avg_recall": 0.7976560575708919,
    "train_min_recall": 0.2773233748568993,
    "validation_loss": 0.6329414531588554,
    "validation_accuracy": 0.7689453124999999,
    "validation_avg_precision": 0.7865037279314663,
    "validation_min_precision": 0.3921180665556535,
    "validation_avg_recall": 0.7711972887236161,
    "validation_min_recall": 0.36247004725897236
}