{
    "train_loss": 2.2437246891490203,
    "train_accuracy": 0.2393517468059272,
    "train_avg_precision": 0.18363092776536724,
    "train_min_precision": 0.0,
    "train_avg_recall": 0.30322121001370117,
    "train_min_recall": 0.0,
    "validation_loss": 2.2636687397956843,
    "validation_accuracy": 0.28798828125,
    "validation_avg_precision": 0.18055360258101993,
    "validation_min_precision": 0.0,
    "validation_avg_recall": 0.28959095169555576,
    "validation_min_recall": 0.0
}