{
    "train_loss": 0.2688235583012564,
    "train_accuracy": 0.9016938899692738,
    "train_avg_precision": 0.7864507584541812,
    "train_min_precision": 0.13157699743572318,
    "train_avg_recall": 0.857356386255866,
    "train_min_recall": 0.3900345825967489,
    "validation_loss": 0.5120262369513511,
    "validation_accuracy": 0.821484375,
    "validation_avg_precision": 0.8220983893350915,
    "validation_min_precision": 0.5066559525949411,
    "validation_avg_recall": 0.8194288836964304,
    "validation_min_recall": 0.5025507846051598
}