{
    "train_loss": 0.25398864584010944,
    "train_accuracy": 0.906439050247795,
    "train_avg_precision": 0.7949572916014681,
    "train_min_precision": 0.16005871207109595,
    "train_avg_recall": 0.8820654069719828,
    "train_min_recall": 0.4885790179647998,
    "validation_loss": 0.49323076084256173,
    "validation_accuracy": 0.8286132812499998,
    "validation_avg_precision": 0.8268452164992585,
    "validation_min_precision": 0.53005665654331,
    "validation_avg_recall": 0.8299419356708491,
    "validation_min_recall": 0.49290068051945396
}