{
    "train_loss": 0.2372076665623146,
    "train_accuracy": 0.9130865283179705,
    "train_avg_precision": 0.8023296463237374,
    "train_min_precision": 0.16933480749270222,
    "train_avg_recall": 0.8786864146546667,
    "train_min_recall": 0.4333459717585715,
    "validation_loss": 0.5032780349254609,
    "validation_accuracy": 0.824609375,
    "validation_avg_precision": 0.8248852409606325,
    "validation_min_precision": 0.5408175268058759,
    "validation_avg_recall": 0.8281056875706105,
    "validation_min_recall": 0.47556291320392813
}