{
    "train_loss": 0.3621783559782464,
    "train_accuracy": 0.8735395868619281,
    "train_avg_precision": 0.743700860113921,
    "train_min_precision": 0.05061283745494272,
    "train_avg_recall": 0.7766101981856369,
    "train_min_recall": 0.17080951430796637,
    "validation_loss": 0.6234581366181374,
    "validation_accuracy": 0.7688476562499998,
    "validation_avg_precision": 0.7549483243023359,
    "validation_min_precision": 0.36045806281400256,
    "validation_avg_recall": 0.7653467312085351,
    "validation_min_recall": 0.25604651124988614
}