{
    "train_loss": 0.37547741961060915,
    "train_accuracy": 0.8725116263356121,
    "train_avg_precision": 0.7245825282528795,
    "train_min_precision": 0.0415750715286319,
    "train_avg_recall": 0.7388818653356938,
    "train_min_recall": 0.10528886318360002,
    "validation_loss": 0.7546788662672044,
    "validation_accuracy": 0.71484375,
    "validation_avg_precision": 0.7603049225649432,
    "validation_min_precision": 0.30573890276419596,
    "validation_avg_recall": 0.7175520219803969,
    "validation_min_recall": 0.1459909309165832
}