{
    "train_loss": 0.3592132301184169,
    "train_accuracy": 0.8774741950787994,
    "train_avg_precision": 0.7312134778765274,
    "train_min_precision": 0.07012860433913064,
    "train_avg_recall": 0.7813618697537101,
    "train_min_recall": 0.15562305004423926,
    "validation_loss": 0.6031004443764687,
    "validation_accuracy": 0.77802734375,
    "validation_avg_precision": 0.7642312283830572,
    "validation_min_precision": 0.391785031918546,
    "validation_avg_recall": 0.7761470012777053,
    "validation_min_recall": 0.22936162632451354
}