{
    "train_loss": 0.3064046408000746,
    "train_accuracy": 0.8906840776142322,
    "train_avg_precision": 0.7667417709716239,
    "train_min_precision": 0.10054431436010385,
    "train_avg_recall": 0.8310263457980502,
    "train_min_recall": 0.31617129379904174,
    "validation_loss": 0.5278319478034974,
    "validation_accuracy": 0.80947265625,
    "validation_avg_precision": 0.8048585263651497,
    "validation_min_precision": 0.4549657785244939,
    "validation_avg_recall": 0.8081073209214804,
    "validation_min_recall": 0.42983892311874056
}