{
    "train_loss": 0.2528995675475975,
    "train_accuracy": 0.9085469601447125,
    "train_avg_precision": 0.80182297587268,
    "train_min_precision": 0.17373640005218952,
    "train_avg_recall": 0.8790353274159197,
    "train_min_recall": 0.46924224859968655,
    "validation_loss": 0.4981628313660621,
    "validation_accuracy": 0.82744140625,
    "validation_avg_precision": 0.8226945616259909,
    "validation_min_precision": 0.5333043730692828,
    "validation_avg_recall": 0.824500432606363,
    "validation_min_recall": 0.48930892816236465
}