{
    "train_loss": 0.29724322756131494,
    "train_accuracy": 0.8870968504955893,
    "train_avg_precision": 0.764081977641062,
    "train_min_precision": 0.07956173349944913,
    "train_avg_recall": 0.8174044669141094,
    "train_min_recall": 0.32164491910228205,
    "validation_loss": 0.5446951113641263,
    "validation_accuracy": 0.7999023437500001,
    "validation_avg_precision": 0.8023437972142106,
    "validation_min_precision": 0.434535111770228,
    "validation_avg_recall": 0.8001846338802165,
    "validation_min_recall": 0.4116152925402781
}