{
    "train_loss": 0.244820563416732,
    "train_accuracy": 0.9108250151600757,
    "train_avg_precision": 0.8032967869172057,
    "train_min_precision": 0.17366154800365324,
    "train_avg_recall": 0.8789398153662538,
    "train_min_recall": 0.49262542111033786,
    "validation_loss": 0.5093710869550705,
    "validation_accuracy": 0.8268554687500002,
    "validation_avg_precision": 0.8247377597488392,
    "validation_min_precision": 0.5303380654075635,
    "validation_avg_recall": 0.8247880024424704,
    "validation_min_recall": 0.4746901899504928
}