{
    "train_loss": 0.2698357058198829,
    "train_accuracy": 0.8999806224254142,
    "train_avg_precision": 0.7944519955870336,
    "train_min_precision": 0.13329160089996003,
    "train_avg_recall": 0.8779470890043003,
    "train_min_recall": 0.45986981405220756,
    "validation_loss": 0.5160703651607036,
    "validation_accuracy": 0.8202148437499999,
    "validation_avg_precision": 0.8180390814738139,
    "validation_min_precision": 0.5065500857533819,
    "validation_avg_recall": 0.8187117432829037,
    "validation_min_recall": 0.46972453345291443
}