{
    "train_loss": 0.25911992683745266,
    "train_accuracy": 0.9027502076667654,
    "train_avg_precision": 0.8002446439010164,
    "train_min_precision": 0.1506829886086852,
    "train_avg_recall": 0.8875827353294273,
    "train_min_recall": 0.5208108198044736,
    "validation_loss": 0.5022493869066238,
    "validation_accuracy": 0.825390625,
    "validation_avg_precision": 0.8268311608088588,
    "validation_min_precision": 0.5139780794987908,
    "validation_avg_recall": 0.8279601299215438,
    "validation_min_recall": 0.5121496957080449
}