{
    "train_loss": 0.3301389235676379,
    "train_accuracy": 0.8811795784716019,
    "train_avg_precision": 0.7820526903862135,
    "train_min_precision": 0.0925467421190087,
    "train_avg_recall": 0.8276818061384075,
    "train_min_recall": 0.36797949000395247,
    "validation_loss": 0.5415406726300717,
    "validation_accuracy": 0.8028320312499999,
    "validation_avg_precision": 0.8075618179344338,
    "validation_min_precision": 0.4434264842340278,
    "validation_avg_recall": 0.8008393259802925,
    "validation_min_recall": 0.47724775409824627
}