{
    "train_loss": 0.38463219215995387,
    "train_accuracy": 0.8509197287392193,
    "train_avg_precision": 0.7242378425880855,
    "train_min_precision": 0.044710714511087865,
    "train_avg_recall": 0.7853907565997126,
    "train_min_recall": 0.21515516217633443,
    "validation_loss": 0.5951683409512043,
    "validation_accuracy": 0.7726562499999998,
    "validation_avg_precision": 0.7723578264227763,
    "validation_min_precision": 0.36352023186868926,
    "validation_avg_recall": 0.7720245219475951,
    "validation_min_recall": 0.33131115066830547
}