{
    "train_loss": 0.36026516713594126,
    "train_accuracy": 0.8638365854296765,
    "train_avg_precision": 0.7303356391103202,
    "train_min_precision": 0.062225789175710415,
    "train_avg_recall": 0.8245657418395502,
    "train_min_recall": 0.3097985103969494,
    "validation_loss": 0.5331874109804631,
    "validation_accuracy": 0.8023437500000002,
    "validation_avg_precision": 0.8037781030818396,
    "validation_min_precision": 0.4359189527038418,
    "validation_avg_recall": 0.8027446501387379,
    "validation_min_recall": 0.44711538706207793
}