{
    "train_loss": 0.6954390260211208,
    "train_accuracy": 0.7765922755525824,
    "train_avg_precision": 0.6071810897763613,
    "train_min_precision": 0.009505360623781677,
    "train_avg_recall": 0.6739487455928518,
    "train_min_recall": 0.02644869750132908,
    "validation_loss": 1.004565879702568,
    "validation_accuracy": 0.6583984375,
    "validation_avg_precision": 0.609356562928224,
    "validation_min_precision": 0.0,
    "validation_avg_recall": 0.6599295525744738,
    "validation_min_recall": 0.0
}