{
    "train_loss": 0.2529371848754715,
    "train_accuracy": 0.906930580473783,
    "train_avg_precision": 0.808447390016899,
    "train_min_precision": 0.1519322782480677,
    "train_avg_recall": 0.8610121850410702,
    "train_min_recall": 0.4499387523297608,
    "validation_loss": 0.5325916133821011,
    "validation_accuracy": 0.8156250000000002,
    "validation_avg_precision": 0.8184412353246113,
    "validation_min_precision": 0.4957038432210897,
    "validation_avg_recall": 0.8143302012202734,
    "validation_min_recall": 0.5000001323435687
}