{
    "train_loss": 0.30411750810188165,
    "train_accuracy": 0.8874395040043612,
    "train_avg_precision": 0.7530590607000546,
    "train_min_precision": 0.08077706893496367,
    "train_avg_recall": 0.807723044997639,
    "train_min_recall": 0.21981293389418965,
    "validation_loss": 0.5581703487783672,
    "validation_accuracy": 0.7931640624999999,
    "validation_avg_precision": 0.7889100990282192,
    "validation_min_precision": 0.45285248086150787,
    "validation_avg_recall": 0.793259073845649,
    "validation_min_recall": 0.2994292129908962
}