{
    "train_loss": 0.3004214727042015,
    "train_accuracy": 0.8851968959758155,
    "train_avg_precision": 0.7897634466770485,
    "train_min_precision": 0.10188327864539866,
    "train_avg_recall": 0.874848110423555,
    "train_min_recall": 0.490865743480504,
    "validation_loss": 0.5240102171897889,
    "validation_accuracy": 0.8198242187499998,
    "validation_avg_precision": 0.827236762433952,
    "validation_min_precision": 0.4638733313830685,
    "validation_avg_recall": 0.817993792014839,
    "validation_min_recall": 0.5154479042856643
}