{
    "train_loss": 0.25145784203420607,
    "train_accuracy": 0.9080956024036076,
    "train_avg_precision": 0.8039947266799027,
    "train_min_precision": 0.15823381984372697,
    "train_avg_recall": 0.8739900701697704,
    "train_min_recall": 0.4574230049494181,
    "validation_loss": 0.49806109592318526,
    "validation_accuracy": 0.82861328125,
    "validation_avg_precision": 0.827765679076811,
    "validation_min_precision": 0.5246868055378435,
    "validation_avg_recall": 0.8268518667221405,
    "validation_min_recall": 0.49612474398361506
}