{
    "train_loss": 0.3850403464677041,
    "train_accuracy": 0.852089477212805,
    "train_avg_precision": 0.7528607790620362,
    "train_min_precision": 0.05131618662160685,
    "train_avg_recall": 0.7932198117277728,
    "train_min_recall": 0.2767106069284718,
    "validation_loss": 0.5886799957603216,
    "validation_accuracy": 0.7793945312499999,
    "validation_avg_precision": 0.8031810460553013,
    "validation_min_precision": 0.37510068354859033,
    "validation_avg_recall": 0.7798199703602424,
    "validation_min_recall": 0.46453213084416406
}