{
    "train_loss": 0.4037783041334988,
    "train_accuracy": 0.8485258807215768,
    "train_avg_precision": 0.7407401915380591,
    "train_min_precision": 0.04445806458169267,
    "train_avg_recall": 0.7829874495328143,
    "train_min_recall": 0.2305588505590958,
    "validation_loss": 0.626491067558527,
    "validation_accuracy": 0.7637695312500001,
    "validation_avg_precision": 0.768674923152233,
    "validation_min_precision": 0.3378458287704808,
    "validation_avg_recall": 0.7659676791406426,
    "validation_min_recall": 0.3244619330908359
}