{
    "train_loss": 0.2563196781434511,
    "train_accuracy": 0.9074670107741108,
    "train_avg_precision": 0.8015220813041369,
    "train_min_precision": 0.16980419677788097,
    "train_avg_recall": 0.876448302179808,
    "train_min_recall": 0.46161847887945573,
    "validation_loss": 0.5147790215909482,
    "validation_accuracy": 0.8242187500000001,
    "validation_avg_precision": 0.8201019133828162,
    "validation_min_precision": 0.5154836051880238,
    "validation_avg_recall": 0.8179538366759068,
    "validation_min_recall": 0.4653093662647611
}