{
    "train_loss": 0.25782809262735795,
    "train_accuracy": 0.9071645307959175,
    "train_avg_precision": 0.7951298736701538,
    "train_min_precision": 0.15441001493633078,
    "train_avg_recall": 0.8845678349650202,
    "train_min_recall": 0.4662782809328506,
    "validation_loss": 0.49988215193152424,
    "validation_accuracy": 0.82939453125,
    "validation_avg_precision": 0.8279929246370115,
    "validation_min_precision": 0.5208554856079171,
    "validation_avg_recall": 0.8275302829687796,
    "validation_min_recall": 0.4898134978640903
}