{
    "train_loss": 0.2495184517220447,
    "train_accuracy": 0.9096552666864901,
    "train_avg_precision": 0.7947494243142229,
    "train_min_precision": 0.15033353585985165,
    "train_avg_recall": 0.8588148303140677,
    "train_min_recall": 0.3777801237607493,
    "validation_loss": 0.5127514854073525,
    "validation_accuracy": 0.82333984375,
    "validation_avg_precision": 0.8209297667522644,
    "validation_min_precision": 0.5259535397776457,
    "validation_avg_recall": 0.82374383786099,
    "validation_min_recall": 0.46067266790905254
}