{
    "train_loss": 0.261128387430258,
    "train_accuracy": 0.9067935190702743,
    "train_avg_precision": 0.7991080760458426,
    "train_min_precision": 0.17604415994508874,
    "train_avg_recall": 0.879908586955277,
    "train_min_recall": 0.469003678788257,
    "validation_loss": 0.5132529377937318,
    "validation_accuracy": 0.8225585937500001,
    "validation_avg_precision": 0.8198762553480168,
    "validation_min_precision": 0.524543191274676,
    "validation_avg_recall": 0.8202711937131387,
    "validation_min_recall": 0.4880239837796998
}