{
    "train_loss": 0.262426164850854,
    "train_accuracy": 0.9050400790415315,
    "train_avg_precision": 0.7964155718552496,
    "train_min_precision": 0.15096453894930348,
    "train_avg_recall": 0.8714369649407009,
    "train_min_recall": 0.4292633720315803,
    "validation_loss": 0.5144266813993454,
    "validation_accuracy": 0.8217773437500001,
    "validation_avg_precision": 0.8213416400185471,
    "validation_min_precision": 0.5129383744491253,
    "validation_avg_recall": 0.8190844399881003,
    "validation_min_recall": 0.4891407527068949
}