{
    "train_loss": 0.8507979639740877,
    "train_accuracy": 0.710672372995421,
    "train_avg_precision": 0.681559837275747,
    "train_min_precision": 0.2515904691177099,
    "train_avg_recall": 0.7201341876221318,
    "train_min_recall": 0.34684991862108594,
    "validation_loss": 1.2713989404183397,
    "validation_accuracy": 0.5652689873417722,
    "validation_avg_precision": 0.5892829427561639,
    "validation_min_precision": 0.2636683666026143,
    "validation_avg_recall": 0.5651499751411575,
    "validation_min_recall": 0.20066985023876516,
    "train_variance": 83.78578186035156,
    "validation_variance": 197.9475860595703
}