{
    "train_accuracy": 0.9722222089767456,
    "train_avg_precision": 0.9575757575757575,
    "train_min_precision": 0.6666666666666666,
    "train_avg_recall": 0.9800000000000001,
    "train_min_recall": 0.8666666666666667,
    "train_loss": 0.09349053353071213,
    "validation_accuracy": 0.8125,
    "validation_avg_precision": 0.638888888888889,
    "validation_min_precision": 0.0,
    "validation_avg_recall": 0.7777777777777778,
    "validation_min_recall": 0.0,
    "validation_loss": 0.7628694772720337,
    "train_variance": 10.440336227416992,
    "validation_variance": 497.5393981933594
}