{
    "train_loss": 0.06152839419800181,
    "train_accuracy": 0.9925441431444749,
    "train_avg_precision": 0.990496312108646,
    "train_min_precision": 0.9287170945980361,
    "train_avg_recall": 0.9942916302414171,
    "train_min_recall": 0.9579182951124071,
    "validation_loss": 1.3643504343455355,
    "validation_accuracy": 0.6257911392405064,
    "validation_avg_precision": 0.6366631539162432,
    "validation_min_precision": 0.3485224640895372,
    "validation_avg_recall": 0.622844347167731,
    "validation_min_recall": 0.24692729397681012,
    "train_variance": 9.5033540725708,
    "validation_variance": 682.931884765625
}