{
    "train_loss": 0.04220573783440647,
    "train_accuracy": 0.9965479651162784,
    "train_avg_precision": 0.995240929915105,
    "train_min_precision": 0.9569926969893179,
    "train_avg_recall": 0.9963725583249285,
    "train_min_recall": 0.9668926612102691,
    "validation_loss": 1.4207084910779062,
    "validation_accuracy": 0.6166930379746834,
    "validation_avg_precision": 0.6332936018199021,
    "validation_min_precision": 0.3502036024114444,
    "validation_avg_recall": 0.616124977741692,
    "validation_min_recall": 0.22952712923171667,
    "train_variance": 4.934786319732666,
    "validation_variance": 763.3688354492188
}