{
    "train_accuracy": 1.0,
    "train_avg_precision": 1.0,
    "train_min_precision": 1.0,
    "train_avg_recall": 1.0,
    "train_min_recall": 1.0,
    "train_loss": 0.03632291778922081,
    "validation_accuracy": 0.5,
    "validation_avg_precision": 0.3518518518518518,
    "validation_min_precision": 0.0,
    "validation_avg_recall": 0.40740740740740733,
    "validation_min_recall": 0.0,
    "validation_loss": 1.1381893157958984,
    "train_variance": 5.311489582061768,
    "validation_variance": 575.9632568359375
}