{
    "train_loss": 1.0996511786483059,
    "train_accuracy": 0.6153262274209845,
    "train_avg_precision": 0.6122262305750164,
    "train_min_precision": 0.1639461052100315,
    "train_avg_recall": 0.5879825719992813,
    "train_min_recall": 0.16820724801634157,
    "validation_loss": 1.4333312601982786,
    "validation_accuracy": 0.48595727848101267,
    "validation_avg_precision": 0.5489626344972751,
    "validation_min_precision": 0.21131190685507417,
    "validation_avg_recall": 0.48446211750660756,
    "validation_min_recall": 0.15392975231367292,
    "train_variance": 97.86190032958984,
    "validation_variance": 147.65281677246094
}