{
    "train_accuracy": 1.0,
    "train_avg_precision": 1.0,
    "train_min_precision": 1.0,
    "train_avg_recall": 1.0,
    "train_min_recall": 1.0,
    "train_loss": 0.021093595772981644,
    "validation_accuracy": 0.625,
    "validation_avg_precision": 0.5333333333333333,
    "validation_min_precision": 0.0,
    "validation_avg_recall": 0.5499999999999999,
    "validation_min_recall": 0.0,
    "validation_loss": 1.7470448017120361,
    "train_variance": 1.7859086990356445,
    "validation_variance": 657.724853515625
}