{
    "train_loss": 0.4232609323983969,
    "train_accuracy": 0.8659856804581569,
    "train_avg_precision": 0.8501616106603008,
    "train_min_precision": 0.53483528611031,
    "train_avg_recall": 0.870493622756846,
    "train_min_recall": 0.6108073641791448,
    "validation_loss": 1.3172199250776555,
    "validation_accuracy": 0.5960245253164558,
    "validation_avg_precision": 0.6209339254199926,
    "validation_min_precision": 0.30142199280527365,
    "validation_avg_recall": 0.5949237996743894,
    "validation_min_recall": 0.20132672499868887,
    "train_variance": 86.22683715820312,
    "validation_variance": 359.3561096191406
}