{
    "train_loss": 0.2830868639571723,
    "train_accuracy": 0.9155146426932753,
    "train_avg_precision": 0.9083609174861157,
    "train_min_precision": 0.6731349219614099,
    "train_avg_recall": 0.9242024506033151,
    "train_min_recall": 0.7315928382717466,
    "validation_loss": 1.320009825350363,
    "validation_accuracy": 0.5998813291139241,
    "validation_avg_precision": 0.6282830336211533,
    "validation_min_precision": 0.3469702774895734,
    "validation_avg_recall": 0.5985638080718855,
    "validation_min_recall": 0.2556147354776701,
    "train_variance": 54.69755554199219,
    "validation_variance": 424.76568603515625
}