{
    "train_accuracy": 0.694444477558136,
    "train_avg_precision": 0.6632738095238095,
    "train_min_precision": 0.1111111111111111,
    "train_avg_recall": 0.7031717551454395,
    "train_min_recall": 0.125,
    "train_loss": 0.8679217100143433,
    "validation_accuracy": 0.4375,
    "validation_avg_precision": 0.3740740740740741,
    "validation_min_precision": 0.0,
    "validation_avg_recall": 0.42592592592592593,
    "validation_min_recall": 0.0,
    "validation_loss": 1.5236941576004028,
    "train_variance": 91.2085952758789,
    "validation_variance": 183.13397216796875
}