{
    "train_accuracy": 0.9907407760620117,
    "train_avg_precision": 0.975,
    "train_min_precision": 0.75,
    "train_avg_recall": 0.9944444444444446,
    "train_min_recall": 0.9444444444444444,
    "train_loss": 0.1288566291332245,
    "validation_accuracy": 0.625,
    "validation_avg_precision": 0.5650000000000001,
    "validation_min_precision": 0.0,
    "validation_avg_recall": 0.5833333333333333,
    "validation_min_recall": 0.0,
    "validation_loss": 1.4263559579849243,
    "train_variance": 24.448423385620117,
    "validation_variance": 452.17279052734375
}