{
    "train_loss": 0.08253861934293154,
    "train_accuracy": 0.9865781115931145,
    "train_avg_precision": 0.9861159252743652,
    "train_min_precision": 0.909629159724747,
    "train_avg_recall": 0.9896658810268752,
    "train_min_recall": 0.9303290516274885,
    "validation_loss": 1.421393357500245,
    "validation_accuracy": 0.611649525316456,
    "validation_avg_precision": 0.6366034619453388,
    "validation_min_precision": 0.3512373656571644,
    "validation_avg_recall": 0.6126579609510596,
    "validation_min_recall": 0.23105464464950304,
    "train_variance": 15.397358894348145,
    "validation_variance": 671.0344848632812
}