{
    "train_loss": 0.03149883220362108,
    "train_accuracy": 0.9986191860465099,
    "train_avg_precision": 0.997918989716878,
    "train_min_precision": 0.9801578217330954,
    "train_avg_recall": 0.9992258092330094,
    "train_min_recall": 0.9932427030225452,
    "validation_loss": 1.4109813789778118,
    "validation_accuracy": 0.6253955696202532,
    "validation_avg_precision": 0.6415457907348217,
    "validation_min_precision": 0.3437914793422887,
    "validation_avg_recall": 0.6237261862695546,
    "validation_min_recall": 0.2377644077824351,
    "train_variance": 2.8838653564453125,
    "validation_variance": 790.5802612304688
}