{
    "train_loss": 0.0354882617416077,
    "train_accuracy": 0.9980741279069753,
    "train_avg_precision": 0.9975041101357277,
    "train_min_precision": 0.9778619421363854,
    "train_avg_recall": 0.998855722275533,
    "train_min_recall": 0.9897432943420775,
    "validation_loss": 1.3851738421222832,
    "validation_accuracy": 0.6268789556962024,
    "validation_avg_precision": 0.6412763520612405,
    "validation_min_precision": 0.33796293393665405,
    "validation_avg_recall": 0.6243006292939668,
    "validation_min_recall": 0.23545010739675093,
    "train_variance": 3.6389856338500977,
    "validation_variance": 766.900390625
}