{
    "train_accuracy": 1.0,
    "train_avg_precision": 1.0,
    "train_min_precision": 1.0,
    "train_avg_recall": 1.0,
    "train_min_recall": 1.0,
    "train_loss": 0.030223719775676727,
    "validation_accuracy": 0.625,
    "validation_avg_precision": 0.46296296296296297,
    "validation_min_precision": 0.0,
    "validation_avg_recall": 0.611111111111111,
    "validation_min_recall": 0.0,
    "validation_loss": 1.5340908765792847,
    "train_variance": 2.5146055221557617,
    "validation_variance": 614.14306640625
}