{
    "train_loss": 0.24088344192782113,
    "train_accuracy": 0.9289930557095721,
    "train_avg_precision": 0.9161644650058967,
    "train_min_precision": 0.581686773958356,
    "train_avg_recall": 0.9363461022978686,
    "train_min_recall": 0.7534146050050997,
    "validation_loss": 1.3191208001933519,
    "validation_accuracy": 0.6070015822784809,
    "validation_avg_precision": 0.635653485166644,
    "validation_min_precision": 0.30437726134518656,
    "validation_avg_recall": 0.6071051313880819,
    "validation_min_recall": 0.20890836138906058,
    "train_variance": 46.875308990478516,
    "validation_variance": 542.0027465820312
}