{
    "train_accuracy": 0.9259259104728699,
    "train_avg_precision": 0.8753643270309936,
    "train_min_precision": 0.5,
    "train_avg_recall": 0.9343542260208928,
    "train_min_recall": 0.7777777777777778,
    "train_loss": 0.32440105080604553,
    "validation_accuracy": 0.4375,
    "validation_avg_precision": 0.2833333333333333,
    "validation_min_precision": 0.0,
    "validation_avg_recall": 0.3,
    "validation_min_recall": 0.0,
    "validation_loss": 1.3183670043945312,
    "train_variance": 30.258930206298828,
    "validation_variance": 351.5035095214844
}