{
    "train_loss": 0.03190938099179157,
    "train_accuracy": 0.9984738372093006,
    "train_avg_precision": 0.9980521464259596,
    "train_min_precision": 0.9812068928631462,
    "train_avg_recall": 0.9990711782106725,
    "train_min_recall": 0.9913323286575245,
    "validation_loss": 1.436221126514145,
    "validation_accuracy": 0.619264240506329,
    "validation_avg_precision": 0.6363958000566634,
    "validation_min_precision": 0.33423316982512824,
    "validation_avg_recall": 0.6175993921470572,
    "validation_min_recall": 0.22850392592476312,
    "train_variance": 3.066617012023926,
    "validation_variance": 827.4305419921875
}