{
    "train_accuracy": 1.0,
    "train_avg_precision": 1.0,
    "train_min_precision": 1.0,
    "train_avg_recall": 1.0,
    "train_min_recall": 1.0,
    "train_loss": 0.019113097339868546,
    "validation_accuracy": 0.5,
    "validation_avg_precision": 0.39333333333333337,
    "validation_min_precision": 0.0,
    "validation_avg_recall": 0.3333333333333333,
    "validation_min_recall": 0.0,
    "validation_loss": 1.9896992444992065,
    "train_variance": 1.9579750299453735,
    "validation_variance": 711.4461669921875
}