{
    "train_loss": 0.6065967464169784,
    "train_accuracy": 0.7977376721626107,
    "train_avg_precision": 0.7766338656921502,
    "train_min_precision": 0.35839491415068125,
    "train_avg_recall": 0.8091550315529666,
    "train_min_recall": 0.5144560075075669,
    "validation_loss": 1.2531828548334822,
    "validation_accuracy": 0.5806962025316456,
    "validation_avg_precision": 0.6155991157245353,
    "validation_min_precision": 0.2855637459840328,
    "validation_avg_recall": 0.5795504697202397,
    "validation_min_recall": 0.2671139493287474,
    "train_variance": 82.3628921508789,
    "validation_variance": 267.1167297363281
}