{
    "train_accuracy": 0.8703703880310059,
    "train_avg_precision": 0.881175315912158,
    "train_min_precision": 0.7272727272727273,
    "train_avg_recall": 0.9136800334168756,
    "train_min_recall": 0.7142857142857143,
    "train_loss": 0.4780081510543823,
    "validation_accuracy": 0.6875,
    "validation_avg_precision": 0.5357142857142857,
    "validation_min_precision": 0.0,
    "validation_avg_recall": 0.5,
    "validation_min_recall": 0.0,
    "validation_loss": 0.9173416495323181,
    "train_variance": 51.28986740112305,
    "validation_variance": 295.7856140136719
}