{
    "train_accuracy": 1.0,
    "train_avg_precision": 1.0,
    "train_min_precision": 1.0,
    "train_avg_recall": 1.0,
    "train_min_recall": 1.0,
    "train_loss": 0.033982761204242706,
    "validation_accuracy": 0.5625,
    "validation_avg_precision": 0.26666666666666666,
    "validation_min_precision": 0.0,
    "validation_avg_recall": 0.3333333333333333,
    "validation_min_recall": 0.0,
    "validation_loss": 1.8432953357696533,
    "train_variance": 3.620863437652588,
    "validation_variance": 625.1474609375
}