{
    "train_accuracy": 1.0,
    "train_avg_precision": 1.0,
    "train_min_precision": 1.0,
    "train_avg_recall": 1.0,
    "train_min_recall": 1.0,
    "train_loss": 0.05539240688085556,
    "validation_accuracy": 0.875,
    "validation_avg_precision": 0.8111111111111111,
    "validation_min_precision": 0.0,
    "validation_avg_recall": 0.8333333333333334,
    "validation_min_recall": 0.0,
    "validation_loss": 0.6335495114326477,
    "train_variance": 8.365970611572266,
    "validation_variance": 558.897705078125
}