{
    "train_accuracy": 0.6111111044883728,
    "train_avg_precision": 0.5845634920634921,
    "train_min_precision": 0.1111111111111111,
    "train_avg_recall": 0.5040319548872181,
    "train_min_recall": 0.2,
    "train_loss": 1.149253010749817,
    "validation_accuracy": 0.375,
    "validation_avg_precision": 0.3333333333333333,
    "validation_min_precision": 0.0,
    "validation_avg_recall": 0.2708333333333333,
    "validation_min_recall": 0.0,
    "validation_loss": 1.4147480726242065,
    "train_variance": 95.03990936279297,
    "validation_variance": 133.12890625
}