{
    "train_loss": 0.05179966983580309,
    "train_accuracy": 0.9950218023255816,
    "train_avg_precision": 0.9931000535744232,
    "train_min_precision": 0.9410063089139525,
    "train_avg_recall": 0.9953028228773573,
    "train_min_recall": 0.9592650118712566,
    "validation_loss": 1.3857108792172197,
    "validation_accuracy": 0.6213409810126584,
    "validation_avg_precision": 0.6368328951913131,
    "validation_min_precision": 0.3558550951589013,
    "validation_avg_recall": 0.6189807411708007,
    "validation_min_recall": 0.26202367659729425,
    "train_variance": 6.4518866539001465,
    "validation_variance": 730.2264404296875
}