{
    "train_loss": 0.13489663969725368,
    "train_accuracy": 0.9542968749999996,
    "train_avg_precision": 0.9364119542432502,
    "train_min_precision": 0.6194919949331712,
    "train_avg_recall": 0.9443487543421787,
    "train_min_recall": 0.6780703601953603,
    "validation_loss": 0.37492663071603527,
    "validation_accuracy": 0.8750000000000004,
    "validation_avg_precision": 0.8826983199037337,
    "validation_min_precision": 0.5335477685796156,
    "validation_avg_recall": 0.8742555632815721,
    "validation_min_recall": 0.5314275604084518,
    "train_variance": 17.040191650390625,
    "validation_variance": 56.6235237121582
}