{
    "train_loss": 0.17221425589174028,
    "train_accuracy": 0.9391406249999996,
    "train_avg_precision": 0.9151661414497813,
    "train_min_precision": 0.5590921717171717,
    "train_avg_recall": 0.9293326069683616,
    "train_min_recall": 0.6273952771085122,
    "validation_loss": 0.3747268408347088,
    "validation_accuracy": 0.8743033439490453,
    "validation_avg_precision": 0.8785496498076117,
    "validation_min_precision": 0.526752193312703,
    "validation_avg_recall": 0.8769592529040514,
    "validation_min_recall": 0.5423999037056363,
    "train_variance": 21.38504981994629,
    "validation_variance": 52.70281219482422
}