{
    "train_loss": 0.17135599922388794,
    "train_accuracy": 0.9410156249999987,
    "train_avg_precision": 0.9182418141094827,
    "train_min_precision": 0.5396218043652258,
    "train_avg_recall": 0.9171342672549334,
    "train_min_recall": 0.5482247058497057,
    "validation_loss": 0.41102035182296837,
    "validation_accuracy": 0.8635549363057331,
    "validation_avg_precision": 0.8811066395570581,
    "validation_min_precision": 0.4925478927633291,
    "validation_avg_recall": 0.8644539808262173,
    "validation_min_recall": 0.4843827262617072,
    "train_variance": 17.655061721801758,
    "validation_variance": 42.155540466308594
}