{
    "train_loss": 0.07834582556970417,
    "train_accuracy": 0.9784375000000001,
    "train_avg_precision": 0.9707860873864792,
    "train_min_precision": 0.7908199236479038,
    "train_avg_recall": 0.9761834051053814,
    "train_min_recall": 0.8330159660600844,
    "validation_loss": 0.3553114216418785,
    "validation_accuracy": 0.8821656050955418,
    "validation_avg_precision": 0.8902863685029291,
    "validation_min_precision": 0.5639598900745401,
    "validation_avg_recall": 0.8815944529638796,
    "validation_min_recall": 0.548432459260485,
    "train_variance": 11.449766159057617,
    "validation_variance": 68.57442474365234
}