{
    "train_loss": 0.3967095472663642,
    "train_accuracy": 0.8690624999999997,
    "train_avg_precision": 0.8303310981071396,
    "train_min_precision": 0.26899007936507946,
    "train_avg_recall": 0.8440718541244762,
    "train_min_recall": 0.34734679903429916,
    "validation_loss": 0.4986480569383901,
    "validation_accuracy": 0.8432523885350328,
    "validation_avg_precision": 0.8498209363177511,
    "validation_min_precision": 0.4873926144626781,
    "validation_avg_recall": 0.845026794684438,
    "validation_min_recall": 0.46795847464637275,
    "train_variance": 38.343814849853516,
    "validation_variance": 53.896461486816406
}