{
    "train_loss": 3.156676505901376,
    "train_zero_shot_top_1": 0.0,
    "train_zero_shot_top_2": 0.0,
    "validation_loss": 7.444158033891157,
    "validation_zero_shot_top_1": 0.20904679258454856,
    "validation_zero_shot_top_2": 0.5193742970446789
}