{
    "train_loss": 3.0789867305025767,
    "train_zero_shot_top_1": 0.0,
    "train_zero_shot_top_2": 0.0,
    "validation_loss": 6.999362078579988,
    "validation_zero_shot_top_1": 0.4470765542584549,
    "validation_zero_shot_top_2": 0.4984280464629227,
    "train_variance": 0.9969849586486816,
    "validation_variance": 41.106346130371094
}