{
    "train_loss": 3.090257446984856,
    "train_zero_shot_top_1": 0.0,
    "train_zero_shot_top_2": 0.0,
    "validation_loss": 8.872766754843974,
    "validation_zero_shot_top_1": 0.2975434135510394,
    "validation_zero_shot_top_2": 0.3042457289404282
}