{
    "train_loss": 3.0961575994686203,
    "train_zero_shot_top_1": 0.0,
    "train_zero_shot_top_2": 0.0,
    "validation_loss": 9.400307915427469,
    "validation_zero_shot_top_1": 0.13936028641793358,
    "validation_zero_shot_top_2": 0.30575041692522503
}