{
    "train_loss": 3.1941304450132404,
    "train_zero_shot_top_1": 0.0,
    "train_zero_shot_top_2": 0.0,
    "validation_loss": 7.373444253748113,
    "validation_zero_shot_top_1": 0.21694716199968972,
    "validation_zero_shot_top_2": 0.46323058873720135
}