{
    "train_loss": 3.1051207780838017,
    "train_zero_shot_top_1": 0.0,
    "train_zero_shot_top_2": 0.0,
    "validation_loss": 9.210547187111594,
    "validation_zero_shot_top_1": 0.13732292797859136,
    "validation_zero_shot_top_2": 0.5210565418476575
}