{
    "train_loss": 3.0970227694024857,
    "train_zero_shot_top_1": 0.0,
    "train_zero_shot_top_2": 0.0,
    "validation_loss": 9.34279762614857,
    "validation_zero_shot_top_1": 0.13705750174526837,
    "validation_zero_shot_top_2": 0.31640927997983237
}