{
    "train_loss": 3.1034076323314594,
    "train_zero_shot_top_1": 0.0,
    "train_zero_shot_top_2": 0.0,
    "validation_loss": 6.953173594041305,
    "validation_zero_shot_top_1": 0.2825013816708036,
    "validation_zero_shot_top_2": 0.5000187858749612,
    "train_variance": 0.6022239327430725,
    "validation_variance": 56.04090881347656
}