{
    "train_loss": 3.168119640982882,
    "train_zero_shot_top_1": 0.0,
    "train_zero_shot_top_2": 0.0,
    "validation_loss": 7.5247485854408955,
    "validation_zero_shot_top_1": 0.2170798751163512,
    "validation_zero_shot_top_2": 0.37810209335246664
}