{
    "train_loss": 3.088747838321997,
    "train_zero_shot_top_1": 0.0,
    "train_zero_shot_top_2": 0.0,
    "validation_loss": 6.7397424524480645,
    "validation_zero_shot_top_1": 0.48208918321439653,
    "validation_zero_shot_top_2": 0.5006411437325473,
    "train_variance": 0.8963711261749268,
    "validation_variance": 40.1330680847168
}