{
    "train_loss": 0.04233868008479478,
    "train_accuracy": 0.9927343750000014,
    "train_avg_precision": 0.9899281743097362,
    "train_min_precision": 0.91722171264964,
    "train_avg_recall": 0.9937731747128851,
    "train_min_recall": 0.9482250936212163,
    "validation_loss": 0.3497615379245974,
    "validation_accuracy": 0.8904272151898734,
    "validation_avg_precision": 0.8973067954751242,
    "validation_min_precision": 0.6184553685636298,
    "validation_avg_recall": 0.8881455613157322,
    "validation_min_recall": 0.6284814725124127,
    "train_variance": 4.167097568511963,
    "validation_variance": 55.28533172607422
}