{
    "train_loss": 0.28294717200100417,
    "train_accuracy": 0.9010156249999995,
    "train_avg_precision": 0.8573645591584546,
    "train_min_precision": 0.40340076181987955,
    "train_avg_recall": 0.889591185628481,
    "train_min_recall": 0.5357073201599855,
    "validation_loss": 0.4190816290770907,
    "validation_accuracy": 0.8632318037974683,
    "validation_avg_precision": 0.8646878236058306,
    "validation_min_precision": 0.5944656516231351,
    "validation_avg_recall": 0.8650566423280373,
    "validation_min_recall": 0.5791106507028629,
    "train_variance": 19.989850997924805,
    "validation_variance": 36.882843017578125
}