{
    "train_loss": 0.0370895054610446,
    "train_accuracy": 0.9944921875000013,
    "train_avg_precision": 0.9931325610743579,
    "train_min_precision": 0.9404659881299285,
    "train_avg_recall": 0.9959067377965849,
    "train_min_recall": 0.9644413629448666,
    "validation_loss": 0.363245884451685,
    "validation_accuracy": 0.8891416139240502,
    "validation_avg_precision": 0.8971504680213922,
    "validation_min_precision": 0.608728973170177,
    "validation_avg_recall": 0.8888073556127204,
    "validation_min_recall": 0.6143812997929864,
    "train_variance": 3.6758477687835693,
    "validation_variance": 60.38920593261719
}