{
    "train_loss": 2.5303369269651528,
    "validation_loss": 2.8743777990341184,
    "train_variance": 15.21198844909668,
    "validation_variance": 21.04908561706543
}