{
    "train_loss": 2.252351765071643,
    "validation_loss": 2.7819462656974796,
    "train_variance": 40.91813659667969,
    "validation_variance": 57.439083099365234
}