{
    "train_loss": 2.6794784125159765,
    "validation_loss": 2.946202778816223,
    "train_variance": 13.765137672424316,
    "validation_variance": 16.246170043945312
}