{
    "train_loss": 2.64257939563078,
    "validation_loss": 2.9432562351226808,
    "train_variance": 25.092557907104492,
    "validation_variance": 24.450929641723633
}