{
    "train_loss": 3.326943548987892,
    "validation_loss": 3.3908706903457646,
    "train_variance": 26.057504653930664,
    "validation_variance": 33.753292083740234
}