{
    "train_loss": 2.1827778535730684,
    "validation_loss": 2.73937109708786,
    "train_variance": 38.42375946044922,
    "validation_variance": 54.91661834716797
}