{
    "train_loss": 2.207399944698109,
    "validation_loss": 2.7690832853317255,
    "train_variance": 38.74734115600586,
    "validation_variance": 52.098411560058594
}