{
    "train_loss": 2.3337723451502184,
    "validation_loss": 2.8607888221740723,
    "train_variance": 25.380834579467773,
    "validation_variance": 34.98305892944336
}