{
    "train_loss": 0.06650977968703957,
    "train_accuracy": 0.9944531249999928,
    "train_avg_precision": 0.9939948591993952,
    "train_min_precision": 0.9307761258886393,
    "train_avg_recall": 0.9957503503693309,
    "train_min_recall": 0.9463346983468831,
    "validation_loss": 1.3740107861294104,
    "validation_accuracy": 0.6308718152866245,
    "validation_avg_precision": 0.642532332785237,
    "validation_min_precision": 0.21843340664996708,
    "validation_avg_recall": 0.6301600814260054,
    "validation_min_recall": 0.17637039181625164,
    "train_variance": 18.933597564697266,
    "validation_variance": 924.9967651367188
}