{
    "train_loss": 0.2412315437942742,
    "train_accuracy": 0.9347265625000025,
    "train_avg_precision": 0.9192097324997915,
    "train_min_precision": 0.6048181263181251,
    "train_avg_recall": 0.9352133631813725,
    "train_min_recall": 0.6684199279607554,
    "validation_loss": 1.2279805210745252,
    "validation_accuracy": 0.6286823248407639,
    "validation_avg_precision": 0.6367374945890703,
    "validation_min_precision": 0.24341251459085844,
    "validation_avg_recall": 0.6275225004077883,
    "validation_min_recall": 0.1985301146129171,
    "train_variance": 65.77757263183594,
    "validation_variance": 536.0067138671875
}