{
    "train_loss": 0.11735990839079025,
    "train_accuracy": 0.9753515624999984,
    "train_avg_precision": 0.9700144189114723,
    "train_min_precision": 0.8020491919286404,
    "train_avg_recall": 0.9770441988408425,
    "train_min_recall": 0.8494558229867807,
    "validation_loss": 1.306587063203192,
    "validation_accuracy": 0.6329617834394905,
    "validation_avg_precision": 0.637652132997144,
    "validation_min_precision": 0.20993763844082317,
    "validation_avg_recall": 0.6299710802683203,
    "validation_min_recall": 0.17481020395033128,
    "train_variance": 43.66672134399414,
    "validation_variance": 990.948974609375
}