{
    "train_accuracy": 0.59375,
    "train_avg_precision": 0.5321320346320346,
    "train_min_precision": 0.0,
    "train_avg_recall": 0.588058608058608,
    "train_min_recall": 0.0,
    "train_loss": 1.014682650566101,
    "validation_accuracy": 0.5625,
    "validation_avg_precision": 0.37037037037037035,
    "validation_min_precision": 0.0,
    "validation_avg_recall": 0.33333333333333337,
    "validation_min_recall": 0.0,
    "validation_loss": 1.5871052742004395,
    "train_variance": 105.43836212158203,
    "validation_variance": 206.59140014648438
}