{
    "train_loss": 0.5424968975037333,
    "train_accuracy": 0.8203515624999995,
    "train_avg_precision": 0.7955368261840786,
    "train_min_precision": 0.3207172202797197,
    "train_avg_recall": 0.8079083235275121,
    "train_min_recall": 0.3292233114108111,
    "validation_loss": 1.2725791126299817,
    "validation_accuracy": 0.5850915605095542,
    "validation_avg_precision": 0.5968051732172188,
    "validation_min_precision": 0.16609602358009995,
    "validation_avg_recall": 0.5841788439797994,
    "validation_min_recall": 0.12014411632246019,
    "train_variance": 128.27554321289062,
    "validation_variance": 354.5018615722656
}