{
    "train_loss": 0.8759954616427423,
    "train_accuracy": 0.7045312499999987,
    "train_avg_precision": 0.6615836094616219,
    "train_min_precision": 0.1458095238095238,
    "train_avg_recall": 0.6918923372724094,
    "train_min_recall": 0.18884204133285012,
    "validation_loss": 1.218327129342754,
    "validation_accuracy": 0.581110668789809,
    "validation_avg_precision": 0.5950036092711254,
    "validation_min_precision": 0.20591906324390397,
    "validation_avg_recall": 0.5816117145416508,
    "validation_min_recall": 0.18964360126780505,
    "train_variance": 97.64805603027344,
    "validation_variance": 194.16404724121094
}