{
    "train_accuracy": 0.984375,
    "train_avg_precision": 0.9833333333333333,
    "train_min_precision": 0.8333333333333334,
    "train_avg_recall": 0.9900000000000001,
    "train_min_recall": 0.9,
    "train_loss": 0.09909357130527496,
    "validation_accuracy": 0.625,
    "validation_avg_precision": 0.6875,
    "validation_min_precision": 0.0,
    "validation_avg_recall": 0.5416666666666666,
    "validation_min_recall": 0.0,
    "validation_loss": 0.9277824759483337,
    "train_variance": 25.17766761779785,
    "validation_variance": 845.3038330078125
}