{
    "train_accuracy": 0.984375,
    "train_avg_precision": 0.9900000000000001,
    "train_min_precision": 0.9,
    "train_avg_recall": 0.9888888888888889,
    "train_min_recall": 0.8888888888888888,
    "train_loss": 0.08303625881671906,
    "validation_accuracy": 0.5625,
    "validation_avg_precision": 0.49000000000000005,
    "validation_min_precision": 0.0,
    "validation_avg_recall": 0.5,
    "validation_min_recall": 0.0,
    "validation_loss": 2.013965606689453,
    "train_variance": 17.51038360595703,
    "validation_variance": 918.592041015625
}