{
    "train_loss": 0.14655879387631995,
    "train_accuracy": 0.9680468750000005,
    "train_avg_precision": 0.9586010604911261,
    "train_min_precision": 0.7375084290709277,
    "train_avg_recall": 0.9702123030725878,
    "train_min_recall": 0.7969875965537717,
    "validation_loss": 1.260995516351834,
    "validation_accuracy": 0.639231687898089,
    "validation_avg_precision": 0.6482010443555029,
    "validation_min_precision": 0.24307184323107883,
    "validation_avg_recall": 0.6365750347026105,
    "validation_min_recall": 0.21480099871819605,
    "train_variance": 40.6014289855957,
    "validation_variance": 701.1785278320312
}