{
    "train_loss": 1.249234084039927,
    "train_accuracy": 0.5641406250000001,
    "train_avg_precision": 0.5398622293352076,
    "train_min_precision": 0.04641031191031191,
    "train_avg_recall": 0.5382889938307927,
    "train_min_recall": 0.06305951687201687,
    "validation_loss": 1.5449519871146822,
    "validation_accuracy": 0.48029458598726105,
    "validation_avg_precision": 0.4894883530386941,
    "validation_min_precision": 0.06699607166074006,
    "validation_avg_recall": 0.48346014762150646,
    "validation_min_recall": 0.04913350980229961,
    "train_variance": 156.47537231445312,
    "validation_variance": 185.80496215820312
}