{
    "train_loss": 0.08263388366438457,
    "train_accuracy": 0.9870703124999944,
    "train_avg_precision": 0.9851349865644702,
    "train_min_precision": 0.8844175616050574,
    "train_avg_recall": 0.9885617258686064,
    "train_min_recall": 0.912670951243026,
    "validation_loss": 1.3749931336967807,
    "validation_accuracy": 0.6240047770700635,
    "validation_avg_precision": 0.6348012798574805,
    "validation_min_precision": 0.2296778769708705,
    "validation_avg_recall": 0.6234871833757183,
    "validation_min_recall": 0.17003615634188882,
    "train_variance": 27.387237548828125,
    "validation_variance": 1084.0164794921875
}