{
    "train_accuracy": 0.9375,
    "train_avg_precision": 0.9186868686868688,
    "train_min_precision": 0.5,
    "train_avg_recall": 0.9557142857142857,
    "train_min_recall": 0.7,
    "train_loss": 0.19948989152908325,
    "validation_accuracy": 0.875,
    "validation_avg_precision": 0.888888888888889,
    "validation_min_precision": 0.5,
    "validation_avg_recall": 0.9166666666666666,
    "validation_min_recall": 0.5,
    "validation_loss": 0.7766657471656799,
    "train_variance": 78.2900161743164,
    "validation_variance": 708.3549194335938
}