{
    "train_loss": 0.08683821820653977,
    "train_accuracy": 0.9852734374999959,
    "train_avg_precision": 0.9833034823068111,
    "train_min_precision": 0.8747309728669985,
    "train_avg_recall": 0.9864658949903093,
    "train_min_recall": 0.8986982089655232,
    "validation_loss": 1.3659892962996367,
    "validation_accuracy": 0.6227109872611464,
    "validation_avg_precision": 0.6381268399790765,
    "validation_min_precision": 0.23047341900845078,
    "validation_avg_recall": 0.6231529740606174,
    "validation_min_recall": 0.17401034916958485,
    "train_variance": 29.88142967224121,
    "validation_variance": 1054.2984619140625
}