{
    "train_loss": 0.08071327668149024,
    "train_accuracy": 0.9907031249999947,
    "train_avg_precision": 0.9903260107236388,
    "train_min_precision": 0.9100563040438189,
    "train_avg_recall": 0.9933280082413471,
    "train_min_recall": 0.9332981491552292,
    "validation_loss": 1.325053022925261,
    "validation_accuracy": 0.6363455414012736,
    "validation_avg_precision": 0.6429733264737009,
    "validation_min_precision": 0.23984499223352723,
    "validation_avg_recall": 0.6340561757971525,
    "validation_min_recall": 0.1916184134337,
    "train_variance": 21.830718994140625,
    "validation_variance": 846.6309814453125
}