{
    "train_loss": 0.31352243475615926,
    "train_accuracy": 0.9046093750000015,
    "train_avg_precision": 0.8819377980370705,
    "train_min_precision": 0.5095437479187469,
    "train_avg_recall": 0.9031659373216326,
    "train_min_recall": 0.5788660132759392,
    "validation_loss": 1.2221303145596931,
    "validation_accuracy": 0.6237062101910825,
    "validation_avg_precision": 0.621157913281368,
    "validation_min_precision": 0.23073414554306268,
    "validation_avg_recall": 0.6209771205740359,
    "validation_min_recall": 0.17673402323083848,
    "train_variance": 105.6977310180664,
    "validation_variance": 626.8002319335938
}