{
    "train_loss": 0.6437072353810072,
    "train_accuracy": 0.7855078124999995,
    "train_avg_precision": 0.7544974533710276,
    "train_min_precision": 0.24693000749250735,
    "train_avg_recall": 0.7816025793588748,
    "train_min_recall": 0.2902137029637029,
    "validation_loss": 1.287306723700966,
    "validation_accuracy": 0.5924562101910826,
    "validation_avg_precision": 0.6132797934084389,
    "validation_min_precision": 0.18826930323745603,
    "validation_avg_recall": 0.5880630277365946,
    "validation_min_recall": 0.1595398939347984,
    "train_variance": 152.88815307617188,
    "validation_variance": 483.99652099609375
}