{
    "train_loss": 0.30573152033612133,
    "train_accuracy": 0.9098046875000021,
    "train_avg_precision": 0.8949585670069788,
    "train_min_precision": 0.5468676393051386,
    "train_avg_recall": 0.9037081801400191,
    "train_min_recall": 0.5805356830669323,
    "validation_loss": 1.280492930275619,
    "validation_accuracy": 0.6141520700636943,
    "validation_avg_precision": 0.629833920437044,
    "validation_min_precision": 0.24651814922515555,
    "validation_avg_recall": 0.612969138288546,
    "validation_min_recall": 0.18371935919706614,
    "train_variance": 100.88819885253906,
    "validation_variance": 505.26416015625
}