{
    "train_loss": 0.5806252386420967,
    "train_accuracy": 0.80578125,
    "train_avg_precision": 0.7745092684815236,
    "train_min_precision": 0.28165172613334366,
    "train_avg_recall": 0.7811994149900737,
    "train_min_recall": 0.2881692821067818,
    "validation_loss": 1.281678610926221,
    "validation_accuracy": 0.5855891719745223,
    "validation_avg_precision": 0.5997953009862904,
    "validation_min_precision": 0.19065710474946135,
    "validation_avg_recall": 0.585498773264166,
    "validation_min_recall": 0.143200889697705,
    "train_variance": 156.69532775878906,
    "validation_variance": 392.4365234375
}