{
    "train_loss": 1.2458645802736295,
    "train_accuracy": 0.5676171874999998,
    "train_avg_precision": 0.5300767289536898,
    "train_min_precision": 0.05051927239427241,
    "train_avg_recall": 0.5351845259552114,
    "train_min_recall": 0.06618225524475524,
    "validation_loss": 1.5639256929895675,
    "validation_accuracy": 0.477408439490446,
    "validation_avg_precision": 0.4809555928238756,
    "validation_min_precision": 0.06313430023621107,
    "validation_avg_recall": 0.47687532271927174,
    "validation_min_recall": 0.05127733200981609,
    "train_variance": 171.42979431152344,
    "validation_variance": 217.96890258789062
}