{
    "train_accuracy": 0.6875,
    "train_avg_precision": 0.675472027972028,
    "train_min_precision": 0.0,
    "train_avg_recall": 0.614404761904762,
    "train_min_recall": 0.0,
    "train_loss": 0.6759108901023865,
    "validation_accuracy": 0.4375,
    "validation_avg_precision": 0.34259259259259256,
    "validation_min_precision": 0.0,
    "validation_avg_recall": 0.34259259259259256,
    "validation_min_recall": 0.0,
    "validation_loss": 1.4122401475906372,
    "train_variance": 122.25550079345703,
    "validation_variance": 263.9643249511719
}