{
    "train_loss": 0.10126391252037142,
    "train_accuracy": 0.9810937499999967,
    "train_avg_precision": 0.9788843625214927,
    "train_min_precision": 0.850293319479365,
    "train_avg_recall": 0.984034548164867,
    "train_min_recall": 0.8894922479663373,
    "validation_loss": 1.3254141758201992,
    "validation_accuracy": 0.628483280254777,
    "validation_avg_precision": 0.6338377272055614,
    "validation_min_precision": 0.23388859901598746,
    "validation_avg_recall": 0.6248277898675989,
    "validation_min_recall": 0.17631870076137587,
    "train_variance": 34.24428939819336,
    "validation_variance": 1004.0667724609375
}