{
    "train_loss": 0.1861206672433762,
    "train_accuracy": 0.9537500000000013,
    "train_avg_precision": 0.9523418005404435,
    "train_min_precision": 0.7406051267488951,
    "train_avg_recall": 0.953564236394237,
    "train_min_recall": 0.7465616813741806,
    "validation_loss": 1.374261032244203,
    "validation_accuracy": 0.6113654458598722,
    "validation_avg_precision": 0.6291341422477337,
    "validation_min_precision": 0.21924321255531437,
    "validation_avg_recall": 0.6132596728191204,
    "validation_min_recall": 0.16435855368976385,
    "train_variance": 79.65026092529297,
    "validation_variance": 650.5263671875
}