{
    "train_accuracy": 1.0,
    "train_avg_precision": 1.0,
    "train_min_precision": 1.0,
    "train_avg_recall": 1.0,
    "train_min_recall": 1.0,
    "train_loss": 0.044152308255434036,
    "validation_accuracy": 0.5,
    "validation_avg_precision": 0.43518518518518523,
    "validation_min_precision": 0.0,
    "validation_avg_recall": 0.5833333333333333,
    "validation_min_recall": 0.0,
    "validation_loss": 1.784631609916687,
    "train_variance": 17.94147491455078,
    "validation_variance": 899.8409423828125
}