{
    "train_accuracy": 0.921875,
    "train_avg_precision": 0.9273288439955106,
    "train_min_precision": 0.75,
    "train_avg_recall": 0.9500388500388499,
    "train_min_recall": 0.7272727272727273,
    "train_loss": 0.2198166400194168,
    "validation_accuracy": 0.6875,
    "validation_avg_precision": 0.775,
    "validation_min_precision": 0.0,
    "validation_avg_recall": 0.6458333333333333,
    "validation_min_recall": 0.0,
    "validation_loss": 1.2067686319351196,
    "train_variance": 75.85501861572266,
    "validation_variance": 568.3731079101562
}