{
    "train_loss": 0.06843724481761457,
    "train_accuracy": 0.9935156249999931,
    "train_avg_precision": 0.9917269557568826,
    "train_min_precision": 0.9139720096080337,
    "train_avg_recall": 0.9932988651712255,
    "train_min_recall": 0.9264836601307137,
    "validation_loss": 1.37085281018239,
    "validation_accuracy": 0.6305732484076434,
    "validation_avg_precision": 0.6431457565580831,
    "validation_min_precision": 0.22394949353548071,
    "validation_avg_recall": 0.6301221018896179,
    "validation_min_recall": 0.16689389874103244,
    "train_variance": 18.887781143188477,
    "validation_variance": 867.4127807617188
}