{
    "train_accuracy": 0.984375,
    "train_avg_precision": 0.9800000000000001,
    "train_min_precision": 0.8,
    "train_avg_recall": 0.9875,
    "train_min_recall": 0.875,
    "train_loss": 0.14299331605434418,
    "validation_accuracy": 0.625,
    "validation_avg_precision": 0.65625,
    "validation_min_precision": 0.0,
    "validation_avg_recall": 0.6458333333333333,
    "validation_min_recall": 0.0,
    "validation_loss": 1.151832103729248,
    "train_variance": 38.07957458496094,
    "validation_variance": 728.431884765625
}