{
    "train_loss": 0.0937470769323409,
    "train_accuracy": 0.9866406249999957,
    "train_avg_precision": 0.984352100500476,
    "train_min_precision": 0.8653430297772371,
    "train_avg_recall": 0.9884463811185633,
    "train_min_recall": 0.8976080691754031,
    "validation_loss": 1.3143081740968545,
    "validation_accuracy": 0.6355493630573247,
    "validation_avg_precision": 0.6446949402507289,
    "validation_min_precision": 0.24231797926065432,
    "validation_avg_recall": 0.6322035364179741,
    "validation_min_recall": 0.1886634773577448,
    "train_variance": 24.966821670532227,
    "validation_variance": 814.0313720703125
}