{
    "train_accuracy": 0.71875,
    "train_avg_precision": 0.7803174603174603,
    "train_min_precision": 0.2222222222222222,
    "train_avg_recall": 0.6787229437229437,
    "train_min_recall": 0.42857142857142855,
    "train_loss": 0.9423709511756897,
    "validation_accuracy": 0.3125,
    "validation_avg_precision": 0.3,
    "validation_min_precision": 0.0,
    "validation_avg_recall": 0.29166666666666663,
    "validation_min_recall": 0.0,
    "validation_loss": 1.5855518579483032,
    "train_variance": 138.3988800048828,
    "validation_variance": 189.39620971679688
}