{
    "train_loss": 0.9369899371266363,
    "train_accuracy": 0.6793359374999998,
    "train_avg_precision": 0.6412425629949314,
    "train_min_precision": 0.10606266650016655,
    "train_avg_recall": 0.6265725835362114,
    "train_min_recall": 0.11022104284604296,
    "validation_loss": 1.4477069104553026,
    "validation_accuracy": 0.507563694267516,
    "validation_avg_precision": 0.5396663658641577,
    "validation_min_precision": 0.08035209659413481,
    "validation_avg_recall": 0.5039005883657441,
    "validation_min_recall": 0.05516700214152443,
    "train_variance": 138.7198028564453,
    "validation_variance": 188.9097442626953
}