{
    "train_loss": 0.9666740070283418,
    "train_accuracy": 0.6703515624999989,
    "train_avg_precision": 0.6236574259229641,
    "train_min_precision": 0.08845487151737155,
    "train_avg_recall": 0.6103114155100383,
    "train_min_recall": 0.1000457112332113,
    "validation_loss": 1.501438018622671,
    "validation_accuracy": 0.4922372611464968,
    "validation_avg_precision": 0.5064038360527285,
    "validation_min_precision": 0.050010092526016105,
    "validation_avg_recall": 0.4892412826685963,
    "validation_min_recall": 0.039885203260999445,
    "train_variance": 158.98692321777344,
    "validation_variance": 218.2058868408203
}