{
    "train_accuracy": 0.90625,
    "train_avg_precision": 0.9353535353535353,
    "train_min_precision": 0.6666666666666666,
    "train_avg_recall": 0.8886243386243388,
    "train_min_recall": 0.6,
    "train_loss": 0.300586998462677,
    "validation_accuracy": 0.75,
    "validation_avg_precision": 0.4259259259259259,
    "validation_min_precision": 0.0,
    "validation_avg_recall": 0.5555555555555556,
    "validation_min_recall": 0.0,
    "validation_loss": 1.010505199432373,
    "train_variance": 132.05715942382812,
    "validation_variance": 456.8163757324219
}