{
    "train_loss": 0.48798307418823234,
    "train_accuracy": 0.8434375000000003,
    "train_avg_precision": 0.8175710282007317,
    "train_min_precision": 0.3903998501498491,
    "train_avg_recall": 0.8390190041544444,
    "train_min_recall": 0.4174516282328774,
    "validation_loss": 1.2662936957778446,
    "validation_accuracy": 0.6055931528662418,
    "validation_avg_precision": 0.6151980122918133,
    "validation_min_precision": 0.20281638036415095,
    "validation_avg_recall": 0.6020352312231297,
    "validation_min_recall": 0.18740682530491443,
    "train_variance": 125.45197296142578,
    "validation_variance": 415.2900390625
}