{
    "train_loss": 0.13529344841837884,
    "train_accuracy": 0.9701953124999998,
    "train_avg_precision": 0.965413010376627,
    "train_min_precision": 0.780294955861131,
    "train_avg_recall": 0.9712509357373542,
    "train_min_recall": 0.8161577783027077,
    "validation_loss": 1.3169460892677312,
    "validation_accuracy": 0.6256966560509558,
    "validation_avg_precision": 0.640924103662612,
    "validation_min_precision": 0.21971433555828454,
    "validation_avg_recall": 0.6217640719153459,
    "validation_min_recall": 0.17628320016855042,
    "train_variance": 59.10441207885742,
    "validation_variance": 909.0716552734375
}