{
    "train_loss": 0.1737851115223019,
    "train_accuracy": 0.9542187500000014,
    "train_avg_precision": 0.9440650160342556,
    "train_min_precision": 0.6959692980630469,
    "train_avg_recall": 0.9576579915098133,
    "train_min_recall": 0.7630541603541785,
    "validation_loss": 1.2672993225656497,
    "validation_accuracy": 0.6331608280254778,
    "validation_avg_precision": 0.6436012324027497,
    "validation_min_precision": 0.23217502596483483,
    "validation_avg_recall": 0.6312567784823316,
    "validation_min_recall": 0.1902374341864787,
    "train_variance": 61.566612243652344,
    "validation_variance": 851.3853149414062
}