train_accuracy,train_loss,validation_accuracy,validation_loss
0.20319999754428864,4.680581092834473,0.20719999074935913,4.722347259521484
0.2239999920129776,4.487383842468262,0.2207999974489212,4.424253463745117
