{
    "train_accuracy": 0.5234375,
    "train_loss": 1.3403635025024414,
    "validation_accuracy": 0.4921875,
    "validation_loss": 1.4448835849761963
}