{
    "train_accuracy": 0.2239999920129776,
    "train_loss": 4.487383842468262,
    "validation_accuracy": 0.2207999974489212,
    "validation_loss": 4.424253463745117
}