{
    "train_accuracy": 0.20319999754428864,
    "train_loss": 4.680581092834473,
    "validation_accuracy": 0.20719999074935913,
    "validation_loss": 4.722347259521484
}