{
    "train_accuracy": 0.53125,
    "train_loss": 1.3602579832077026,
    "validation_accuracy": 0.5859375,
    "validation_loss": 1.2187418937683105
}