{
    "train_loss": 0.3385374389196697,
    "train_accuracy": 0.8864918894935072,
    "train_avg_precision": 0.7271218742673499,
    "train_min_precision": 0.10977015187541503,
    "train_avg_recall": 0.8144634352682415,
    "train_min_recall": 0.23692654095130875,
    "validation_loss": 0.5425824381411075,
    "validation_accuracy": 0.7950195312500001,
    "validation_avg_precision": 0.7884440703832197,
    "validation_min_precision": 0.480667958958621,
    "validation_avg_recall": 0.7928645141215862,
    "validation_min_recall": 0.2900415783041438
}