{
    "train_loss": 0.24570978106113905,
    "train_accuracy": 0.9176497281643387,
    "train_avg_precision": 0.7874203178750254,
    "train_min_precision": 0.19990728082833345,
    "train_avg_recall": 0.8755840583523271,
    "train_min_recall": 0.4191419432015836,
    "validation_loss": 0.4850515224039555,
    "validation_accuracy": 0.83642578125,
    "validation_avg_precision": 0.8327361958077,
    "validation_min_precision": 0.5882777999071493,
    "validation_avg_recall": 0.8363367344126493,
    "validation_min_recall": 0.45143447206808296
}