{
    "train_loss": 0.24535125128009852,
    "train_accuracy": 0.9178435039101992,
    "train_avg_precision": 0.7951843673555117,
    "train_min_precision": 0.2174789148473359,
    "train_avg_recall": 0.8847382587159228,
    "train_min_recall": 0.49426318652765167,
    "validation_loss": 0.46303933784365664,
    "validation_accuracy": 0.8368164062500003,
    "validation_avg_precision": 0.8342249498971532,
    "validation_min_precision": 0.572969066679295,
    "validation_avg_recall": 0.8343745709334773,
    "validation_min_recall": 0.4791681111766575
}