{
    "train_loss": 0.4645995565673761,
    "train_accuracy": 0.8511182320745363,
    "train_avg_precision": 0.685705683086489,
    "train_min_precision": 0.055238715532833174,
    "train_avg_recall": 0.7499359370814055,
    "train_min_recall": 0.16565008698568404,
    "validation_loss": 0.7099384307861328,
    "validation_accuracy": 0.7393554687500001,
    "validation_avg_precision": 0.7397510635828128,
    "validation_min_precision": 0.32513207025615315,
    "validation_avg_recall": 0.7349813689768174,
    "validation_min_recall": 0.2853319975849975
}