{
    "train_loss": 0.3022083543371736,
    "train_accuracy": 0.8896324864605016,
    "train_avg_precision": 0.7795657612625573,
    "train_min_precision": 0.11504782627073648,
    "train_avg_recall": 0.8337730506094564,
    "train_min_recall": 0.3277936310110361,
    "validation_loss": 0.5133224949240685,
    "validation_accuracy": 0.8128906249999999,
    "validation_avg_precision": 0.8249759265625992,
    "validation_min_precision": 0.4966697572083637,
    "validation_avg_recall": 0.8142576218159323,
    "validation_min_recall": 0.4520591810894495
}