{
    "train_loss": 0.4243208582986866,
    "train_accuracy": 0.8612607759341854,
    "train_avg_precision": 0.6995529915740532,
    "train_min_precision": 0.0632090933948519,
    "train_avg_recall": 0.7691098840125958,
    "train_min_recall": 0.19115479723148085,
    "validation_loss": 0.6563637077808381,
    "validation_accuracy": 0.7563476562500001,
    "validation_avg_precision": 0.7504876872682981,
    "validation_min_precision": 0.3829962988756905,
    "validation_avg_recall": 0.7574517494765717,
    "validation_min_recall": 0.2929455498655466
}