{
    "train_loss": 0.25206053387700467,
    "train_accuracy": 0.9146580079145603,
    "train_avg_precision": 0.7821589864868346,
    "train_min_precision": 0.19748422085883383,
    "train_avg_recall": 0.880336844261953,
    "train_min_recall": 0.46756984208929164,
    "validation_loss": 0.4547618076205254,
    "validation_accuracy": 0.84072265625,
    "validation_avg_precision": 0.835365162423296,
    "validation_min_precision": 0.5799514242572689,
    "validation_avg_recall": 0.8400121506086499,
    "validation_min_recall": 0.43984305500402077
}