{
    "train_loss": 0.31672530033086477,
    "train_accuracy": 0.8971874055109528,
    "train_avg_precision": 0.7563192279115042,
    "train_min_precision": 0.1421508316245158,
    "train_avg_recall": 0.8353526974357567,
    "train_min_recall": 0.372828267917036,
    "validation_loss": 0.5230613507330418,
    "validation_accuracy": 0.8114257812500002,
    "validation_avg_precision": 0.8102466960133743,
    "validation_min_precision": 0.49704166254103793,
    "validation_avg_recall": 0.8065618357499227,
    "validation_min_recall": 0.4634813844274583
}