{
    "train_loss": 0.23169448265903872,
    "train_accuracy": 0.9231203679452868,
    "train_avg_precision": 0.8037114790835849,
    "train_min_precision": 0.255949849370902,
    "train_avg_recall": 0.8869417048517929,
    "train_min_recall": 0.4695351965969925,
    "validation_loss": 0.4685644097626208,
    "validation_accuracy": 0.8359374999999999,
    "validation_avg_precision": 0.8318021111672875,
    "validation_min_precision": 0.5954911174962579,
    "validation_avg_recall": 0.8362226235649369,
    "validation_min_recall": 0.4016597863617617
}