{
    "train_loss": 0.24067942981134377,
    "train_accuracy": 0.9191408617454667,
    "train_avg_precision": 0.7918122835229059,
    "train_min_precision": 0.23170372512477772,
    "train_avg_recall": 0.8879348653608015,
    "train_min_recall": 0.47032156132349956,
    "validation_loss": 0.4499789740890265,
    "validation_accuracy": 0.8453125000000002,
    "validation_avg_precision": 0.8421125747643201,
    "validation_min_precision": 0.6166477035751387,
    "validation_avg_recall": 0.8455310313593918,
    "validation_min_recall": 0.46126574267644116
}