{
    "train_loss": 0.46380645559545164,
    "train_accuracy": 0.8461036755327588,
    "train_avg_precision": 0.6872578621738255,
    "train_min_precision": 0.06573606705185653,
    "train_avg_recall": 0.7583891751540323,
    "train_min_recall": 0.17494144181621252,
    "validation_loss": 0.6758461982011795,
    "validation_accuracy": 0.7484374999999996,
    "validation_avg_precision": 0.741842919161338,
    "validation_min_precision": 0.3827808424117403,
    "validation_avg_recall": 0.7462973098216505,
    "validation_min_recall": 0.28589893384126014
}