{
    "train_loss": 0.2471166836065159,
    "train_accuracy": 0.9156906949846372,
    "train_avg_precision": 0.7905358245030973,
    "train_min_precision": 0.1829773053457264,
    "train_avg_recall": 0.8843531473634169,
    "train_min_recall": 0.4629638126113753,
    "validation_loss": 0.4536742456257343,
    "validation_accuracy": 0.84306640625,
    "validation_avg_precision": 0.8411225361912896,
    "validation_min_precision": 0.5652468842230972,
    "validation_avg_recall": 0.8446162007632766,
    "validation_min_recall": 0.5310916326508249
}