{
    "train_loss": 0.2549630270192498,
    "train_accuracy": 0.9156788796709301,
    "train_avg_precision": 0.7793201127316415,
    "train_min_precision": 0.1638255993519151,
    "train_avg_recall": 0.8686833604594709,
    "train_min_recall": 0.35785664709403786,
    "validation_loss": 0.4720266483724117,
    "validation_accuracy": 0.84013671875,
    "validation_avg_precision": 0.8372187793123202,
    "validation_min_precision": 0.5698792084465875,
    "validation_avg_recall": 0.8406585803483116,
    "validation_min_recall": 0.4650315769054892
}