{
    "train_loss": 0.608250501908754,
    "train_accuracy": 0.7841542833729794,
    "train_avg_precision": 0.6498982617360174,
    "train_min_precision": 0.049422087016578034,
    "train_avg_recall": 0.7428296374349449,
    "train_min_recall": 0.20902884947928294,
    "validation_loss": 0.7669799089431762,
    "validation_accuracy": 0.72197265625,
    "validation_avg_precision": 0.7323460117811833,
    "validation_min_precision": 0.356990355980708,
    "validation_avg_recall": 0.718783042552901,
    "validation_min_recall": 0.3329573655944067
}