{
    "train_loss": 1.066929078938668,
    "train_accuracy": 0.7633942072851619,
    "train_avg_precision": 0.5690867261665321,
    "train_min_precision": 0.01158149214338449,
    "train_avg_recall": 0.6201478699128539,
    "train_min_recall": 0.0211437508499932,
    "validation_loss": 1.3262335807085037,
    "validation_accuracy": 0.5954101562500002,
    "validation_avg_precision": 0.5707506776660026,
    "validation_min_precision": 0.028832013574660635,
    "validation_avg_recall": 0.5948451294010695,
    "validation_min_recall": 0.0023484848484848484
}