{
    "train_loss": 0.32935941245472217,
    "train_accuracy": 0.8922650102983442,
    "train_avg_precision": 0.7402150098399766,
    "train_min_precision": 0.1573672428935587,
    "train_avg_recall": 0.8441482979906371,
    "train_min_recall": 0.3729726449277079,
    "validation_loss": 0.5056514143943788,
    "validation_accuracy": 0.81923828125,
    "validation_avg_precision": 0.8210761478721587,
    "validation_min_precision": 0.5534785823794488,
    "validation_avg_recall": 0.8193950609339303,
    "validation_min_recall": 0.487071402596313
}