{
    "train_loss": 0.25057683715171986,
    "train_accuracy": 0.9161302363663395,
    "train_avg_precision": 0.7841142924347037,
    "train_min_precision": 0.19991606833712092,
    "train_avg_recall": 0.8762927821735824,
    "train_min_recall": 0.4345223058437761,
    "validation_loss": 0.45657544806599626,
    "validation_accuracy": 0.8420898437500001,
    "validation_avg_precision": 0.837373285087888,
    "validation_min_precision": 0.5735508434489819,
    "validation_avg_recall": 0.8393203759151013,
    "validation_min_recall": 0.49613162014066964
}