{
    "train_loss": 0.24599119890154456,
    "train_accuracy": 0.9165201521756361,
    "train_avg_precision": 0.79329013634504,
    "train_min_precision": 0.24272160587950056,
    "train_avg_recall": 0.8881477022641575,
    "train_min_recall": 0.5102538278023241,
    "validation_loss": 0.4752656266093254,
    "validation_accuracy": 0.8381835937500002,
    "validation_avg_precision": 0.8337925260774534,
    "validation_min_precision": 0.5895753951484294,
    "validation_avg_recall": 0.8375464003793974,
    "validation_min_recall": 0.5035731498566957
}