{
    "train_loss": 0.360178694651838,
    "train_accuracy": 0.8759263461096243,
    "train_avg_precision": 0.7324948872875174,
    "train_min_precision": 0.12869464843149053,
    "train_avg_recall": 0.8363365951495548,
    "train_min_recall": 0.4007353897124695,
    "validation_loss": 0.5192315235733985,
    "validation_accuracy": 0.8135742187500001,
    "validation_avg_precision": 0.8171218845693055,
    "validation_min_precision": 0.48584685019151097,
    "validation_avg_recall": 0.8119233666874411,
    "validation_min_recall": 0.5110584278214911
}