{
    "train_loss": 0.3699375809284678,
    "train_accuracy": 0.8736766482654367,
    "train_avg_precision": 0.7058390510237124,
    "train_min_precision": 0.09000368539842224,
    "train_avg_recall": 0.7718376356714225,
    "train_min_recall": 0.14460688758934373,
    "validation_loss": 0.6702846392989157,
    "validation_accuracy": 0.74609375,
    "validation_avg_precision": 0.7729017334882103,
    "validation_min_precision": 0.3287313925604015,
    "validation_avg_recall": 0.7469551173503176,
    "validation_min_recall": 0.21969489697130595
}