{
    "train_loss": 0.2427234865332904,
    "train_accuracy": 0.9185973416294974,
    "train_avg_precision": 0.78784346151003,
    "train_min_precision": 0.20090435879909566,
    "train_avg_recall": 0.8794516075863664,
    "train_min_recall": 0.4322484568236822,
    "validation_loss": 0.4582910746335983,
    "validation_accuracy": 0.84013671875,
    "validation_avg_precision": 0.8367482629806148,
    "validation_min_precision": 0.5958195344275837,
    "validation_avg_recall": 0.8408245138102046,
    "validation_min_recall": 0.453071787034854
}