{
    "train_loss": 0.2615712298113003,
    "train_accuracy": 0.911231472826841,
    "train_avg_precision": 0.7738730978758692,
    "train_min_precision": 0.17631958684590265,
    "train_avg_recall": 0.8618393191668556,
    "train_min_recall": 0.37596898727278594,
    "validation_loss": 0.4689428575336934,
    "validation_accuracy": 0.83408203125,
    "validation_avg_precision": 0.8314863640225502,
    "validation_min_precision": 0.562042455702243,
    "validation_avg_recall": 0.8321357823591722,
    "validation_min_recall": 0.47542281709218714
}