{
    "train_loss": 0.2563562620627252,
    "train_accuracy": 0.9143886116513039,
    "train_avg_precision": 0.785434793159211,
    "train_min_precision": 0.1909112573586258,
    "train_avg_recall": 0.8772239246881709,
    "train_min_recall": 0.41869151845337904,
    "validation_loss": 0.4598210141062736,
    "validation_accuracy": 0.8379882812499999,
    "validation_avg_precision": 0.8344647909144152,
    "validation_min_precision": 0.5753504022143394,
    "validation_avg_recall": 0.8367912486544156,
    "validation_min_recall": 0.4922664100400233
}