{
    "train_loss": 0.25963248835321057,
    "train_accuracy": 0.9134693553573211,
    "train_avg_precision": 0.7826229390419709,
    "train_min_precision": 0.1767724764628789,
    "train_avg_recall": 0.8726267463074929,
    "train_min_recall": 0.419639628810186,
    "validation_loss": 0.47082840949296956,
    "validation_accuracy": 0.8345703125000002,
    "validation_avg_precision": 0.8315140674257057,
    "validation_min_precision": 0.5677308364694675,
    "validation_avg_recall": 0.8337993250229851,
    "validation_min_recall": 0.47079631026551544
}