{
    "train_loss": 0.23503474133056507,
    "train_accuracy": 0.9218584581425322,
    "train_avg_precision": 0.7997874810082446,
    "train_min_precision": 0.2659261790840738,
    "train_avg_recall": 0.8933167345513603,
    "train_min_recall": 0.5105847522045428,
    "validation_loss": 0.4539734207093715,
    "validation_accuracy": 0.8434570312499999,
    "validation_avg_precision": 0.8418814327996649,
    "validation_min_precision": 0.5985926175915695,
    "validation_avg_recall": 0.8426975513871012,
    "validation_min_recall": 0.46860391161411097
}