{
    "train_loss": 0.3161432594060898,
    "train_accuracy": 0.8972275790415314,
    "train_avg_precision": 0.7559206887549426,
    "train_min_precision": 0.1304260554260554,
    "train_avg_recall": 0.8455309207467405,
    "train_min_recall": 0.33549208652410356,
    "validation_loss": 0.496123830974102,
    "validation_accuracy": 0.82119140625,
    "validation_avg_precision": 0.8168372342884834,
    "validation_min_precision": 0.5448812045011733,
    "validation_avg_recall": 0.8178945033397074,
    "validation_min_recall": 0.424185662764447
}