{
    "train_loss": 0.29641657858564147,
    "train_accuracy": 0.8991700693180688,
    "train_avg_precision": 0.7465059249872464,
    "train_min_precision": 0.13890339679813365,
    "train_avg_recall": 0.8518071797930679,
    "train_min_recall": 0.3410078559449622,
    "validation_loss": 0.4877551101148129,
    "validation_accuracy": 0.8296875,
    "validation_avg_precision": 0.8243925929106127,
    "validation_min_precision": 0.5621743882707018,
    "validation_avg_recall": 0.8267274536140276,
    "validation_min_recall": 0.3680783232170051
}