{
    "train_loss": 1.9003963637770265,
    "train_accuracy": 0.6940080533947863,
    "train_avg_precision": 0.42381880807735006,
    "train_min_precision": 0.0,
    "train_avg_recall": 0.4020723294001876,
    "train_min_recall": 0.0,
    "validation_loss": 2.045272517204285,
    "validation_accuracy": 0.38554687500000007,
    "validation_avg_precision": 0.35213393219757444,
    "validation_min_precision": 0.0,
    "validation_avg_recall": 0.3855854058650534,
    "validation_min_recall": 0.0
}