{
    "train_loss": 0.252314990026909,
    "train_accuracy": 0.9148517847061162,
    "train_avg_precision": 0.7825575902897467,
    "train_min_precision": 0.2165065684802527,
    "train_avg_recall": 0.8833617642134662,
    "train_min_recall": 0.4652565271650123,
    "validation_loss": 0.45619437545537955,
    "validation_accuracy": 0.8402343749999999,
    "validation_avg_precision": 0.8356320718100443,
    "validation_min_precision": 0.5865438887124131,
    "validation_avg_recall": 0.8380960195314975,
    "validation_min_recall": 0.44478349032110165
}