{
    "train_loss": 0.33489499071188145,
    "train_accuracy": 0.8893181901229054,
    "train_avg_precision": 0.7420701076457411,
    "train_min_precision": 0.13239431134167975,
    "train_avg_recall": 0.8218354059067539,
    "train_min_recall": 0.2883433330801751,
    "validation_loss": 0.5498188834637404,
    "validation_accuracy": 0.8013671874999998,
    "validation_avg_precision": 0.8017974077659568,
    "validation_min_precision": 0.4565446690307262,
    "validation_avg_recall": 0.8012140387846252,
    "validation_min_recall": 0.3776139346533938
}