{
    "train_loss": 0.32422532768625967,
    "train_accuracy": 0.8876167389384487,
    "train_avg_precision": 0.7446985569599167,
    "train_min_precision": 0.155078936657884,
    "train_avg_recall": 0.8210315109929587,
    "train_min_recall": 0.2940741114673018,
    "validation_loss": 0.5417937077581885,
    "validation_accuracy": 0.79716796875,
    "validation_avg_precision": 0.7953197185498619,
    "validation_min_precision": 0.48179245323172604,
    "validation_avg_recall": 0.7924514494151639,
    "validation_min_recall": 0.30494144821741326
}