{
    "train_loss": 0.24119450936191963,
    "train_accuracy": 0.9195685878134615,
    "train_avg_precision": 0.7942324365270286,
    "train_min_precision": 0.21106374132689923,
    "train_avg_recall": 0.8843703645775536,
    "train_min_recall": 0.46682360588506294,
    "validation_loss": 0.46280262321233756,
    "validation_accuracy": 0.8386718750000001,
    "validation_avg_precision": 0.8326464807408366,
    "validation_min_precision": 0.593631935112559,
    "validation_avg_recall": 0.8355982183716486,
    "validation_min_recall": 0.4486723764575616
}