{
    "train_loss": 0.4124240990270648,
    "train_accuracy": 0.8536373261819801,
    "train_avg_precision": 0.7304491886739255,
    "train_min_precision": 0.08494263096131544,
    "train_avg_recall": 0.8073935994343873,
    "train_min_recall": 0.3374416826465349,
    "validation_loss": 0.5939687088131905,
    "validation_accuracy": 0.7810546875000002,
    "validation_avg_precision": 0.794027847075731,
    "validation_min_precision": 0.4272476191705755,
    "validation_avg_recall": 0.7803937125777635,
    "validation_min_recall": 0.48421388217329914
}