{
    "train_loss": 0.35027534501594404,
    "train_accuracy": 0.8846415605461387,
    "train_avg_precision": 0.7258575533224156,
    "train_min_precision": 0.07866025300235827,
    "train_avg_recall": 0.792600883042991,
    "train_min_recall": 0.11021767381416503,
    "validation_loss": 0.5802906781435013,
    "validation_accuracy": 0.7804687499999999,
    "validation_avg_precision": 0.7755624511837206,
    "validation_min_precision": 0.4151964753641798,
    "validation_avg_recall": 0.7777086825143326,
    "validation_min_recall": 0.10411514027882768
}