{
    "train_loss": 0.3048169931821656,
    "train_accuracy": 0.8959609416493199,
    "train_avg_precision": 0.7663187957544719,
    "train_min_precision": 0.15766285371548533,
    "train_avg_recall": 0.84005073936212,
    "train_min_recall": 0.36837268242568894,
    "validation_loss": 0.532899148762226,
    "validation_accuracy": 0.8041015625000002,
    "validation_avg_precision": 0.7991747444549769,
    "validation_min_precision": 0.4823199694592997,
    "validation_avg_recall": 0.7990188332579463,
    "validation_min_recall": 0.376201872369419
}