{
    "train_loss": 0.24194203343307757,
    "train_accuracy": 0.918637515160076,
    "train_avg_precision": 0.794315424064052,
    "train_min_precision": 0.19414508493455862,
    "train_avg_recall": 0.8834747094518163,
    "train_min_recall": 0.42922506019776707,
    "validation_loss": 0.46455246359109886,
    "validation_accuracy": 0.8366210937500002,
    "validation_avg_precision": 0.8305467403971557,
    "validation_min_precision": 0.5785053524275641,
    "validation_avg_recall": 0.8352641570486149,
    "validation_min_recall": 0.49863846162793835
}