{
    "train_loss": 0.4984648065608846,
    "train_accuracy": 0.8334774845524834,
    "train_avg_precision": 0.6707850385565624,
    "train_min_precision": 0.05886645031381872,
    "train_avg_recall": 0.7496567710636172,
    "train_min_recall": 0.14588474137060972,
    "validation_loss": 0.7071047231554985,
    "validation_accuracy": 0.74033203125,
    "validation_avg_precision": 0.7299301954497789,
    "validation_min_precision": 0.38979089220953533,
    "validation_avg_recall": 0.7379354151298128,
    "validation_min_recall": 0.2197425585362719
}