{
    "train_loss": 0.24839756546313305,
    "train_accuracy": 0.9156221642828829,
    "train_avg_precision": 0.787023624165669,
    "train_min_precision": 0.21186678818257768,
    "train_avg_recall": 0.8850724988749782,
    "train_min_recall": 0.47603486282568397,
    "validation_loss": 0.45686643794178966,
    "validation_accuracy": 0.8428710937499999,
    "validation_avg_precision": 0.8400415341406333,
    "validation_min_precision": 0.5952943905760761,
    "validation_avg_recall": 0.8418455115754897,
    "validation_min_recall": 0.464488096842683
}