{
    "train_loss": 0.2732508004757396,
    "train_accuracy": 0.913207047864011,
    "train_avg_precision": 0.7523901934809788,
    "train_min_precision": 0.1463868003341688,
    "train_avg_recall": 0.8275318972921931,
    "train_min_recall": 0.25848282988172183,
    "validation_loss": 0.5032991677522659,
    "validation_accuracy": 0.8166992187500003,
    "validation_avg_precision": 0.8147791994612755,
    "validation_min_precision": 0.5377380800415075,
    "validation_avg_recall": 0.8157487286760986,
    "validation_min_recall": 0.29918665065550337
}