{
    "train_loss": 0.2715316691942383,
    "train_accuracy": 0.9067887925265132,
    "train_avg_precision": 0.7791659996365244,
    "train_min_precision": 0.17175957570694414,
    "train_avg_recall": 0.8868956701191093,
    "train_min_recall": 0.514675917010921,
    "validation_loss": 0.46337338984012605,
    "validation_accuracy": 0.8372070312500001,
    "validation_avg_precision": 0.8379858922231507,
    "validation_min_precision": 0.5390932558704835,
    "validation_avg_recall": 0.8357237194730223,
    "validation_min_recall": 0.5401755307102463
}