{
    "train_loss": 0.2422553925660618,
    "train_accuracy": 0.9191857607741111,
    "train_avg_precision": 0.7947829755295246,
    "train_min_precision": 0.21635815451604923,
    "train_avg_recall": 0.8881839342680214,
    "train_min_recall": 0.4665514938244011,
    "validation_loss": 0.4669375650584697,
    "validation_accuracy": 0.8415039062500002,
    "validation_avg_precision": 0.8414551040036186,
    "validation_min_precision": 0.5919064860774124,
    "validation_avg_recall": 0.8434210310195484,
    "validation_min_recall": 0.5096647262174603
}