{
    "train_loss": 0.2598781920315926,
    "train_accuracy": 0.9125099255327597,
    "train_avg_precision": 0.7837529630283602,
    "train_min_precision": 0.18326288148269568,
    "train_avg_recall": 0.8498679109317467,
    "train_min_recall": 0.3106083740186385,
    "validation_loss": 0.49737995415925973,
    "validation_accuracy": 0.8234374999999998,
    "validation_avg_precision": 0.8197097302680852,
    "validation_min_precision": 0.5660272103532061,
    "validation_avg_recall": 0.8202935701561054,
    "validation_min_recall": 0.3774477796976026
}