{
    "train_loss": 0.2633824285707976,
    "train_accuracy": 0.9117844449846373,
    "train_avg_precision": 0.779608488043749,
    "train_min_precision": 0.17588858509911137,
    "train_avg_recall": 0.8715317180858048,
    "train_min_recall": 0.4359275215395166,
    "validation_loss": 0.4574306733906268,
    "validation_accuracy": 0.840625,
    "validation_avg_precision": 0.8356424902789871,
    "validation_min_precision": 0.5677714356535907,
    "validation_avg_recall": 0.8394122763639253,
    "validation_min_recall": 0.4883643712264426
}