{
    "train_loss": 0.2518725340303622,
    "train_accuracy": 0.9147997958618302,
    "train_avg_precision": 0.7817905868460643,
    "train_min_precision": 0.18276942355889716,
    "train_avg_recall": 0.8684295484078897,
    "train_min_recall": 0.37892480817082397,
    "validation_loss": 0.45483286827802655,
    "validation_accuracy": 0.8405273437499997,
    "validation_avg_precision": 0.837259669173887,
    "validation_min_precision": 0.5669005678736506,
    "validation_avg_recall": 0.8375631055550361,
    "validation_min_recall": 0.47803334264295805
}