{
    "train_loss": 0.2978633723238058,
    "train_accuracy": 0.8998033874913268,
    "train_avg_precision": 0.7602951687580484,
    "train_min_precision": 0.13115873061693492,
    "train_avg_recall": 0.8357430193308804,
    "train_min_recall": 0.3199460102219849,
    "validation_loss": 0.5028073202818633,
    "validation_accuracy": 0.81748046875,
    "validation_avg_precision": 0.8145287943102425,
    "validation_min_precision": 0.565155915639998,
    "validation_avg_recall": 0.8179554133698854,
    "validation_min_recall": 0.3827872952263827
}