{
    "train_loss": 0.9028651086907636,
    "train_accuracy": 0.7115519130439094,
    "train_avg_precision": 0.5582237700805726,
    "train_min_precision": 0.029374657015603094,
    "train_avg_recall": 0.6425567600506656,
    "train_min_recall": 0.09734911519809775,
    "validation_loss": 1.0352325320243834,
    "validation_accuracy": 0.64208984375,
    "validation_avg_precision": 0.6476914241540767,
    "validation_min_precision": 0.3358449288642788,
    "validation_avg_recall": 0.6393516536319954,
    "validation_min_recall": 0.24279349382577023
}