{
    "train_loss": 0.25755114670385393,
    "train_accuracy": 0.914549304727923,
    "train_avg_precision": 0.784223898124129,
    "train_min_precision": 0.1816840079997975,
    "train_avg_recall": 0.8759198165043407,
    "train_min_recall": 0.42773210638583115,
    "validation_loss": 0.4670169465243816,
    "validation_accuracy": 0.8370117187499998,
    "validation_avg_precision": 0.8332790629589129,
    "validation_min_precision": 0.5670993061287475,
    "validation_avg_recall": 0.8352849048307962,
    "validation_min_recall": 0.471077437940661
}