{
    "train_loss": 0.24883635446690666,
    "train_accuracy": 0.9166217676380228,
    "train_avg_precision": 0.7874982256257507,
    "train_min_precision": 0.18705444165970483,
    "train_avg_recall": 0.8695905634100414,
    "train_min_recall": 0.38786898041993956,
    "validation_loss": 0.4712998002767563,
    "validation_accuracy": 0.8330078125000001,
    "validation_avg_precision": 0.829272377370061,
    "validation_min_precision": 0.5749299545889024,
    "validation_avg_recall": 0.8335828608939659,
    "validation_min_recall": 0.4434036207972487
}