{
    "train_loss": 0.3051832148380447,
    "train_accuracy": 0.8993756614233319,
    "train_avg_precision": 0.7563699664510541,
    "train_min_precision": 0.152327691801376,
    "train_avg_recall": 0.8434772638239154,
    "train_min_recall": 0.34971771411577823,
    "validation_loss": 0.5004860915243626,
    "validation_accuracy": 0.8232421875,
    "validation_avg_precision": 0.8189520569884834,
    "validation_min_precision": 0.5096393540817852,
    "validation_avg_recall": 0.8221473591992016,
    "validation_min_recall": 0.45502261016353407
}