{
    "train_loss": 0.2561890966536705,
    "train_accuracy": 0.9108770040043618,
    "train_avg_precision": 0.7831832564208467,
    "train_min_precision": 0.16119046645362436,
    "train_avg_recall": 0.8252125594788233,
    "train_min_recall": 0.1761031366294524,
    "validation_loss": 0.5607183612883092,
    "validation_accuracy": 0.7984374999999999,
    "validation_avg_precision": 0.7969039384208959,
    "validation_min_precision": 0.4344370958415937,
    "validation_avg_recall": 0.7971775025872152,
    "validation_min_recall": 0.18888122388920991
}