{
    "train_loss": 0.30100296202458837,
    "train_accuracy": 0.9005005108682735,
    "train_avg_precision": 0.7503420278564955,
    "train_min_precision": 0.1483013088276246,
    "train_avg_recall": 0.8193840527389433,
    "train_min_recall": 0.2022676760054222,
    "validation_loss": 0.5274012450128793,
    "validation_accuracy": 0.80166015625,
    "validation_avg_precision": 0.7938543646866196,
    "validation_min_precision": 0.47528656173354195,
    "validation_avg_recall": 0.8008258152234278,
    "validation_min_recall": 0.16915795342931064
}