{
    "train_loss": 0.25483850847210804,
    "train_accuracy": 0.9141026735305792,
    "train_avg_precision": 0.7896412218133664,
    "train_min_precision": 0.1975127211969317,
    "train_avg_recall": 0.8877768818159283,
    "train_min_recall": 0.5196675466327144,
    "validation_loss": 0.45246163904666903,
    "validation_accuracy": 0.8415039062499999,
    "validation_avg_precision": 0.83899496162082,
    "validation_min_precision": 0.5497706229236025,
    "validation_avg_recall": 0.8394740235663937,
    "validation_min_recall": 0.5209499641968804
}