{
    "train_loss": 0.2452815904429086,
    "train_accuracy": 0.919129045386064,
    "train_avg_precision": 0.7908733749376845,
    "train_min_precision": 0.2510233918128655,
    "train_avg_recall": 0.885872801560561,
    "train_min_recall": 0.5094526153466145,
    "validation_loss": 0.4657194100320339,
    "validation_accuracy": 0.8345703124999998,
    "validation_avg_precision": 0.8319154501237728,
    "validation_min_precision": 0.5635666675607093,
    "validation_avg_recall": 0.8338603197242168,
    "validation_min_recall": 0.43692526856344754
}