{
    "train_loss": 0.6963504082278201,
    "train_accuracy": 0.7650224022697987,
    "train_avg_precision": 0.6166178280085808,
    "train_min_precision": 0.042373629455106025,
    "train_avg_recall": 0.7058478460311489,
    "train_min_recall": 0.16261014349187225,
    "validation_loss": 0.8365804642438887,
    "validation_accuracy": 0.69755859375,
    "validation_avg_precision": 0.7134242141450025,
    "validation_min_precision": 0.3173211239421711,
    "validation_avg_recall": 0.6983239757913577,
    "validation_min_recall": 0.3176360151527462
}