{
    "train_loss": 0.25077314282718466,
    "train_accuracy": 0.9168557169144619,
    "train_avg_precision": 0.7924216924742088,
    "train_min_precision": 0.2135052569263096,
    "train_avg_recall": 0.8816477901924733,
    "train_min_recall": 0.46418194860915973,
    "validation_loss": 0.47072945013642314,
    "validation_accuracy": 0.8334960937499999,
    "validation_avg_precision": 0.8281718599447835,
    "validation_min_precision": 0.5600202440765982,
    "validation_avg_recall": 0.8283996438492888,
    "validation_min_recall": 0.4484007134392679
}