{
    "train_loss": 0.24374412941305257,
    "train_accuracy": 0.9177017170086246,
    "train_avg_precision": 0.7963429757706968,
    "train_min_precision": 0.22075887075887074,
    "train_avg_recall": 0.8853017993633603,
    "train_min_recall": 0.4892577347246064,
    "validation_loss": 0.4585622772574425,
    "validation_accuracy": 0.84033203125,
    "validation_avg_precision": 0.8394386483805115,
    "validation_min_precision": 0.5821049088927656,
    "validation_avg_recall": 0.8405077392559416,
    "validation_min_recall": 0.5163913919516224
}