{
    "train_loss": 0.41656852343626205,
    "train_accuracy": 0.8616554182872433,
    "train_avg_precision": 0.7001773359841336,
    "train_min_precision": 0.08660954055690898,
    "train_avg_recall": 0.7738613303296619,
    "train_min_recall": 0.16919071873231467,
    "validation_loss": 0.6453281462192535,
    "validation_accuracy": 0.76357421875,
    "validation_avg_precision": 0.7618238148757615,
    "validation_min_precision": 0.40737422136921386,
    "validation_avg_recall": 0.7637845858481978,
    "validation_min_recall": 0.23753378025611724
}