{
    "train_loss": 0.22009405885872088,
    "train_accuracy": 0.9212818553573213,
    "train_avg_precision": 0.7868728601192181,
    "train_min_precision": 0.18799840510366822,
    "train_avg_recall": 0.8800561473482365,
    "train_min_recall": 0.43164043680921405,
    "validation_loss": 0.4980285339057445,
    "validation_accuracy": 0.8326171875,
    "validation_avg_precision": 0.8304538731503015,
    "validation_min_precision": 0.5608536077737977,
    "validation_avg_recall": 0.8329099843192169,
    "validation_min_recall": 0.45264978189475336
}