{
    "train_loss": 0.17942864330191358,
    "train_accuracy": 0.9347138729011811,
    "train_avg_precision": 0.8385328916912128,
    "train_min_precision": 0.2767460609565872,
    "train_avg_recall": 0.9213730139873682,
    "train_min_recall": 0.6085613095652876,
    "validation_loss": 0.5056491829454899,
    "validation_accuracy": 0.8406250000000001,
    "validation_avg_precision": 0.8339280185196807,
    "validation_min_precision": 0.5819771471016628,
    "validation_avg_recall": 0.8393311065288924,
    "validation_min_recall": 0.5087781667673394
}