{
    "train_loss": 0.19490842926397656,
    "train_accuracy": 0.9326815824759641,
    "train_avg_precision": 0.8474682953344291,
    "train_min_precision": 0.18031515268357373,
    "train_avg_recall": 0.9156361267138157,
    "train_min_recall": 0.5141817575582535,
    "validation_loss": 0.5714896731078625,
    "validation_accuracy": 0.8493164062499998,
    "validation_avg_precision": 0.8549581430831862,
    "validation_min_precision": 0.545665067252535,
    "validation_avg_recall": 0.8470938672237026,
    "validation_min_recall": 0.5561630578024852
}