{
    "train_loss": 0.1526648059748766,
    "train_accuracy": 0.9441994669144621,
    "train_avg_precision": 0.8620895647064728,
    "train_min_precision": 0.34969367864104717,
    "train_avg_recall": 0.9313303258918112,
    "train_min_recall": 0.6680980093371353,
    "validation_loss": 0.5355803452432157,
    "validation_accuracy": 0.8461914062499999,
    "validation_avg_precision": 0.8435292651545241,
    "validation_min_precision": 0.6020476307208285,
    "validation_avg_recall": 0.8449751775379748,
    "validation_min_recall": 0.46934564083806574
}