{
    "train_loss": 0.039212674899190135,
    "train_accuracy": 0.9868137480919833,
    "train_avg_precision": 0.9723162259084333,
    "train_min_precision": 0.811728097632869,
    "train_avg_recall": 0.9858974974873629,
    "train_min_recall": 0.8946296869629502,
    "validation_loss": 0.9314056634902956,
    "validation_accuracy": 0.8541992187499999,
    "validation_avg_precision": 0.8593955850344379,
    "validation_min_precision": 0.6392161596093664,
    "validation_avg_recall": 0.8545499836272372,
    "validation_min_recall": 0.42973034012971467
}