{
    "train_loss": 0.05207868625426241,
    "train_accuracy": 0.9829358552631589,
    "train_avg_precision": 0.9606200805041387,
    "train_min_precision": 0.7332757864098174,
    "train_avg_recall": 0.9822465929782438,
    "train_min_recall": 0.8680566586141054,
    "validation_loss": 0.809692607447505,
    "validation_accuracy": 0.85693359375,
    "validation_avg_precision": 0.8602041235147588,
    "validation_min_precision": 0.6281076192440544,
    "validation_avg_recall": 0.856031355558026,
    "validation_min_recall": 0.4378019177253682
}