{
    "train_loss": 0.21730806155685797,
    "train_accuracy": 0.9221443962632571,
    "train_avg_precision": 0.8298898923389443,
    "train_min_precision": 0.19069892096207888,
    "train_avg_recall": 0.8906903492633838,
    "train_min_recall": 0.48348597253981573,
    "validation_loss": 0.5114534072577954,
    "validation_accuracy": 0.83701171875,
    "validation_avg_precision": 0.8395355889074767,
    "validation_min_precision": 0.5546317961813247,
    "validation_avg_recall": 0.8368105936995985,
    "validation_min_recall": 0.5020930492252204
}