{
    "train_loss": 0.036110893104290755,
    "train_accuracy": 0.9878818811031822,
    "train_avg_precision": 0.9790848351957654,
    "train_min_precision": 0.842836625044597,
    "train_avg_recall": 0.9884247738250075,
    "train_min_recall": 0.9129822745936447,
    "validation_loss": 0.9998437449336051,
    "validation_accuracy": 0.8475585937500001,
    "validation_avg_precision": 0.850150444316123,
    "validation_min_precision": 0.6304254927982504,
    "validation_avg_recall": 0.8457277097541712,
    "validation_min_recall": 0.41649432476041326
}