{
    "train_loss": 0.4121021691121553,
    "train_accuracy": 0.8711291969868172,
    "train_avg_precision": 0.7043299307400631,
    "train_min_precision": 0.032059314954051794,
    "train_avg_recall": 0.7162497980750395,
    "train_min_recall": 0.03053661284995434,
    "validation_loss": 0.8069060847163199,
    "validation_accuracy": 0.70556640625,
    "validation_avg_precision": 0.6881638499461846,
    "validation_min_precision": 0.20937418932422133,
    "validation_avg_recall": 0.7063018431627752,
    "validation_min_recall": 0.02660361448582727
}