{
    "train_loss": 0.16496734451829345,
    "train_accuracy": 0.9393574187630108,
    "train_avg_precision": 0.8548022227632939,
    "train_min_precision": 0.3120326067694489,
    "train_avg_recall": 0.9117347387651941,
    "train_min_recall": 0.5488617956957472,
    "validation_loss": 0.5208247981965541,
    "validation_accuracy": 0.8420898437500001,
    "validation_avg_precision": 0.8381504488147498,
    "validation_min_precision": 0.599714674575843,
    "validation_avg_recall": 0.8374546448341705,
    "validation_min_recall": 0.4720662772888931
}