{
    "train_loss": 0.03048730617094981,
    "train_accuracy": 0.9897203947368429,
    "train_avg_precision": 0.9785760104246475,
    "train_min_precision": 0.839346698404843,
    "train_avg_recall": 0.9866223998027881,
    "train_min_recall": 0.8898828894355031,
    "validation_loss": 0.9757687989622353,
    "validation_accuracy": 0.8557617187500002,
    "validation_avg_precision": 0.8610161285390289,
    "validation_min_precision": 0.6444818659099012,
    "validation_avg_recall": 0.856451789813996,
    "validation_min_recall": 0.43162431584251276
}