{
    "train_loss": 0.03695543415909797,
    "train_accuracy": 0.9877330043859658,
    "train_avg_precision": 0.9746722930105003,
    "train_min_precision": 0.8073966449178656,
    "train_avg_recall": 0.9848123880199671,
    "train_min_recall": 0.8811099008187158,
    "validation_loss": 0.9252793328836562,
    "validation_accuracy": 0.8537109375,
    "validation_avg_precision": 0.8582128958186235,
    "validation_min_precision": 0.6383716484535351,
    "validation_avg_recall": 0.8537911996878644,
    "validation_min_recall": 0.4350545072081966
}