{
    "train_loss": 0.3716873442917539,
    "train_accuracy": 0.8621634903706997,
    "train_avg_precision": 0.8074998101063999,
    "train_min_precision": 0.060398392069827014,
    "train_avg_recall": 0.8215590724420714,
    "train_min_recall": 0.32397196643476767,
    "validation_loss": 0.6344107419252395,
    "validation_accuracy": 0.7854492187500001,
    "validation_avg_precision": 0.8322269704245794,
    "validation_min_precision": 0.3732287779045775,
    "validation_avg_recall": 0.7846500954883447,
    "validation_min_recall": 0.39365413644221314
}