{
    "train_loss": 0.032958345267137416,
    "train_accuracy": 0.9891036184210538,
    "train_avg_precision": 0.9832176525670624,
    "train_min_precision": 0.8774156785987046,
    "train_avg_recall": 0.9914668156790174,
    "train_min_recall": 0.9402955054948823,
    "validation_loss": 0.9461792983114719,
    "validation_accuracy": 0.8551757812499999,
    "validation_avg_precision": 0.8571526529047366,
    "validation_min_precision": 0.6179638074053939,
    "validation_avg_recall": 0.8530071276935093,
    "validation_min_recall": 0.4195984258748512
}