{
    "train_loss": 0.4209161834758625,
    "train_accuracy": 0.835391617657845,
    "train_avg_precision": 0.7300377863890694,
    "train_min_precision": 0.043598595187894926,
    "train_avg_recall": 0.7607862169537025,
    "train_min_recall": 0.21146918031989378,
    "validation_loss": 0.6514759629964828,
    "validation_accuracy": 0.7493164062499998,
    "validation_avg_precision": 0.7620391462493903,
    "validation_min_precision": 0.32223128209035506,
    "validation_avg_recall": 0.7481873530952987,
    "validation_min_recall": 0.34791306293022983
}