{
    "train_loss": 0.05165088077059439,
    "train_accuracy": 0.9819078947368431,
    "train_avg_precision": 0.95727977160237,
    "train_min_precision": 0.7498359046769438,
    "train_avg_recall": 0.9816843149241612,
    "train_min_recall": 0.874234535348605,
    "validation_loss": 0.8701854646205904,
    "validation_accuracy": 0.8571289062499997,
    "validation_avg_precision": 0.8560366376539071,
    "validation_min_precision": 0.6104124351871439,
    "validation_avg_recall": 0.853639240347146,
    "validation_min_recall": 0.41939216106312205
}