{
    "train_loss": 0.2071517547755911,
    "train_accuracy": 0.9236000828575677,
    "train_avg_precision": 0.827816304572574,
    "train_min_precision": 0.2692634363686995,
    "train_avg_recall": 0.8755153089512271,
    "train_min_recall": 0.40630985645378725,
    "validation_loss": 0.5705095879733562,
    "validation_accuracy": 0.8121093749999999,
    "validation_avg_precision": 0.8259650362086449,
    "validation_min_precision": 0.47977645649769746,
    "validation_avg_recall": 0.8106518585476739,
    "validation_min_recall": 0.4286082506621557
}