{
    "train_loss": 0.1589132134328809,
    "train_accuracy": 0.9428855682674213,
    "train_avg_precision": 0.8543887082789438,
    "train_min_precision": 0.32455760613655354,
    "train_avg_recall": 0.9340844583130381,
    "train_min_recall": 0.6605991965688031,
    "validation_loss": 0.5216855786740779,
    "validation_accuracy": 0.8509765624999998,
    "validation_avg_precision": 0.8473419694866202,
    "validation_min_precision": 0.6246470535262996,
    "validation_avg_recall": 0.8519672888220271,
    "validation_min_recall": 0.4890845851814783
}