{
    "train_loss": 0.16131631350308132,
    "train_accuracy": 0.9404302783179709,
    "train_avg_precision": 0.8510967391826689,
    "train_min_precision": 0.31717045138097777,
    "train_avg_recall": 0.9290167300793742,
    "train_min_recall": 0.6415110572433219,
    "validation_loss": 0.5385316349565983,
    "validation_accuracy": 0.8432617187500001,
    "validation_avg_precision": 0.8379502391732888,
    "validation_min_precision": 0.6114374960577948,
    "validation_avg_recall": 0.8403486931198217,
    "validation_min_recall": 0.4709808870138948
}