{
    "train_loss": 0.16689947247505188,
    "train_accuracy": 0.9385917646843098,
    "train_avg_precision": 0.8402210433955318,
    "train_min_precision": 0.3072599427862586,
    "train_avg_recall": 0.9243320868732431,
    "train_min_recall": 0.6385645086853123,
    "validation_loss": 0.5210531830787658,
    "validation_accuracy": 0.8444335937499998,
    "validation_avg_precision": 0.8397246317428727,
    "validation_min_precision": 0.5827567530816111,
    "validation_avg_recall": 0.8421864770058167,
    "validation_min_recall": 0.5057184544890817
}