{
    "train_loss": 0.15994772145099811,
    "train_accuracy": 0.9425783617454668,
    "train_avg_precision": 0.8517667656537135,
    "train_min_precision": 0.3119110908584593,
    "train_avg_recall": 0.9303650113374112,
    "train_min_recall": 0.6535712472783891,
    "validation_loss": 0.5673081040382386,
    "validation_accuracy": 0.8444335937499999,
    "validation_avg_precision": 0.8393451327151966,
    "validation_min_precision": 0.6000071598096328,
    "validation_avg_recall": 0.843980241745062,
    "validation_min_recall": 0.48530482827531185
}