{
    "train_loss": 0.24006700515747076,
    "train_accuracy": 0.913155059019725,
    "train_avg_precision": 0.8190832367019762,
    "train_min_precision": 0.14805603752972174,
    "train_avg_recall": 0.848578690552424,
    "train_min_recall": 0.39110970733044337,
    "validation_loss": 0.5290983080863952,
    "validation_accuracy": 0.8147460937499997,
    "validation_avg_precision": 0.8280178110891572,
    "validation_min_precision": 0.4777866979558178,
    "validation_avg_recall": 0.8124327073840985,
    "validation_min_recall": 0.5025983216345171
}