{
    "train_loss": 0.25798171784794116,
    "train_accuracy": 0.9038703305679459,
    "train_avg_precision": 0.768106547846157,
    "train_min_precision": 0.11878340670910328,
    "train_avg_recall": 0.8698351186012798,
    "train_min_recall": 0.4004232672955178,
    "validation_loss": 0.5522426135838031,
    "validation_accuracy": 0.8349609374999999,
    "validation_avg_precision": 0.8317031992273082,
    "validation_min_precision": 0.5356394539163223,
    "validation_avg_recall": 0.8323984782691083,
    "validation_min_recall": 0.45513947936163757
}