{
    "train_loss": 0.03253281277424672,
    "train_accuracy": 0.9899259868421064,
    "train_avg_precision": 0.9807758455601152,
    "train_min_precision": 0.8568743273344457,
    "train_avg_recall": 0.9888563370373746,
    "train_min_recall": 0.9182458665492996,
    "validation_loss": 0.9657379120588302,
    "validation_accuracy": 0.8526367187499999,
    "validation_avg_precision": 0.8572263671474942,
    "validation_min_precision": 0.6240144782158377,
    "validation_avg_recall": 0.8514242914302794,
    "validation_min_recall": 0.4189805172981522
}