{
    "train_loss": 0.030558893260987183,
    "train_accuracy": 0.9899945175438607,
    "train_avg_precision": 0.9809981645587642,
    "train_min_precision": 0.8513664330887025,
    "train_avg_recall": 0.9904481434184371,
    "train_min_recall": 0.9268463466065815,
    "validation_loss": 1.0091450273990632,
    "validation_accuracy": 0.8493164062499999,
    "validation_avg_precision": 0.8534653447748739,
    "validation_min_precision": 0.6175553109512893,
    "validation_avg_recall": 0.8517121458472061,
    "validation_min_recall": 0.41583617601714085
}