{
    "train_loss": 0.03334731477917286,
    "train_accuracy": 0.9892123226533869,
    "train_avg_precision": 0.9799657376132779,
    "train_min_precision": 0.8504500170390314,
    "train_avg_recall": 0.987074421529914,
    "train_min_recall": 0.9118579460856642,
    "validation_loss": 1.0023091703653335,
    "validation_accuracy": 0.8513671874999997,
    "validation_avg_precision": 0.8551334409193281,
    "validation_min_precision": 0.6006250715509971,
    "validation_avg_recall": 0.8512428348967613,
    "validation_min_recall": 0.4088398027563392
}