{
    "train_loss": 0.1624929324576729,
    "train_accuracy": 0.9413897081425323,
    "train_avg_precision": 0.8538787039311803,
    "train_min_precision": 0.3285505430242272,
    "train_avg_recall": 0.9200391183832441,
    "train_min_recall": 0.6012588789876784,
    "validation_loss": 0.4996026240289212,
    "validation_accuracy": 0.8503906250000002,
    "validation_avg_precision": 0.849142842955236,
    "validation_min_precision": 0.6151593317377291,
    "validation_avg_recall": 0.8508375573859297,
    "validation_min_recall": 0.5182528189380881
}