{
    "train_loss": 0.03538822237271489,
    "train_accuracy": 0.9884183114035099,
    "train_avg_precision": 0.9736082915750228,
    "train_min_precision": 0.7862181385606932,
    "train_avg_recall": 0.9823305182226756,
    "train_min_recall": 0.8560427931819126,
    "validation_loss": 0.969488860666752,
    "validation_accuracy": 0.8521484375,
    "validation_avg_precision": 0.8512368569704043,
    "validation_min_precision": 0.6116171761983634,
    "validation_avg_recall": 0.8507019357152885,
    "validation_min_recall": 0.4149760883392077
}