{
    "train_loss": 0.1728722348547818,
    "train_accuracy": 0.9369068553573214,
    "train_avg_precision": 0.8504497002430932,
    "train_min_precision": 0.3038645768755928,
    "train_avg_recall": 0.8962746962477618,
    "train_min_recall": 0.536074667045364,
    "validation_loss": 0.5675762422382833,
    "validation_accuracy": 0.8314453124999999,
    "validation_avg_precision": 0.8306045665387141,
    "validation_min_precision": 0.6014724424201773,
    "validation_avg_recall": 0.8317589755156831,
    "validation_min_recall": 0.4517765131416337
}