{
    "train_loss": 0.326892572798227,
    "train_accuracy": 0.8832307740261679,
    "train_avg_precision": 0.768994356347157,
    "train_min_precision": 0.08474875793190931,
    "train_avg_recall": 0.8061636193175102,
    "train_min_recall": 0.3106912283879137,
    "validation_loss": 0.5889097906649113,
    "validation_accuracy": 0.7851562499999999,
    "validation_avg_precision": 0.7944933479717651,
    "validation_min_precision": 0.41023563378206085,
    "validation_avg_recall": 0.7842179047690064,
    "validation_min_recall": 0.4496969840266277
}