{
    "train_loss": 0.16051923797318812,
    "train_accuracy": 0.9416756462632571,
    "train_avg_precision": 0.842404605851357,
    "train_min_precision": 0.2823292204871152,
    "train_avg_recall": 0.9129409579555554,
    "train_min_recall": 0.5487087647371746,
    "validation_loss": 0.5346529342234134,
    "validation_accuracy": 0.8507812499999997,
    "validation_avg_precision": 0.8477867276043961,
    "validation_min_precision": 0.620764585277634,
    "validation_avg_recall": 0.8508363944754855,
    "validation_min_recall": 0.4672918529649382
}