{
    "train_loss": 0.22405874964437988,
    "train_accuracy": 0.9183917495242342,
    "train_avg_precision": 0.7968650149716404,
    "train_min_precision": 0.15199362041467301,
    "train_avg_recall": 0.8613953788453477,
    "train_min_recall": 0.3945357686909037,
    "validation_loss": 0.5131891690194607,
    "validation_accuracy": 0.8266601562500001,
    "validation_avg_precision": 0.8283050774042914,
    "validation_min_precision": 0.5413218833698239,
    "validation_avg_recall": 0.8237063156458714,
    "validation_min_recall": 0.465745322937471
}