{
    "train_loss": 0.18684553786327965,
    "train_accuracy": 0.9320978898751114,
    "train_avg_precision": 0.8020280320891803,
    "train_min_precision": 0.22839991392622971,
    "train_avg_recall": 0.8931590205103696,
    "train_min_recall": 0.4662817144313103,
    "validation_loss": 0.5145323246717453,
    "validation_accuracy": 0.8431640625,
    "validation_avg_precision": 0.8384571261486344,
    "validation_min_precision": 0.586797132356568,
    "validation_avg_recall": 0.8398865501803744,
    "validation_min_recall": 0.38455885854494076
}