{
    "train_loss": 0.03148738606914617,
    "train_accuracy": 0.9897203947368431,
    "train_avg_precision": 0.9822075645590225,
    "train_min_precision": 0.8635184878607858,
    "train_avg_recall": 0.9902049952588978,
    "train_min_recall": 0.9275175631941137,
    "validation_loss": 1.0116409525275232,
    "validation_accuracy": 0.8527343749999999,
    "validation_avg_precision": 0.8580433710434161,
    "validation_min_precision": 0.6372991681287861,
    "validation_avg_recall": 0.8538267092308587,
    "validation_min_recall": 0.42759671600266447
}