{
    "train_loss": 0.16444006823656848,
    "train_accuracy": 0.9404420936316783,
    "train_avg_precision": 0.8514889750698279,
    "train_min_precision": 0.3302504999873421,
    "train_avg_recall": 0.9248569050874925,
    "train_min_recall": 0.6217934947101392,
    "validation_loss": 0.5288005977869034,
    "validation_accuracy": 0.8476562500000003,
    "validation_avg_precision": 0.841943477555714,
    "validation_min_precision": 0.6053228991590145,
    "validation_avg_recall": 0.846735724634695,
    "validation_min_recall": 0.4708620583780154
}