{
    "train_loss": 0.15034706589945573,
    "train_accuracy": 0.9446106511249884,
    "train_avg_precision": 0.8651656923964872,
    "train_min_precision": 0.3625319612161717,
    "train_avg_recall": 0.9306966660030179,
    "train_min_recall": 0.6327400559777093,
    "validation_loss": 0.5424196630716326,
    "validation_accuracy": 0.8478515625000004,
    "validation_avg_precision": 0.8477550192384755,
    "validation_min_precision": 0.5895142166240184,
    "validation_avg_recall": 0.8469866642610852,
    "validation_min_recall": 0.484650522825734
}