{
    "train_loss": 0.03570568989635561,
    "train_accuracy": 0.9882127192982468,
    "train_avg_precision": 0.9791767696780778,
    "train_min_precision": 0.8492290656019084,
    "train_avg_recall": 0.9890320732957376,
    "train_min_recall": 0.9192301367282065,
    "validation_loss": 0.974762734770775,
    "validation_accuracy": 0.8528320312500001,
    "validation_avg_precision": 0.8608564052695847,
    "validation_min_precision": 0.6195607358704636,
    "validation_avg_recall": 0.8531082604413477,
    "validation_min_recall": 0.4286246023103974
}