{
    "train_loss": 0.3939429579073923,
    "train_accuracy": 0.8542422871840623,
    "train_avg_precision": 0.7247181427262641,
    "train_min_precision": 0.039730033374711766,
    "train_avg_recall": 0.7676662462187693,
    "train_min_recall": 0.2366854844047826,
    "validation_loss": 0.6082881912589073,
    "validation_accuracy": 0.7642578125,
    "validation_avg_precision": 0.7634950564005994,
    "validation_min_precision": 0.34918597141517393,
    "validation_avg_recall": 0.7611161481271572,
    "validation_min_recall": 0.3747116978683276
}