{
    "train_loss": 0.43494427622410275,
    "train_accuracy": 0.8380643150262659,
    "train_avg_precision": 0.7053428584833601,
    "train_min_precision": 0.03899337567970805,
    "train_avg_recall": 0.7683421801516753,
    "train_min_recall": 0.2215452602635347,
    "validation_loss": 0.6534926727414131,
    "validation_accuracy": 0.7598632812499999,
    "validation_avg_precision": 0.7605892502023027,
    "validation_min_precision": 0.35580702599451625,
    "validation_avg_recall": 0.7561917436079759,
    "validation_min_recall": 0.3697086492582073
}