{
    "train_loss": 0.26037732341833275,
    "train_accuracy": 0.9114134343046895,
    "train_avg_precision": 0.8084231365366573,
    "train_min_precision": 0.11899777859000604,
    "train_avg_recall": 0.886954213922232,
    "train_min_recall": 0.44240325580431367,
    "validation_loss": 0.532199664413929,
    "validation_accuracy": 0.8289062500000001,
    "validation_avg_precision": 0.8439245608943391,
    "validation_min_precision": 0.47253524619828813,
    "validation_avg_recall": 0.8266444210390703,
    "validation_min_recall": 0.5331267738504859
}