{
    "train_loss": 0.33484974294378056,
    "train_accuracy": 0.8776277983397766,
    "train_avg_precision": 0.7627684455858695,
    "train_min_precision": 0.07665823705501072,
    "train_avg_recall": 0.8046076303618628,
    "train_min_recall": 0.3148410697140424,
    "validation_loss": 0.5728056691586972,
    "validation_accuracy": 0.7860351562499999,
    "validation_avg_precision": 0.7894216706312916,
    "validation_min_precision": 0.41049459281264655,
    "validation_avg_recall": 0.7835407965907725,
    "validation_min_recall": 0.41234966905959725
}