{
    "train_loss": 0.34135041294390694,
    "train_accuracy": 0.8806384226732086,
    "train_avg_precision": 0.7878677295556983,
    "train_min_precision": 0.12818943747939998,
    "train_avg_recall": 0.8595303279461757,
    "train_min_recall": 0.4004634644325138,
    "validation_loss": 0.5467698074877262,
    "validation_accuracy": 0.8115234374999999,
    "validation_avg_precision": 0.8277910952746705,
    "validation_min_precision": 0.46551825151828546,
    "validation_avg_recall": 0.8128696165856248,
    "validation_min_recall": 0.459875516089486
}