{
    "train_loss": 0.03142125045946032,
    "train_accuracy": 0.989280853355141,
    "train_avg_precision": 0.9818118631595816,
    "train_min_precision": 0.8662109008664939,
    "train_avg_recall": 0.9896136866848095,
    "train_min_recall": 0.9262543736177432,
    "validation_loss": 0.9974930360913274,
    "validation_accuracy": 0.8538085937500001,
    "validation_avg_precision": 0.8600645319998146,
    "validation_min_precision": 0.6363387172132191,
    "validation_avg_recall": 0.8541475523607677,
    "validation_min_recall": 0.42428497404873944
}