{
    "train_loss": 0.2523231205710194,
    "train_accuracy": 0.9109455347061161,
    "train_avg_precision": 0.8037926881733118,
    "train_min_precision": 0.176829700513911,
    "train_avg_recall": 0.8537463988363386,
    "train_min_recall": 0.392090036381215,
    "validation_loss": 0.5134040467441083,
    "validation_accuracy": 0.81650390625,
    "validation_avg_precision": 0.8225450965014801,
    "validation_min_precision": 0.5271746042933474,
    "validation_avg_recall": 0.8163349838222645,
    "validation_min_recall": 0.48389440315312915
}