{
    "train_loss": 0.15066353623804293,
    "train_accuracy": 0.9446791818267429,
    "train_avg_precision": 0.8625258192159725,
    "train_min_precision": 0.36791488525234645,
    "train_avg_recall": 0.9292456094324937,
    "train_min_recall": 0.6391245191470627,
    "validation_loss": 0.5509435020387173,
    "validation_accuracy": 0.8466796875000002,
    "validation_avg_precision": 0.8443914170141082,
    "validation_min_precision": 0.6089780666887336,
    "validation_avg_recall": 0.8470986935922802,
    "validation_min_recall": 0.47789476980710704
}