{
    "train_loss": 0.03519928086091552,
    "train_accuracy": 0.9886239035087729,
    "train_avg_precision": 0.9766759253248922,
    "train_min_precision": 0.8266177774507664,
    "train_avg_recall": 0.987872840856481,
    "train_min_recall": 0.9079056006776585,
    "validation_loss": 0.9350718870759009,
    "validation_accuracy": 0.85341796875,
    "validation_avg_precision": 0.855929355523088,
    "validation_min_precision": 0.622684635658798,
    "validation_avg_recall": 0.8532555812653324,
    "validation_min_recall": 0.4205421390129143
}