{
    "train_loss": 0.1611174751530614,
    "train_accuracy": 0.941418065313708,
    "train_avg_precision": 0.8464450645397535,
    "train_min_precision": 0.2862889547100073,
    "train_avg_recall": 0.9187506668530813,
    "train_min_recall": 0.5348489261390222,
    "validation_loss": 0.5234871249645948,
    "validation_accuracy": 0.8507812500000002,
    "validation_avg_precision": 0.8476483954060524,
    "validation_min_precision": 0.6175949360099625,
    "validation_avg_recall": 0.8500248785531873,
    "validation_min_recall": 0.4980593714316323
}