{
    "train_loss": 0.1628715095289967,
    "train_accuracy": 0.9408532778422046,
    "train_avg_precision": 0.8539755182443224,
    "train_min_precision": 0.3255430242272348,
    "train_avg_recall": 0.9313914972404671,
    "train_min_recall": 0.6214671590147692,
    "validation_loss": 0.5318259673193098,
    "validation_accuracy": 0.8501953125000001,
    "validation_avg_precision": 0.8487935349502499,
    "validation_min_precision": 0.6062456809296657,
    "validation_avg_recall": 0.8509505762587,
    "validation_min_recall": 0.5158143255078054
}