{
    "train_loss": 0.16141287825609507,
    "train_accuracy": 0.9399789205768659,
    "train_avg_precision": 0.8506127812591763,
    "train_min_precision": 0.341311612364244,
    "train_avg_recall": 0.9223084901036026,
    "train_min_recall": 0.6111217897654588,
    "validation_loss": 0.5322770304977892,
    "validation_accuracy": 0.8447265625,
    "validation_avg_precision": 0.8390758875758366,
    "validation_min_precision": 0.5929427508121632,
    "validation_avg_recall": 0.8383964200826469,
    "validation_min_recall": 0.4570882355113383
}