{
    "train_loss": 0.9787687533780147,
    "train_accuracy": 0.7891050357567635,
    "train_avg_precision": 0.5529816258165663,
    "train_min_precision": 0.0,
    "train_avg_recall": 0.5757940035937612,
    "train_min_recall": 0.0,
    "validation_loss": 1.3148906350135805,
    "validation_accuracy": 0.5535156249999998,
    "validation_avg_precision": 0.5086306588652701,
    "validation_min_precision": 0.023177083333333334,
    "validation_avg_recall": 0.5523298041740153,
    "validation_min_recall": 0.002796592775041051
}