{
    "train_loss": 0.15657558645072744,
    "train_accuracy": 0.9425949036029354,
    "train_avg_precision": 0.8599207727770292,
    "train_min_precision": 0.3263607250449356,
    "train_avg_recall": 0.9295170459478872,
    "train_min_recall": 0.6375662488044137,
    "validation_loss": 0.5327661044895649,
    "validation_accuracy": 0.8449218749999998,
    "validation_avg_precision": 0.8419878460868224,
    "validation_min_precision": 0.5961681017285052,
    "validation_avg_recall": 0.8402096019395938,
    "validation_min_recall": 0.5010505583387737
}