{
    "train_loss": 0.044403228451285436,
    "train_accuracy": 0.9849350609277436,
    "train_avg_precision": 0.9638654178237633,
    "train_min_precision": 0.7442003098033922,
    "train_avg_recall": 0.97935476775469,
    "train_min_recall": 0.8485309018645809,
    "validation_loss": 1.0052150472998622,
    "validation_accuracy": 0.85224609375,
    "validation_avg_precision": 0.8554991610773155,
    "validation_min_precision": 0.607814687567794,
    "validation_avg_recall": 0.8512781404228724,
    "validation_min_recall": 0.45727928807339163
}