{
    "train_loss": 0.035561607480702695,
    "train_accuracy": 0.9880591160372695,
    "train_avg_precision": 0.9788234665225737,
    "train_min_precision": 0.8526730527231801,
    "train_avg_recall": 0.9905959155861929,
    "train_min_recall": 0.9341591202301782,
    "validation_loss": 0.9616616547107696,
    "validation_accuracy": 0.8529296875,
    "validation_avg_precision": 0.8574125825456139,
    "validation_min_precision": 0.634904548091152,
    "validation_avg_recall": 0.8539767776796068,
    "validation_min_recall": 0.4337166413445018
}