{
    "train_loss": 0.1779778023299418,
    "train_accuracy": 0.9339671239518289,
    "train_avg_precision": 0.8384696714712406,
    "train_min_precision": 0.23823924613398298,
    "train_avg_recall": 0.9285693493721803,
    "train_min_recall": 0.6484060456000821,
    "validation_loss": 0.5164052791893482,
    "validation_accuracy": 0.84951171875,
    "validation_avg_precision": 0.8468977865032505,
    "validation_min_precision": 0.5938935576500967,
    "validation_avg_recall": 0.8475647869669397,
    "validation_min_recall": 0.5183483506425716
}