{
    "train_loss": 0.03091419803534161,
    "train_accuracy": 0.9896920375656675,
    "train_avg_precision": 0.9829215825616532,
    "train_min_precision": 0.870141999689991,
    "train_avg_recall": 0.9900441935993743,
    "train_min_recall": 0.9228351341280268,
    "validation_loss": 0.9947627931833265,
    "validation_accuracy": 0.8526367187499999,
    "validation_avg_precision": 0.8571031327594052,
    "validation_min_precision": 0.6046216359319562,
    "validation_avg_recall": 0.8495815292996948,
    "validation_min_recall": 0.4042792302746564
}