{
    "train_loss": 0.08033132902755025,
    "train_accuracy": 0.9718055244077725,
    "train_avg_precision": 0.9378666406251368,
    "train_min_precision": 0.6593173047328175,
    "train_avg_recall": 0.9686782502139439,
    "train_min_recall": 0.8009524973122757,
    "validation_loss": 0.7929904192686081,
    "validation_accuracy": 0.847265625,
    "validation_avg_precision": 0.8510744293857464,
    "validation_min_precision": 0.6132179744985631,
    "validation_avg_recall": 0.8440653290299911,
    "validation_min_recall": 0.3317662618850378
}