{
    "train_loss": 0.159011316273296,
    "train_accuracy": 0.9407445746555669,
    "train_avg_precision": 0.857046920472997,
    "train_min_precision": 0.30982438614017566,
    "train_avg_recall": 0.9277344755398452,
    "train_min_recall": 0.6330417129941763,
    "validation_loss": 0.5371648460626602,
    "validation_accuracy": 0.845703125,
    "validation_avg_precision": 0.8423198222961601,
    "validation_min_precision": 0.5936640794618104,
    "validation_avg_recall": 0.8446006751842523,
    "validation_min_recall": 0.49184095601173167
}