{
    "train_loss": 0.032160895026958826,
    "train_accuracy": 0.9891437919516325,
    "train_avg_precision": 0.9801880928827776,
    "train_min_precision": 0.8401077347174714,
    "train_avg_recall": 0.9896639856338905,
    "train_min_recall": 0.9177245792018633,
    "validation_loss": 0.9694118678569794,
    "validation_accuracy": 0.8552734374999998,
    "validation_avg_precision": 0.8610207548776915,
    "validation_min_precision": 0.6390338241434763,
    "validation_avg_recall": 0.8564007781720538,
    "validation_min_recall": 0.4343198963500282
}