{
    "train_loss": 0.16250553596438022,
    "train_accuracy": 0.9403499323025092,
    "train_avg_precision": 0.8405209770241995,
    "train_min_precision": 0.2606971488550436,
    "train_avg_recall": 0.9119782876084807,
    "train_min_recall": 0.5269074790542152,
    "validation_loss": 0.5271668478846551,
    "validation_accuracy": 0.8484375,
    "validation_avg_precision": 0.8440853442601323,
    "validation_min_precision": 0.5950427078391161,
    "validation_avg_recall": 0.8468029667369011,
    "validation_min_recall": 0.45994254010934404
}