{
    "train_loss": 0.255214212756408,
    "train_accuracy": 0.9078498378134614,
    "train_avg_precision": 0.8044547060128054,
    "train_min_precision": 0.16268458636879693,
    "train_avg_recall": 0.8783989927676603,
    "train_min_recall": 0.435556649838363,
    "validation_loss": 0.4738095857203007,
    "validation_accuracy": 0.8349609374999998,
    "validation_avg_precision": 0.8374002958686014,
    "validation_min_precision": 0.5247526376362445,
    "validation_avg_recall": 0.8312315404713997,
    "validation_min_recall": 0.5041773421361391
}