{
    "train_loss": 0.03565323048908461,
    "train_accuracy": 0.9882127192982466,
    "train_avg_precision": 0.9712216691008011,
    "train_min_precision": 0.8002422032375693,
    "train_avg_recall": 0.9801249249466688,
    "train_min_recall": 0.8552413847672853,
    "validation_loss": 0.9593716219067574,
    "validation_accuracy": 0.8525390624999999,
    "validation_avg_precision": 0.8536610289819505,
    "validation_min_precision": 0.6108373102787549,
    "validation_avg_recall": 0.8505039245244149,
    "validation_min_recall": 0.41666032146614584
}