{
    "train_loss": 0.17713050942933348,
    "train_accuracy": 0.9361293859649129,
    "train_avg_precision": 0.8459417153134341,
    "train_min_precision": 0.2723437381332118,
    "train_avg_recall": 0.8978919227412336,
    "train_min_recall": 0.4351189130421132,
    "validation_loss": 0.5573969557881355,
    "validation_accuracy": 0.8300781249999999,
    "validation_avg_precision": 0.8334738344780357,
    "validation_min_precision": 0.5479370956833179,
    "validation_avg_recall": 0.8254159031110011,
    "validation_min_recall": 0.4741455752279773
}