{
    "train_loss": 0.04175067250208374,
    "train_accuracy": 0.9856085526315801,
    "train_avg_precision": 0.9723675738299591,
    "train_min_precision": 0.8241938500561623,
    "train_avg_recall": 0.9867617888569107,
    "train_min_recall": 0.9056363985192832,
    "validation_loss": 0.9182667456567285,
    "validation_accuracy": 0.8538085937500002,
    "validation_avg_precision": 0.8539313673513582,
    "validation_min_precision": 0.5993598086363374,
    "validation_avg_recall": 0.8507383011483838,
    "validation_min_recall": 0.4105019423380134
}