{
    "train_loss": 0.17580514231271901,
    "train_accuracy": 0.9361412012786204,
    "train_avg_precision": 0.8438576962934262,
    "train_min_precision": 0.30744411533885224,
    "train_avg_recall": 0.9199220145256017,
    "train_min_recall": 0.5914491508963482,
    "validation_loss": 0.4886259030550717,
    "validation_accuracy": 0.8482421874999999,
    "validation_avg_precision": 0.8446561456597996,
    "validation_min_precision": 0.5821998028035287,
    "validation_avg_recall": 0.8471583207331147,
    "validation_min_recall": 0.5125034487009466
}