{
    "train_loss": 0.1458663616264076,
    "train_accuracy": 0.9474605834274968,
    "train_avg_precision": 0.8691706618350583,
    "train_min_precision": 0.3564557181617521,
    "train_avg_recall": 0.9259303476855018,
    "train_min_recall": 0.5684041954775918,
    "validation_loss": 0.5202175512909889,
    "validation_accuracy": 0.8416992187499999,
    "validation_avg_precision": 0.8389361609200633,
    "validation_min_precision": 0.5779503713180227,
    "validation_avg_recall": 0.8393251229134899,
    "validation_min_recall": 0.4702273479672611
}