{
    "train_loss": 0.19218659610079045,
    "train_accuracy": 0.9298765502477954,
    "train_avg_precision": 0.830951424908547,
    "train_min_precision": 0.2332301713880661,
    "train_avg_recall": 0.9045716889184511,
    "train_min_recall": 0.5463465190771603,
    "validation_loss": 0.5026422120630741,
    "validation_accuracy": 0.8421875,
    "validation_avg_precision": 0.8429613232452535,
    "validation_min_precision": 0.5859523072368362,
    "validation_avg_recall": 0.8452844994863822,
    "validation_min_recall": 0.5467044168866919
}