{
    "train_loss": 0.16407492521562075,
    "train_accuracy": 0.941184116037269,
    "train_avg_precision": 0.8551765761614567,
    "train_min_precision": 0.3352636642110327,
    "train_avg_recall": 0.9282066799914106,
    "train_min_recall": 0.6099569761120613,
    "validation_loss": 0.544225401431322,
    "validation_accuracy": 0.8422851562499999,
    "validation_avg_precision": 0.8381071262111751,
    "validation_min_precision": 0.5807851813701058,
    "validation_avg_recall": 0.840679446385167,
    "validation_min_recall": 0.48013592397162147
}