{
    "train_loss": 0.1577131056733299,
    "train_accuracy": 0.9434054556645853,
    "train_avg_precision": 0.8564825286196924,
    "train_min_precision": 0.307442216652743,
    "train_avg_recall": 0.9205545726986532,
    "train_min_recall": 0.5997196283013082,
    "validation_loss": 0.5329335600137711,
    "validation_accuracy": 0.8442382812500001,
    "validation_avg_precision": 0.8413970053907613,
    "validation_min_precision": 0.5671077939975783,
    "validation_avg_recall": 0.8446544132175168,
    "validation_min_recall": 0.48116892805714584
}