{
    "train_loss": 2.120895180785866,
    "train_accuracy": 0.6089732678313001,
    "train_avg_precision": 0.32904268805030723,
    "train_min_precision": 0.0,
    "train_avg_recall": 0.3921463765764616,
    "train_min_recall": 0.0,
    "validation_loss": 2.1800441980361938,
    "validation_accuracy": 0.37783203125,
    "validation_avg_precision": 0.298698334682925,
    "validation_min_precision": 0.0,
    "validation_avg_recall": 0.37971021376610403,
    "validation_min_recall": 0.0
}