{
    "train_loss": 0.03716947249006152,
    "train_accuracy": 0.9878700657894748,
    "train_avg_precision": 0.975704339560425,
    "train_min_precision": 0.8312736609939078,
    "train_avg_recall": 0.9887494846271747,
    "train_min_recall": 0.9192248437273927,
    "validation_loss": 0.9251105904579161,
    "validation_accuracy": 0.8541015624999998,
    "validation_avg_precision": 0.8596189497484137,
    "validation_min_precision": 0.6218052376882929,
    "validation_avg_recall": 0.854690258312051,
    "validation_min_recall": 0.4311724851420031
}