{
    "train_loss": 0.17019576226410116,
    "train_accuracy": 0.937169161804936,
    "train_avg_precision": 0.8352548590109056,
    "train_min_precision": 0.25988076251234143,
    "train_avg_recall": 0.905370036353637,
    "train_min_recall": 0.5252888387800677,
    "validation_loss": 0.5177612528204919,
    "validation_accuracy": 0.8457031250000001,
    "validation_avg_precision": 0.8434062269800617,
    "validation_min_precision": 0.5917605546156776,
    "validation_avg_recall": 0.8441535768186561,
    "validation_min_recall": 0.505640201385941
}