{
    "train_loss": 0.157314461182084,
    "train_accuracy": 0.9418646965110518,
    "train_avg_precision": 0.8583140067117363,
    "train_min_precision": 0.3230319388214125,
    "train_avg_recall": 0.9182587663540341,
    "train_min_recall": 0.6031936663747018,
    "validation_loss": 0.5302530124783515,
    "validation_accuracy": 0.8420898437500002,
    "validation_avg_precision": 0.8397018057434791,
    "validation_min_precision": 0.5866818025208818,
    "validation_avg_recall": 0.8421932887693696,
    "validation_min_recall": 0.46250893877779675
}