{
    "train_loss": 0.03119811556187638,
    "train_accuracy": 0.9901315789473695,
    "train_avg_precision": 0.9820045992299131,
    "train_min_precision": 0.8727237519813096,
    "train_avg_recall": 0.9908223037937769,
    "train_min_recall": 0.9331601743559279,
    "validation_loss": 0.9757210597395899,
    "validation_accuracy": 0.8531249999999999,
    "validation_avg_precision": 0.860197945349471,
    "validation_min_precision": 0.6377187468943067,
    "validation_avg_recall": 0.8548770103499304,
    "validation_min_recall": 0.4205501995176023
}