{
    "train_loss": 0.15111971385123438,
    "train_accuracy": 0.9456669688224801,
    "train_avg_precision": 0.8641525955929852,
    "train_min_precision": 0.35325118351434154,
    "train_avg_recall": 0.9387314474673831,
    "train_min_recall": 0.6811258675305407,
    "validation_loss": 0.5467044129967691,
    "validation_accuracy": 0.8471679687500001,
    "validation_avg_precision": 0.842369869149297,
    "validation_min_precision": 0.5905860181436807,
    "validation_avg_recall": 0.8449106762737104,
    "validation_min_recall": 0.47565857234450376
}