{
    "train_loss": 0.031990974406270606,
    "train_accuracy": 0.9899945175438607,
    "train_avg_precision": 0.9831117630609187,
    "train_min_precision": 0.8691642478352712,
    "train_avg_recall": 0.9904194632876151,
    "train_min_recall": 0.9315006094495644,
    "validation_loss": 0.9689415082335471,
    "validation_accuracy": 0.8521484375000001,
    "validation_avg_precision": 0.8569488663000842,
    "validation_min_precision": 0.619779190521881,
    "validation_avg_recall": 0.8510661633349913,
    "validation_min_recall": 0.4110137970678101
}