{
    "train_loss": 0.030320278009432444,
    "train_accuracy": 0.9901717524779483,
    "train_avg_precision": 0.9827666574639623,
    "train_min_precision": 0.8686976755329647,
    "train_avg_recall": 0.9889780715109125,
    "train_min_recall": 0.9143288127859822,
    "validation_loss": 1.0120663732290267,
    "validation_accuracy": 0.8487304687500001,
    "validation_avg_precision": 0.8537822548020872,
    "validation_min_precision": 0.6163227531009896,
    "validation_avg_recall": 0.8481116406979967,
    "validation_min_recall": 0.4062568991956604
}