{
    "train_loss": 0.030354789572588185,
    "train_accuracy": 0.9899259868421064,
    "train_avg_precision": 0.9814777006346085,
    "train_min_precision": 0.8543336423644685,
    "train_avg_recall": 0.9887745226335998,
    "train_min_recall": 0.9062168166812721,
    "validation_loss": 1.008931437134743,
    "validation_accuracy": 0.8519531250000001,
    "validation_avg_precision": 0.8553063750457215,
    "validation_min_precision": 0.6130208326093258,
    "validation_avg_recall": 0.8514152448019959,
    "validation_min_recall": 0.41146127244705955
}