{
    "train_loss": 0.049652167514227984,
    "train_accuracy": 0.9828389673902289,
    "train_avg_precision": 0.9587167332792558,
    "train_min_precision": 0.7208308927957998,
    "train_avg_recall": 0.9797203967281836,
    "train_min_recall": 0.8431495141756788,
    "validation_loss": 0.9092947378754616,
    "validation_accuracy": 0.85546875,
    "validation_avg_precision": 0.8570655481932175,
    "validation_min_precision": 0.618920803208508,
    "validation_avg_recall": 0.85702578985638,
    "validation_min_recall": 0.45061325692338605
}