{
    "train_loss": 0.4732379646677719,
    "train_accuracy": 0.8330781156556643,
    "train_avg_precision": 0.7061015040495067,
    "train_min_precision": 0.0365387690179934,
    "train_avg_recall": 0.7268011621125291,
    "train_min_recall": 0.1146315599605073,
    "validation_loss": 0.769502580165863,
    "validation_accuracy": 0.71240234375,
    "validation_avg_precision": 0.7273316697574278,
    "validation_min_precision": 0.25549338442504166,
    "validation_avg_recall": 0.7136871639180563,
    "validation_min_recall": 0.19690915335407885
}