{
    "train_loss": 0.034503846927627646,
    "train_accuracy": 0.9882930653137085,
    "train_avg_precision": 0.9795906267863865,
    "train_min_precision": 0.8511597355196852,
    "train_avg_recall": 0.9864979207915686,
    "train_min_recall": 0.8967010724976812,
    "validation_loss": 0.955671238899231,
    "validation_accuracy": 0.85390625,
    "validation_avg_precision": 0.8585638544527816,
    "validation_min_precision": 0.6226102363607943,
    "validation_avg_recall": 0.8513326783558228,
    "validation_min_recall": 0.42417261044638765
}