{
    "train_loss": 0.03281180662707541,
    "train_accuracy": 0.9890350877192995,
    "train_avg_precision": 0.9803882023140815,
    "train_min_precision": 0.8482034847974058,
    "train_avg_recall": 0.9896729990577111,
    "train_min_recall": 0.9213413477158903,
    "validation_loss": 0.9760812044143676,
    "validation_accuracy": 0.8508789062500001,
    "validation_avg_precision": 0.8535972006764376,
    "validation_min_precision": 0.6285141581037592,
    "validation_avg_recall": 0.8484954777916472,
    "validation_min_recall": 0.416429464654964
}