{
    "train_loss": 0.16479072393032543,
    "train_accuracy": 0.9401963290415319,
    "train_avg_precision": 0.8494190821703146,
    "train_min_precision": 0.3032218755902967,
    "train_avg_recall": 0.9242761481311951,
    "train_min_recall": 0.6285147759296283,
    "validation_loss": 0.5141780152916908,
    "validation_accuracy": 0.8461914062499997,
    "validation_avg_precision": 0.8446370229921157,
    "validation_min_precision": 0.5852540614915865,
    "validation_avg_recall": 0.8474669559627845,
    "validation_min_recall": 0.5135295031902585
}