{
    "train_loss": 0.4388491056467358,
    "train_accuracy": 0.842261229690752,
    "train_avg_precision": 0.7142050370933268,
    "train_min_precision": 0.039141109397873436,
    "train_avg_recall": 0.7419651221706146,
    "train_min_recall": 0.16654975161607596,
    "validation_loss": 0.780715521425009,
    "validation_accuracy": 0.7181640625000001,
    "validation_avg_precision": 0.7613851443773576,
    "validation_min_precision": 0.29623097468561616,
    "validation_avg_recall": 0.715847292028309,
    "validation_min_recall": 0.29075397631627203
}