{
    "train_loss": 0.03219358949807652,
    "train_accuracy": 0.9896920375656676,
    "train_avg_precision": 0.9793281464356329,
    "train_min_precision": 0.8403198287283224,
    "train_avg_recall": 0.9883177058372069,
    "train_min_recall": 0.9083797462434402,
    "validation_loss": 0.9919617623090742,
    "validation_accuracy": 0.85439453125,
    "validation_avg_precision": 0.8594707829604418,
    "validation_min_precision": 0.6436855287446392,
    "validation_avg_recall": 0.8546699360775067,
    "validation_min_recall": 0.4273208906257443
}