{
    "train_loss": 0.36312413790769743,
    "train_accuracy": 0.8526093656556644,
    "train_avg_precision": 0.7466134203694151,
    "train_min_precision": 0.061709999611390065,
    "train_avg_recall": 0.8085498003394963,
    "train_min_recall": 0.2962379256285851,
    "validation_loss": 0.5715663880109785,
    "validation_accuracy": 0.7837890624999999,
    "validation_avg_precision": 0.7891443957311752,
    "validation_min_precision": 0.4053235861036904,
    "validation_avg_recall": 0.782323923157837,
    "validation_min_recall": 0.39625963970447425
}