{
    "train_loss": 0.24787808039732145,
    "train_accuracy": 0.9138521813509761,
    "train_avg_precision": 0.7971669911541469,
    "train_min_precision": 0.2005890394435286,
    "train_avg_recall": 0.8441657727507592,
    "train_min_recall": 0.32072737992375794,
    "validation_loss": 0.5203475616872311,
    "validation_accuracy": 0.81240234375,
    "validation_avg_precision": 0.8117032234825067,
    "validation_min_precision": 0.5153210773115368,
    "validation_avg_recall": 0.8116596852933474,
    "validation_min_recall": 0.31344944535688996
}