{
    "train_loss": 0.2929148914521201,
    "train_accuracy": 0.8895072403707002,
    "train_avg_precision": 0.7870907732134709,
    "train_min_precision": 0.09165184223437442,
    "train_avg_recall": 0.847278308436665,
    "train_min_recall": 0.3429590635806414,
    "validation_loss": 0.5441350415349006,
    "validation_accuracy": 0.80673828125,
    "validation_avg_precision": 0.8071713632510435,
    "validation_min_precision": 0.44697772424463994,
    "validation_avg_recall": 0.8029586972932122,
    "validation_min_recall": 0.4276975975771705
}