{
    "train_loss": 0.18245417624711993,
    "train_accuracy": 0.932286940122906,
    "train_avg_precision": 0.837677562728155,
    "train_min_precision": 0.19744008428218954,
    "train_avg_recall": 0.9092073680783322,
    "train_min_recall": 0.48618529536868654,
    "validation_loss": 0.6344642467796803,
    "validation_accuracy": 0.8245117187500002,
    "validation_avg_precision": 0.8373664932381154,
    "validation_min_precision": 0.5047886772119418,
    "validation_avg_recall": 0.8271038596372301,
    "validation_min_recall": 0.4550696845287547
}