{
    "train_loss": 0.031986693067378114,
    "train_accuracy": 0.9891437919516323,
    "train_avg_precision": 0.983279312222428,
    "train_min_precision": 0.8784568668124161,
    "train_avg_recall": 0.991030901646837,
    "train_min_recall": 0.9334772490598654,
    "validation_loss": 1.0036866486072538,
    "validation_accuracy": 0.85078125,
    "validation_avg_precision": 0.8581229470354942,
    "validation_min_precision": 0.6287246903247046,
    "validation_avg_recall": 0.8529783581172148,
    "validation_min_recall": 0.42683753603235974
}