{
    "train_loss": 0.16522596175210516,
    "train_accuracy": 0.9403901047873924,
    "train_avg_precision": 0.8545310746166496,
    "train_min_precision": 0.29804625199362045,
    "train_avg_recall": 0.9239465238187956,
    "train_min_recall": 0.6163629214328386,
    "validation_loss": 0.5196976408362388,
    "validation_accuracy": 0.8460937500000002,
    "validation_avg_precision": 0.8445655409208189,
    "validation_min_precision": 0.5848208151996569,
    "validation_avg_recall": 0.8445686043556965,
    "validation_min_recall": 0.5220579442583754
}