{
    "train_loss": 0.5694555075545062,
    "train_accuracy": 0.7964945362325297,
    "train_avg_precision": 0.662778655045391,
    "train_min_precision": 0.020757385888964835,
    "train_avg_recall": 0.6914000617579807,
    "train_min_recall": 0.07278066681304812,
    "validation_loss": 0.8614348426461222,
    "validation_accuracy": 0.6757812500000001,
    "validation_avg_precision": 0.6881543535273593,
    "validation_min_precision": 0.2776466092735856,
    "validation_avg_recall": 0.6773227580574924,
    "validation_min_recall": 0.1902928939966589
}