{
    "train_loss": 0.5620082449494747,
    "train_accuracy": 0.8079958788135589,
    "train_avg_precision": 0.6570895447858899,
    "train_min_precision": 0.034163253900095995,
    "train_avg_recall": 0.6898743999155362,
    "train_min_recall": 0.10878225709385962,
    "validation_loss": 0.8527534708380696,
    "validation_accuracy": 0.6775390625000001,
    "validation_avg_precision": 0.6810837350440236,
    "validation_min_precision": 0.28908235442019425,
    "validation_avg_recall": 0.6749054546204318,
    "validation_min_recall": 0.19358518573123173
}