{
    "train_loss": 0.15147252184780025,
    "train_accuracy": 0.9442632710724553,
    "train_avg_precision": 0.8586411736417788,
    "train_min_precision": 0.3521372876636035,
    "train_avg_recall": 0.9352131215081866,
    "train_min_recall": 0.6747255513950491,
    "validation_loss": 0.5521090134978295,
    "validation_accuracy": 0.8449218750000002,
    "validation_avg_precision": 0.8406938998975909,
    "validation_min_precision": 0.6035050771110543,
    "validation_avg_recall": 0.8433214558230088,
    "validation_min_recall": 0.4744796231628808
}