{
    "train_loss": 0.2920214523348892,
    "train_accuracy": 0.9026698616513037,
    "train_avg_precision": 0.7637956964352082,
    "train_min_precision": 0.149192425508215,
    "train_avg_recall": 0.8019974383397072,
    "train_min_recall": 0.1729557683717276,
    "validation_loss": 0.5978036344051361,
    "validation_accuracy": 0.7804687499999999,
    "validation_avg_precision": 0.773610753632136,
    "validation_min_precision": 0.4751383596423887,
    "validation_avg_recall": 0.7778587748709868,
    "validation_min_recall": 0.1845545499983227
}