{
    "train_loss": 0.08157429363774625,
    "train_accuracy": 0.9730674342105272,
    "train_avg_precision": 0.9272206067427402,
    "train_min_precision": 0.5377629252789715,
    "train_avg_recall": 0.96177698837166,
    "train_min_recall": 0.7201810651354492,
    "validation_loss": 0.7305953815579415,
    "validation_accuracy": 0.8541992187499997,
    "validation_avg_precision": 0.854373120277808,
    "validation_min_precision": 0.6251647067968107,
    "validation_avg_recall": 0.850585084173257,
    "validation_min_recall": 0.42984162571761614
}