{
    "train_loss": 0.1955536891493881,
    "train_accuracy": 0.9275299645306776,
    "train_avg_precision": 0.8239278778270851,
    "train_min_precision": 0.1849326112484007,
    "train_avg_recall": 0.8792480082221632,
    "train_min_recall": 0.4122271131718973,
    "validation_loss": 0.548044214397669,
    "validation_accuracy": 0.8288085937499998,
    "validation_avg_precision": 0.8304439932875851,
    "validation_min_precision": 0.5410249234304527,
    "validation_avg_recall": 0.8281831520942892,
    "validation_min_recall": 0.4905584322611184
}