{
    "train_loss": 0.03323537511587667,
    "train_accuracy": 0.9893777412280715,
    "train_avg_precision": 0.9834833538606242,
    "train_min_precision": 0.8775343773463933,
    "train_avg_recall": 0.9917692202262358,
    "train_min_recall": 0.9383676136588792,
    "validation_loss": 0.9454985233023762,
    "validation_accuracy": 0.854296875,
    "validation_avg_precision": 0.8587015409256251,
    "validation_min_precision": 0.622851303597745,
    "validation_avg_recall": 0.8525552044255171,
    "validation_min_recall": 0.4178282156878287
}