{
    "train_loss": 0.1614162202989846,
    "train_accuracy": 0.9407327582961642,
    "train_avg_precision": 0.8523649913042985,
    "train_min_precision": 0.3298315232525759,
    "train_avg_recall": 0.9239087538497706,
    "train_min_recall": 0.6215677106028871,
    "validation_loss": 0.5022274445742368,
    "validation_accuracy": 0.8489257812500001,
    "validation_avg_precision": 0.8441724332346127,
    "validation_min_precision": 0.6054342635297709,
    "validation_avg_recall": 0.8485476099352547,
    "validation_min_recall": 0.48862839884946363
}