{
    "train_loss": 0.03506767398498037,
    "train_accuracy": 0.9892123226533869,
    "train_avg_precision": 0.9802419032032866,
    "train_min_precision": 0.8539678059912456,
    "train_avg_recall": 0.988436174980638,
    "train_min_recall": 0.9060927599684632,
    "validation_loss": 0.9912833809852601,
    "validation_accuracy": 0.8521484374999999,
    "validation_avg_precision": 0.8524802678640576,
    "validation_min_precision": 0.6155118391765257,
    "validation_avg_recall": 0.8509325297590765,
    "validation_min_recall": 0.4125622821344841
}