{
    "train_loss": 0.25861510817419014,
    "train_accuracy": 0.9005690415700279,
    "train_avg_precision": 0.8073405738410987,
    "train_min_precision": 0.12146018326358882,
    "train_avg_recall": 0.8542150740604014,
    "train_min_recall": 0.4114394337942182,
    "validation_loss": 0.5200576808303595,
    "validation_accuracy": 0.8216796874999999,
    "validation_avg_precision": 0.8362656414756099,
    "validation_min_precision": 0.47984422050796116,
    "validation_avg_recall": 0.8217279025434169,
    "validation_min_recall": 0.5420147370310479
}