{
    "train_loss": 0.03540990173228477,
    "train_accuracy": 0.9882528928288253,
    "train_avg_precision": 0.9796264090652486,
    "train_min_precision": 0.8422867501637777,
    "train_avg_recall": 0.9890971578202041,
    "train_min_recall": 0.9203221299917282,
    "validation_loss": 0.9813690945506097,
    "validation_accuracy": 0.8473632812500003,
    "validation_avg_precision": 0.8531340532558993,
    "validation_min_precision": 0.6184030058825575,
    "validation_avg_recall": 0.8473693928642795,
    "validation_min_recall": 0.415361802025503
}