{
    "train_loss": 0.07974591432956228,
    "train_accuracy": 0.9736676686688481,
    "train_avg_precision": 0.9337331783120957,
    "train_min_precision": 0.5995192962681757,
    "train_avg_recall": 0.9652902782122518,
    "train_min_recall": 0.7520410855660519,
    "validation_loss": 0.7238174339756369,
    "validation_accuracy": 0.859765625,
    "validation_avg_precision": 0.8620959078303784,
    "validation_min_precision": 0.6409330983235507,
    "validation_avg_recall": 0.859219763817121,
    "validation_min_recall": 0.46743764602522947
}