{
    "train_loss": 0.12359836717185224,
    "train_accuracy": 0.9566436974625846,
    "train_avg_precision": 0.8941933390577916,
    "train_min_precision": 0.5063408929531401,
    "train_avg_recall": 0.9390108074811595,
    "train_min_recall": 0.6323990898504177,
    "validation_loss": 0.6456109531223775,
    "validation_accuracy": 0.8461914062499999,
    "validation_avg_precision": 0.8458492482780902,
    "validation_min_precision": 0.5936637968081533,
    "validation_avg_recall": 0.8409971038402072,
    "validation_min_recall": 0.2974773137268159
}