{
    "train_loss": 0.0677836020395421,
    "train_accuracy": 0.9780701754385974,
    "train_avg_precision": 0.9450661830855911,
    "train_min_precision": 0.6297306518229688,
    "train_avg_recall": 0.9723601863995017,
    "train_min_recall": 0.7921210328494359,
    "validation_loss": 0.8189239449799061,
    "validation_accuracy": 0.8525390624999997,
    "validation_avg_precision": 0.8545403091054629,
    "validation_min_precision": 0.6174653108323772,
    "validation_avg_recall": 0.8516531847199653,
    "validation_min_recall": 0.48605017210647405
}