{
    "train_loss": 0.10469870236620567,
    "train_accuracy": 0.965306923054813,
    "train_avg_precision": 0.9063596790326979,
    "train_min_precision": 0.46504916069344393,
    "train_avg_recall": 0.9620977162363017,
    "train_min_recall": 0.7572816172848101,
    "validation_loss": 0.6916547313332555,
    "validation_accuracy": 0.8595703125,
    "validation_avg_precision": 0.8575776427655449,
    "validation_min_precision": 0.6329423585877236,
    "validation_avg_recall": 0.8555509618772282,
    "validation_min_recall": 0.4908429398530044
}