{
    "train_loss": 0.23500232424652368,
    "train_accuracy": 0.9168958904450405,
    "train_avg_precision": 0.8208888780131359,
    "train_min_precision": 0.2600497455760613,
    "train_avg_recall": 0.8890181068565244,
    "train_min_recall": 0.4631213942752771,
    "validation_loss": 0.5165749751031399,
    "validation_accuracy": 0.8303710937499997,
    "validation_avg_precision": 0.8412895374480532,
    "validation_min_precision": 0.5491640294930666,
    "validation_avg_recall": 0.8315939621584492,
    "validation_min_recall": 0.5002649921636613
}