{
    "train_loss": 0.15036551562840475,
    "train_accuracy": 0.9455700809495498,
    "train_avg_precision": 0.8654897881230629,
    "train_min_precision": 0.3716690716690717,
    "train_avg_recall": 0.9342033291889542,
    "train_min_recall": 0.6458406560450498,
    "validation_loss": 0.5390184350311756,
    "validation_accuracy": 0.8444335937499997,
    "validation_avg_precision": 0.8472980172102783,
    "validation_min_precision": 0.6075282951810163,
    "validation_avg_recall": 0.8472977680481604,
    "validation_min_recall": 0.4715503911252875
}