{
    "train_loss": 0.16500497674732875,
    "train_accuracy": 0.9394826638071169,
    "train_avg_precision": 0.8474982568630649,
    "train_min_precision": 0.32124756335282667,
    "train_avg_recall": 0.9252425820236148,
    "train_min_recall": 0.6151605959814388,
    "validation_loss": 0.5165172524750231,
    "validation_accuracy": 0.8422851562499998,
    "validation_avg_precision": 0.8388681878969703,
    "validation_min_precision": 0.5876531890590632,
    "validation_avg_recall": 0.8415923396484135,
    "validation_min_recall": 0.49010325066056637
}