{
    "train_loss": 0.1367015643208696,
    "train_accuracy": 0.9516976705768659,
    "train_avg_precision": 0.8691471064155458,
    "train_min_precision": 0.292297663350295,
    "train_avg_recall": 0.9379667179512483,
    "train_min_recall": 0.6339844953376603,
    "validation_loss": 0.5510896645486356,
    "validation_accuracy": 0.8499999999999999,
    "validation_avg_precision": 0.8491966336419715,
    "validation_min_precision": 0.6137643237670284,
    "validation_avg_recall": 0.8518286812652031,
    "validation_min_recall": 0.507263040305837
}