{
    "train_loss": 0.420797054704867,
    "train_accuracy": 0.840028073704033,
    "train_avg_precision": 0.7258055177116013,
    "train_min_precision": 0.04891971892486707,
    "train_avg_recall": 0.7863224469321948,
    "train_min_recall": 0.22165771198138223,
    "validation_loss": 0.5884854272007943,
    "validation_accuracy": 0.7765625,
    "validation_avg_precision": 0.788296182242386,
    "validation_min_precision": 0.3667488909285763,
    "validation_avg_recall": 0.7702797637610218,
    "validation_min_recall": 0.3605857771092208
}