{
    "train_loss": 0.22938792355227888,
    "train_accuracy": 0.9185524426008531,
    "train_avg_precision": 0.804787072926032,
    "train_min_precision": 0.20193534535639793,
    "train_avg_recall": 0.8510869388454505,
    "train_min_recall": 0.3209547855759566,
    "validation_loss": 0.5060743488371372,
    "validation_accuracy": 0.82470703125,
    "validation_avg_precision": 0.8250800724785949,
    "validation_min_precision": 0.5646430768272632,
    "validation_avg_recall": 0.8219533101744415,
    "validation_min_recall": 0.3270333660049693
}