{
    "train_loss": 0.029806025571336863,
    "train_accuracy": 0.9899661603726851,
    "train_avg_precision": 0.9843189273927254,
    "train_min_precision": 0.8777652497223414,
    "train_avg_recall": 0.9920437752732465,
    "train_min_recall": 0.9391460007796082,
    "validation_loss": 1.0191119030117988,
    "validation_accuracy": 0.8517578125,
    "validation_avg_precision": 0.8539183975297965,
    "validation_min_precision": 0.6094635580644451,
    "validation_avg_recall": 0.8530525180546786,
    "validation_min_recall": 0.40349402685713387
}