{
    "train_loss": 0.05497555005364119,
    "train_accuracy": 0.9889843750000015,
    "train_avg_precision": 0.986978253606047,
    "train_min_precision": 0.9035388477469082,
    "train_avg_recall": 0.9899845826895909,
    "train_min_recall": 0.9293182120688437,
    "validation_loss": 0.360603338744067,
    "validation_accuracy": 0.8843947784810119,
    "validation_avg_precision": 0.8963311639814827,
    "validation_min_precision": 0.5844798244586195,
    "validation_avg_recall": 0.8833418305781633,
    "validation_min_recall": 0.6148092237194602,
    "train_variance": 5.189487934112549,
    "validation_variance": 55.489009857177734
}