{
    "train_loss": 0.07168504542671146,
    "train_accuracy": 0.9814843750000004,
    "train_avg_precision": 0.9690552107663838,
    "train_min_precision": 0.7804340744827604,
    "train_avg_recall": 0.9754234249330103,
    "train_min_recall": 0.8283876492853829,
    "validation_loss": 0.3761297969878475,
    "validation_accuracy": 0.8802412974683542,
    "validation_avg_precision": 0.8916709180476966,
    "validation_min_precision": 0.5797721949032842,
    "validation_avg_recall": 0.8771505493592837,
    "validation_min_recall": 0.6143015835235732,
    "train_variance": 7.445466995239258,
    "validation_variance": 55.24822235107422
}