{
    "train_loss": 0.046870486494153776,
    "train_accuracy": 0.9910937500000008,
    "train_avg_precision": 0.9871185265029955,
    "train_min_precision": 0.894625207904199,
    "train_avg_recall": 0.9913295621389796,
    "train_min_recall": 0.9310116665699316,
    "validation_loss": 0.36888978168179715,
    "validation_accuracy": 0.8847903481012654,
    "validation_avg_precision": 0.8936221889268289,
    "validation_min_precision": 0.5918194035502107,
    "validation_avg_recall": 0.8820643876754471,
    "validation_min_recall": 0.5921502179654888,
    "train_variance": 4.523783206939697,
    "validation_variance": 60.78901672363281
}