{
    "train_loss": 0.039175871908664714,
    "train_accuracy": 0.9937500000000012,
    "train_avg_precision": 0.9910930223217214,
    "train_min_precision": 0.9305831680129398,
    "train_avg_recall": 0.9942043758521661,
    "train_min_recall": 0.9530148577273103,
    "validation_loss": 0.3673373215560673,
    "validation_accuracy": 0.8863726265822783,
    "validation_avg_precision": 0.894046944312818,
    "validation_min_precision": 0.610125097705828,
    "validation_avg_recall": 0.8865102850612507,
    "validation_min_recall": 0.6045102923664276,
    "train_variance": 3.825434684753418,
    "validation_variance": 61.691680908203125
}