{
    "train_loss": 0.03844990324229002,
    "train_accuracy": 0.9939062500000013,
    "train_avg_precision": 0.9913325930284002,
    "train_min_precision": 0.9263192773674332,
    "train_avg_recall": 0.9954567843884071,
    "train_min_recall": 0.9629354639014535,
    "validation_loss": 0.3733954093643004,
    "validation_accuracy": 0.8854825949367084,
    "validation_avg_precision": 0.8965030958494529,
    "validation_min_precision": 0.6038527769610533,
    "validation_avg_recall": 0.8852869318359781,
    "validation_min_recall": 0.6196149346901786,
    "train_variance": 3.7347183227539062,
    "validation_variance": 66.28850555419922
}