{
    "train_loss": 0.44729428209364436,
    "train_accuracy": 0.8557031250000009,
    "train_avg_precision": 0.8381169623876799,
    "train_min_precision": 0.3017928755905182,
    "train_avg_recall": 0.8257257919045732,
    "train_min_recall": 0.1561035903381106,
    "validation_loss": 0.7147650450845308,
    "validation_accuracy": 0.7840189873417722,
    "validation_avg_precision": 0.8318059402035095,
    "validation_min_precision": 0.3508708072447464,
    "validation_avg_recall": 0.7825799590277216,
    "validation_min_recall": 0.1464879126286227,
    "train_variance": 27.510379791259766,
    "validation_variance": 98.17369079589844
}