{
    "train_loss": 2.9776351062355766,
    "train_zero_shot_top_1": 0.0,
    "train_zero_shot_top_2": 0.0,
    "validation_loss": 10.237884174693715,
    "validation_zero_shot_top_1": 0.28218747576016134,
    "validation_zero_shot_top_2": 0.5230975362627986
}