{
    "train_loss": 2.9992873717327515,
    "train_zero_shot_top_1": 0.0,
    "train_zero_shot_top_2": 0.0,
    "validation_loss": 10.019072359258478,
    "validation_zero_shot_top_1": 0.283204336991933,
    "validation_zero_shot_top_2": 0.5402738859370152
}