{
    "train_loss": 2.983170672338835,
    "train_zero_shot_top_1": 0.0,
    "train_zero_shot_top_2": 0.0,
    "validation_loss": 10.220876346934928,
    "validation_zero_shot_top_1": 0.28245290199348433,
    "validation_zero_shot_top_2": 0.5266541265901334
}