{
    "train_loss": 3.0065542286147875,
    "train_zero_shot_top_1": 0.0,
    "train_zero_shot_top_2": 0.0,
    "validation_loss": 8.680569908835672,
    "validation_zero_shot_top_1": 0.2810809271253491,
    "validation_zero_shot_top_2": 0.6062298809339125
}