{
    "train_loss": 2.9645703863672153,
    "train_zero_shot_top_1": 0.0,
    "train_zero_shot_top_2": 0.0,
    "validation_loss": 9.77548122406006,
    "validation_zero_shot_top_1": 0.3413551039404282,
    "validation_zero_shot_top_2": 0.582889340288551,
    "train_variance": 5.255795478820801,
    "validation_variance": 2731.689208984375
}