{
    "train_loss": 2.991444180206376,
    "train_zero_shot_top_1": 0.0,
    "train_zero_shot_top_2": 0.0,
    "validation_loss": 9.541534857316451,
    "validation_zero_shot_top_1": 0.28134635335867203,
    "validation_zero_shot_top_2": 0.542273672626435
}