{
    "train_loss": 2.983032053222463,
    "train_zero_shot_top_1": 0.0,
    "train_zero_shot_top_2": 0.0,
    "validation_loss": 9.93285135789351,
    "validation_zero_shot_top_1": 0.281877205825318,
    "validation_zero_shot_top_2": 0.5230096668476574
}