{
    "train_loss": 2.974098759038107,
    "train_zero_shot_top_1": 0.0,
    "train_zero_shot_top_2": 0.0,
    "validation_loss": 9.541133013638582,
    "validation_zero_shot_top_1": 0.3405945790024821,
    "validation_zero_shot_top_2": 0.5819100508067019,
    "train_variance": 5.341305732727051,
    "validation_variance": 2239.293701171875
}