{
    "train_loss": 2.98669429822844,
    "train_zero_shot_top_1": 0.0,
    "train_zero_shot_top_2": 0.0,
    "validation_loss": 10.191807400096545,
    "validation_zero_shot_top_1": 0.2809930577102079,
    "validation_zero_shot_top_2": 0.5335321808098045
}