{
    "train_loss": 2.964763135469035,
    "train_zero_shot_top_1": 0.0,
    "train_zero_shot_top_2": 0.0,
    "validation_loss": 9.60700581290505,
    "validation_zero_shot_top_1": 0.3228498051116972,
    "validation_zero_shot_top_2": 0.58071017879305,
    "train_variance": 5.757198810577393,
    "validation_variance": 2405.3369140625
}