{
    "train_loss": 2.9830662465217164,
    "train_zero_shot_top_1": 0.0,
    "train_zero_shot_top_2": 0.0,
    "validation_loss": 10.355679512023926,
    "validation_zero_shot_top_1": 0.27909023037542663,
    "validation_zero_shot_top_2": 0.5261269100992864
}