{
    "train_loss": 2.9982827451764313,
    "train_zero_shot_top_1": 0.0,
    "train_zero_shot_top_2": 0.0,
    "validation_loss": 7.823440118269486,
    "validation_zero_shot_top_1": 0.34091212088892336,
    "validation_zero_shot_top_2": 0.5880384880158238,
    "train_variance": 6.743117809295654,
    "validation_variance": 409.1001892089844
}