{
    "train_loss": 2.987710097614599,
    "train_zero_shot_top_1": 0.0,
    "train_zero_shot_top_2": 0.0,
    "validation_loss": 9.72562313079834,
    "validation_zero_shot_top_1": 0.28152391017685385,
    "validation_zero_shot_top_2": 0.5578089852233943
}