{
    "train_loss": 3.026883749329313,
    "train_zero_shot_top_1": 0.0,
    "train_zero_shot_top_2": 0.0,
    "validation_loss": 8.021654735911978,
    "validation_zero_shot_top_1": 0.2832958423828731,
    "validation_zero_shot_top_2": 0.4615822797083463
}