{
    "train_loss": 0.10072634886950256,
    "train_accuracy": 0.969140625,
    "train_avg_precision": 0.9544670673662339,
    "train_min_precision": 0.7370611783666026,
    "train_avg_recall": 0.9684003854960379,
    "train_min_recall": 0.8196418053385477,
    "validation_loss": 0.37038907611483257,
    "validation_accuracy": 0.8827136075949366,
    "validation_avg_precision": 0.8889443686344044,
    "validation_min_precision": 0.6297970544771058,
    "validation_avg_recall": 0.8831897382715952,
    "validation_min_recall": 0.6329408887585792,
    "train_variance": 15.59152603149414,
    "validation_variance": 102.13860321044922
}