{
    "train_loss": 0.0461472984869033,
    "train_accuracy": 0.9908984375000006,
    "train_avg_precision": 0.9873831555393123,
    "train_min_precision": 0.9005574502476258,
    "train_avg_recall": 0.9916774384973744,
    "train_min_recall": 0.9373713321809516,
    "validation_loss": 0.36993159240559675,
    "validation_accuracy": 0.8835047468354429,
    "validation_avg_precision": 0.8919371767072701,
    "validation_min_precision": 0.5892909686678457,
    "validation_avg_recall": 0.8807885918368404,
    "validation_min_recall": 0.5945468125119248,
    "train_variance": 4.657139778137207,
    "validation_variance": 98.26610565185547
}