{
    "train_loss": 0.21236116319894796,
    "train_accuracy": 0.9247265624999994,
    "train_avg_precision": 0.909484516437586,
    "train_min_precision": 0.6174964726066237,
    "train_avg_recall": 0.9255406815614738,
    "train_min_recall": 0.699898774766161,
    "validation_loss": 0.4095004202821588,
    "validation_accuracy": 0.8631329113924051,
    "validation_avg_precision": 0.8728834877803997,
    "validation_min_precision": 0.5788714889461449,
    "validation_avg_recall": 0.864728361853507,
    "validation_min_recall": 0.6139726819665685,
    "train_variance": 27.141653060913086,
    "validation_variance": 85.46255493164062
}