{
    "train_loss": 0.054265198707580564,
    "train_accuracy": 0.9891406250000011,
    "train_avg_precision": 0.985619677290331,
    "train_min_precision": 0.8915581410576712,
    "train_avg_recall": 0.988997601121234,
    "train_min_recall": 0.9212121949693282,
    "validation_loss": 0.353135229194466,
    "validation_accuracy": 0.8877571202531644,
    "validation_avg_precision": 0.898531960559467,
    "validation_min_precision": 0.6046959691981139,
    "validation_avg_recall": 0.8882006363445997,
    "validation_min_recall": 0.6299932596479997,
    "train_variance": 5.793489933013916,
    "validation_variance": 86.43524169921875
}