{
    "train_loss": 0.13454021934419869,
    "train_accuracy": 0.9563281249999996,
    "train_avg_precision": 0.9336481736476506,
    "train_min_precision": 0.660289660303676,
    "train_avg_recall": 0.9583696924997018,
    "train_min_recall": 0.7763906328424142,
    "validation_loss": 0.36059780343423903,
    "validation_accuracy": 0.8778678797468354,
    "validation_avg_precision": 0.8795499928225761,
    "validation_min_precision": 0.6111853616027304,
    "validation_avg_recall": 0.8763464303456372,
    "validation_min_recall": 0.6111485947245446,
    "train_variance": 15.367738723754883,
    "validation_variance": 71.62037658691406
}