{
    "train_loss": 0.0705464653391391,
    "train_accuracy": 0.9816406250000005,
    "train_avg_precision": 0.9697222190815942,
    "train_min_precision": 0.7837585044960449,
    "train_avg_recall": 0.976082711476895,
    "train_min_recall": 0.8334622685670046,
    "validation_loss": 0.36983202492134487,
    "validation_accuracy": 0.8813291139240502,
    "validation_avg_precision": 0.8910230653763258,
    "validation_min_precision": 0.5943955082893874,
    "validation_avg_recall": 0.8785675570999674,
    "validation_min_recall": 0.6248696631211232,
    "train_variance": 10.396681785583496,
    "validation_variance": 80.1867904663086
}