{
    "train_loss": 0.03858589706011116,
    "train_accuracy": 0.9939843750000017,
    "train_avg_precision": 0.9909933861972128,
    "train_min_precision": 0.9286259113666114,
    "train_avg_recall": 0.9943069605875491,
    "train_min_recall": 0.9536662252936144,
    "validation_loss": 0.36643250701548186,
    "validation_accuracy": 0.8882515822784806,
    "validation_avg_precision": 0.8959205151580821,
    "validation_min_precision": 0.6112098455942543,
    "validation_avg_recall": 0.8884219443184056,
    "validation_min_recall": 0.614780338710464,
    "train_variance": 3.440363883972168,
    "validation_variance": 85.4905776977539
}