{
    "train_loss": 0.045691444613039485,
    "train_accuracy": 0.9909765625000009,
    "train_avg_precision": 0.9873202753000873,
    "train_min_precision": 0.8987081678110433,
    "train_avg_recall": 0.9926787103150997,
    "train_min_recall": 0.9426093307557831,
    "validation_loss": 0.37429496759100805,
    "validation_accuracy": 0.888251582278481,
    "validation_avg_precision": 0.8968882409365141,
    "validation_min_precision": 0.6181566126616441,
    "validation_avg_recall": 0.8875779865464,
    "validation_min_recall": 0.63331104647335,
    "train_variance": 5.205277919769287,
    "validation_variance": 139.78211975097656
}