{
    "train_loss": 0.048648986518383,
    "train_accuracy": 0.9900390625000006,
    "train_avg_precision": 0.9865061452035353,
    "train_min_precision": 0.8984137696565913,
    "train_avg_recall": 0.991533841739953,
    "train_min_recall": 0.9382278918746,
    "validation_loss": 0.3751967609683169,
    "validation_accuracy": 0.8845925632911392,
    "validation_avg_precision": 0.8939385291371091,
    "validation_min_precision": 0.5982714422576555,
    "validation_avg_recall": 0.8838454964046276,
    "validation_min_recall": 0.6169563246144547,
    "train_variance": 5.444917678833008,
    "validation_variance": 150.24578857421875
}