{
    "train_loss": 0.20313932441174978,
    "train_accuracy": 0.9270703124999994,
    "train_avg_precision": 0.9071251773030198,
    "train_min_precision": 0.6020092152834279,
    "train_avg_recall": 0.9260822271481567,
    "train_min_recall": 0.680705372613183,
    "validation_loss": 0.39312427689003054,
    "validation_accuracy": 0.865605221518987,
    "validation_avg_precision": 0.8703958192595925,
    "validation_min_precision": 0.5942848534623032,
    "validation_avg_recall": 0.8666454583976277,
    "validation_min_recall": 0.6048164805131176,
    "train_variance": 22.24326515197754,
    "validation_variance": 54.604820251464844
}