{
    "train_loss": 0.14572342064231644,
    "train_accuracy": 0.9506249999999994,
    "train_avg_precision": 0.9232632777578835,
    "train_min_precision": 0.6242659119203231,
    "train_avg_recall": 0.9514387518140027,
    "train_min_recall": 0.7551612963281343,
    "validation_loss": 0.35860422064986397,
    "validation_accuracy": 0.8823180379746831,
    "validation_avg_precision": 0.8842752173138092,
    "validation_min_precision": 0.6298859067238972,
    "validation_avg_recall": 0.8812704817617141,
    "validation_min_recall": 0.6231255052550664,
    "train_variance": 16.52361297607422,
    "validation_variance": 112.37875366210938
}