{
    "train_loss": 0.06602392886765299,
    "train_accuracy": 0.9838281250000002,
    "train_avg_precision": 0.9748704885978249,
    "train_min_precision": 0.8254706285921348,
    "train_avg_recall": 0.9849929154220329,
    "train_min_recall": 0.8977176752933259,
    "validation_loss": 0.3515143420877335,
    "validation_accuracy": 0.8910205696202529,
    "validation_avg_precision": 0.8954581903022063,
    "validation_min_precision": 0.629200309744555,
    "validation_avg_recall": 0.8899618595533381,
    "validation_min_recall": 0.6407009356856521,
    "train_variance": 7.391814708709717,
    "validation_variance": 130.62940979003906
}