{
    "train_loss": 0.046085866698995226,
    "train_accuracy": 0.9907812500000007,
    "train_avg_precision": 0.9858744727228993,
    "train_min_precision": 0.8946850152165657,
    "train_avg_recall": 0.9918432340921619,
    "train_min_recall": 0.9379238886202249,
    "validation_loss": 0.366922957987725,
    "validation_accuracy": 0.8906249999999996,
    "validation_avg_precision": 0.8969018454530391,
    "validation_min_precision": 0.6252107255565735,
    "validation_avg_recall": 0.8903713750006912,
    "validation_min_recall": 0.6284412961446904,
    "train_variance": 4.971909999847412,
    "validation_variance": 139.94529724121094
}