{
    "train_loss": 0.4273569299280641,
    "train_accuracy": 0.8564453125000006,
    "train_avg_precision": 0.8431048692514297,
    "train_min_precision": 0.32002636086300423,
    "train_avg_recall": 0.8332516980791853,
    "train_min_recall": 0.19141613726830453,
    "validation_loss": 0.6669260474699963,
    "validation_accuracy": 0.7919303797468354,
    "validation_avg_precision": 0.8347414578615696,
    "validation_min_precision": 0.37987588054580057,
    "validation_avg_recall": 0.7905659058620828,
    "validation_min_recall": 0.1857340919064476,
    "train_variance": 47.093441009521484,
    "validation_variance": 122.15475463867188
}