{
    "train_loss": 0.08845496132038533,
    "train_accuracy": 0.973671875,
    "train_avg_precision": 0.9644552144129694,
    "train_min_precision": 0.7894517279648546,
    "train_avg_recall": 0.9714867392509862,
    "train_min_recall": 0.831666662637423,
    "validation_loss": 0.37532163713174543,
    "validation_accuracy": 0.8800435126582279,
    "validation_avg_precision": 0.8912931902501726,
    "validation_min_precision": 0.607805146347674,
    "validation_avg_recall": 0.880462865036189,
    "validation_min_recall": 0.623266048047566,
    "train_variance": 14.046963691711426,
    "validation_variance": 71.3722152709961
}