{
    "train_loss": 0.40553519740700705,
    "train_accuracy": 0.8599609375000005,
    "train_avg_precision": 0.8440412484865819,
    "train_min_precision": 0.3354505769977468,
    "train_avg_recall": 0.8467101369147445,
    "train_min_recall": 0.30187756756487405,
    "validation_loss": 0.5939675165882594,
    "validation_accuracy": 0.8087420886075951,
    "validation_avg_precision": 0.8372879518145357,
    "validation_min_precision": 0.4519502640979669,
    "validation_avg_recall": 0.8072484697227429,
    "validation_min_recall": 0.3122368908692734,
    "train_variance": 47.28458023071289,
    "validation_variance": 127.7430419921875
}