{
    "train_loss": 2.569913712669821,
    "validation_loss": 2.903654146194458,
    "train_variance": 19.979684829711914,
    "validation_variance": 24.5731143951416
}