{
    "train_loss": 2.5353205007665287,
    "validation_loss": 2.910407090187073,
    "train_variance": 21.67006492614746,
    "validation_variance": 28.538028717041016
}