{
    "train_loss": 3.7715308638180005,
    "validation_loss": 3.7417190790176384,
    "train_variance": 21.476802825927734,
    "validation_variance": 35.774559020996094
}