{
    "train_loss": 2.8430810563704547,
    "validation_loss": 3.0245452404022215,
    "train_variance": 11.379752159118652,
    "validation_variance": 15.85836124420166
}