{
    "train_loss": 2.2194815102745493,
    "validation_loss": 2.7390516519546506,
    "train_variance": 36.5905876159668,
    "validation_variance": 51.96915054321289
}