{
    "train_loss": 2.9887819570653575,
    "validation_loss": 3.1165779113769534,
    "train_variance": 9.364624977111816,
    "validation_variance": 12.12939167022705
}