{
    "train_loss": 0.20194845306768747,
    "train_accuracy": 0.9328517275944096,
    "train_avg_precision": 0.802131133968045,
    "train_min_precision": 0.0992063492063492,
    "train_avg_recall": 0.7919453912009706,
    "train_min_recall": 0.09708741550846813,
    "validation_loss": 0.7553927525877951,
    "validation_accuracy": 0.75791015625,
    "validation_avg_precision": 0.7483523645460467,
    "validation_min_precision": 0.2398130192453398,
    "validation_avg_recall": 0.7600732377959432,
    "validation_min_recall": 0.02476953739493639
}