{
    "train_loss": 0.510190282997332,
    "train_accuracy": 0.804226690217068,
    "train_avg_precision": 0.589647115547594,
    "train_min_precision": 0.0,
    "train_avg_recall": 0.5524389719588471,
    "train_min_recall": 0.0,
    "validation_loss": 1.4787215173244475,
    "validation_accuracy": 0.5268554687500001,
    "validation_avg_precision": 0.495307187966538,
    "validation_min_precision": 0.0,
    "validation_avg_recall": 0.5268531751091503,
    "validation_min_recall": 0.0
}