{
    "train_loss": 0.20860362497338078,
    "train_accuracy": 0.9307272758400239,
    "train_avg_precision": 0.7982241034478726,
    "train_min_precision": 0.11364833733254785,
    "train_avg_recall": 0.7914270560998837,
    "train_min_recall": 0.10232354504800324,
    "validation_loss": 0.7338161885738372,
    "validation_accuracy": 0.76376953125,
    "validation_avg_precision": 0.745142220882475,
    "validation_min_precision": 0.21304985563737155,
    "validation_avg_recall": 0.7606791777925525,
    "validation_min_recall": 0.02009027038833459
}