{
    "train_loss": 0.28314229401580066,
    "train_accuracy": 0.9040641073595015,
    "train_avg_precision": 0.7393758837071325,
    "train_min_precision": 0.02807017543859649,
    "train_avg_recall": 0.7132876322717396,
    "train_min_recall": 0.0324410163339383,
    "validation_loss": 0.9495835676789284,
    "validation_accuracy": 0.6861328125000001,
    "validation_avg_precision": 0.6680398851593917,
    "validation_min_precision": 0.010526315789473684,
    "validation_avg_recall": 0.6872780073580721,
    "validation_min_recall": 0.0009259259259259259
}