{
    "train_loss": 0.2834408238791583,
    "train_accuracy": 0.8987068962632566,
    "train_avg_precision": 0.7358837205162952,
    "train_min_precision": 0.049665831244778615,
    "train_avg_recall": 0.730964960953908,
    "train_min_recall": 0.03487506645401382,
    "validation_loss": 0.8978117480874065,
    "validation_accuracy": 0.7007812500000002,
    "validation_avg_precision": 0.6796315506169066,
    "validation_min_precision": 0.010714285714285714,
    "validation_avg_recall": 0.6971040520329699,
    "validation_min_recall": 0.001
}