{
    "train_loss": 0.2308137442981988,
    "train_accuracy": 0.9214992627762917,
    "train_avg_precision": 0.7876700870290965,
    "train_min_precision": 0.06803675856307434,
    "train_avg_recall": 0.7589186902226962,
    "train_min_recall": 0.04883512544802867,
    "validation_loss": 0.8271975904703139,
    "validation_accuracy": 0.7341796875,
    "validation_avg_precision": 0.7139468648387969,
    "validation_min_precision": 0.1339788631325616,
    "validation_avg_recall": 0.7353545604964641,
    "validation_min_recall": 0.014025508904261963
}