{
    "train_loss": 0.30093919629590554,
    "train_accuracy": 0.8958569650064435,
    "train_avg_precision": 0.7519012261999781,
    "train_min_precision": 0.06178217282336275,
    "train_avg_recall": 0.7081720914159068,
    "train_min_recall": 0.03713450292397661,
    "validation_loss": 0.9663379564881324,
    "validation_accuracy": 0.6870117187500002,
    "validation_avg_precision": 0.6699026572192285,
    "validation_min_precision": 0.010714285714285714,
    "validation_avg_recall": 0.6870296817650512,
    "validation_min_recall": 0.0010416666666666667
}