{
    "train_loss": 0.82543133539066,
    "train_accuracy": 0.7495510055307761,
    "train_avg_precision": 0.3972142801571151,
    "train_min_precision": 0.0,
    "train_avg_recall": 0.38144600852395105,
    "train_min_recall": 0.0,
    "validation_loss": 2.331287229061126,
    "validation_accuracy": 0.36015624999999996,
    "validation_avg_precision": 0.23288148770652747,
    "validation_min_precision": 0.0,
    "validation_avg_recall": 0.3589246116880392,
    "validation_min_recall": 0.0
}