{
    "train_loss": 0.26534388593414354,
    "train_accuracy": 0.9107966579889,
    "train_avg_precision": 0.7607228510380151,
    "train_min_precision": 0.0736842105263158,
    "train_avg_recall": 0.7688744869783364,
    "train_min_recall": 0.06120857699805068,
    "validation_loss": 0.7706292927265168,
    "validation_accuracy": 0.7379882812499999,
    "validation_avg_precision": 0.7068275106024278,
    "validation_min_precision": 0.07279066294073479,
    "validation_avg_recall": 0.7390294905453996,
    "validation_min_recall": 0.013891638857990359
}