{
    "train_loss": 0.2083100907896694,
    "train_accuracy": 0.9305902144365151,
    "train_avg_precision": 0.7869153428601392,
    "train_min_precision": 0.06704933678617889,
    "train_avg_recall": 0.781530461819049,
    "train_min_recall": 0.0607123870281765,
    "validation_loss": 0.733521570265293,
    "validation_accuracy": 0.7591796875,
    "validation_avg_precision": 0.7478105486647919,
    "validation_min_precision": 0.27045501368999836,
    "validation_avg_recall": 0.7555801293041807,
    "validation_min_recall": 0.026832029472295797
}