{
    "train_loss": 0.2202399765190326,
    "train_accuracy": 0.9265469030330062,
    "train_avg_precision": 0.7818259310910352,
    "train_min_precision": 0.08532125768967874,
    "train_avg_recall": 0.7816033708287119,
    "train_min_recall": 0.07829759584145549,
    "validation_loss": 0.7482468008995057,
    "validation_accuracy": 0.7545898437500002,
    "validation_avg_precision": 0.73222488710855,
    "validation_min_precision": 0.16048603456280658,
    "validation_avg_recall": 0.7537736422087226,
    "validation_min_recall": 0.014350365314371482
}