{
    "train_loss": 0.2031969854183364,
    "train_accuracy": 0.9324925322281693,
    "train_avg_precision": 0.789259924760879,
    "train_min_precision": 0.08328664799253034,
    "train_avg_recall": 0.7761995472614664,
    "train_min_recall": 0.04894179894179894,
    "validation_loss": 0.7572142869234085,
    "validation_accuracy": 0.75830078125,
    "validation_avg_precision": 0.7303288497317538,
    "validation_min_precision": 0.16679414871333198,
    "validation_avg_recall": 0.757355137392541,
    "validation_min_recall": 0.018368904243904242
}