{
    "train_loss": 0.21773248571052883,
    "train_accuracy": 0.9258970430022797,
    "train_avg_precision": 0.7874916543455116,
    "train_min_precision": 0.06998050682261209,
    "train_avg_recall": 0.7674973616341725,
    "train_min_recall": 0.05137844611528822,
    "validation_loss": 0.7767501890659332,
    "validation_accuracy": 0.7469726562500001,
    "validation_avg_precision": 0.7284663866250101,
    "validation_min_precision": 0.18928032559407898,
    "validation_avg_recall": 0.7446459628824315,
    "validation_min_recall": 0.018191919874557174
}