{
    "train_loss": 0.2996451339700766,
    "train_accuracy": 0.892659652651402,
    "train_avg_precision": 0.7364085079013226,
    "train_min_precision": 0.06777303619408882,
    "train_avg_recall": 0.7265788837319942,
    "train_min_recall": 0.06636382623224728,
    "validation_loss": 0.9399633079767227,
    "validation_accuracy": 0.69150390625,
    "validation_avg_precision": 0.6809778032326275,
    "validation_min_precision": 0.009230769230769232,
    "validation_avg_recall": 0.6888187180261217,
    "validation_min_recall": 0.0008064516129032258
}