{
    "train_loss": 0.24097250532685663,
    "train_accuracy": 0.9159364606204792,
    "train_avg_precision": 0.7745551953657382,
    "train_min_precision": 0.06488394646289383,
    "train_avg_recall": 0.7469561190873194,
    "train_min_recall": 0.05374011952959321,
    "validation_loss": 0.8368300333619119,
    "validation_accuracy": 0.7309570312499999,
    "validation_avg_precision": 0.7050058761833756,
    "validation_min_precision": 0.08450709929483514,
    "validation_avg_recall": 0.7300882683491311,
    "validation_min_recall": 0.007552954444633606
}