{
    "train_loss": 0.236480644920416,
    "train_accuracy": 0.9217450284121335,
    "train_avg_precision": 0.7729080009050562,
    "train_min_precision": 0.07811194653299916,
    "train_avg_recall": 0.7782572692556388,
    "train_min_recall": 0.07665732959850607,
    "validation_loss": 0.7481595620512963,
    "validation_accuracy": 0.7528320312499999,
    "validation_avg_precision": 0.7165030593931679,
    "validation_min_precision": 0.07773554740660003,
    "validation_avg_recall": 0.7503464433971437,
    "validation_min_recall": 0.008682146030159522
}