{
    "train_loss": 0.5368744783234177,
    "train_accuracy": 0.7982692457081975,
    "train_avg_precision": 0.5693446523275746,
    "train_min_precision": 0.013157894736842105,
    "train_avg_recall": 0.5339849137707655,
    "train_min_recall": 0.007017543859649123,
    "validation_loss": 1.4799392819404604,
    "validation_accuracy": 0.5076171875000001,
    "validation_avg_precision": 0.4598643452807816,
    "validation_min_precision": 0.0,
    "validation_avg_recall": 0.506265215956519,
    "validation_min_recall": 0.0
}