{
    "train_loss": 0.24047236981099115,
    "train_accuracy": 0.9163074713004268,
    "train_avg_precision": 0.7740146444688407,
    "train_min_precision": 0.08417974761465066,
    "train_avg_recall": 0.7676247798188711,
    "train_min_recall": 0.08302005012531327,
    "validation_loss": 0.804250630736351,
    "validation_accuracy": 0.7382812499999999,
    "validation_avg_precision": 0.7089210015900529,
    "validation_min_precision": 0.06350922172868924,
    "validation_avg_recall": 0.734487887842729,
    "validation_min_recall": 0.005564974340175953
}