{
    "train_loss": 0.2576905857575567,
    "train_accuracy": 0.9141546623748651,
    "train_avg_precision": 0.7617613048823941,
    "train_min_precision": 0.07402915891880238,
    "train_avg_recall": 0.7526322358332587,
    "train_min_recall": 0.05716374269005848,
    "validation_loss": 0.851385649293661,
    "validation_accuracy": 0.7247070312500002,
    "validation_avg_precision": 0.6887882412618785,
    "validation_min_precision": 0.010714285714285714,
    "validation_avg_recall": 0.7214396574549907,
    "validation_min_recall": 0.0007575757575757576
}