{
    "train_loss": 0.21871844927469886,
    "train_accuracy": 0.9279978641292512,
    "train_avg_precision": 0.7822157890099533,
    "train_min_precision": 0.05792258423837371,
    "train_avg_recall": 0.7667359448428465,
    "train_min_recall": 0.0496063877642825,
    "validation_loss": 0.7523813739418984,
    "validation_accuracy": 0.75322265625,
    "validation_avg_precision": 0.7279192130535055,
    "validation_min_precision": 0.14002200797239445,
    "validation_avg_recall": 0.7526464507042308,
    "validation_min_recall": 0.014482122926922705
}