{
    "train_loss": 0.20778263255692359,
    "train_accuracy": 0.9309045107741112,
    "train_avg_precision": 0.7955013485537145,
    "train_min_precision": 0.08122389306599834,
    "train_avg_recall": 0.7755962536627247,
    "train_min_recall": 0.04519632414369256,
    "validation_loss": 0.7560341387987135,
    "validation_accuracy": 0.7597656249999998,
    "validation_avg_precision": 0.742394292784418,
    "validation_min_precision": 0.19148585012224778,
    "validation_avg_recall": 0.7605941832840286,
    "validation_min_recall": 0.03061256414599804
}