{
    "train_loss": 0.350362768821549,
    "train_accuracy": 0.8803690264099521,
    "train_avg_precision": 0.7178101916214918,
    "train_min_precision": 0.03759398496240601,
    "train_avg_recall": 0.6782456865028162,
    "train_min_recall": 0.028738512949039265,
    "validation_loss": 1.046651475131512,
    "validation_accuracy": 0.65234375,
    "validation_avg_precision": 0.6415217453744931,
    "validation_min_precision": 0.0,
    "validation_avg_recall": 0.6515873997957865,
    "validation_min_recall": 0.0
}