{
    "train_loss": 0.21441778436041717,
    "train_accuracy": 0.9292314167608302,
    "train_avg_precision": 0.7844905427212707,
    "train_min_precision": 0.062257917521075415,
    "train_avg_recall": 0.776707777344617,
    "train_min_recall": 0.05555555555555555,
    "validation_loss": 0.7603086888790129,
    "validation_accuracy": 0.7557617187500001,
    "validation_avg_precision": 0.7315586038613396,
    "validation_min_precision": 0.1693540872104572,
    "validation_avg_recall": 0.7529709910615263,
    "validation_min_recall": 0.014987177100080325
}