{
    "train_loss": 0.2422929570863121,
    "train_accuracy": 0.9191574036029352,
    "train_avg_precision": 0.7651863881667945,
    "train_min_precision": 0.06603313840155944,
    "train_avg_recall": 0.7570767671863902,
    "train_min_recall": 0.07032163742690059,
    "validation_loss": 0.8058318041265009,
    "validation_accuracy": 0.7366210937500001,
    "validation_avg_precision": 0.7039174404879694,
    "validation_min_precision": 0.04125609088844383,
    "validation_avg_recall": 0.7352906237852356,
    "validation_min_recall": 0.005341432760787599
}