{
    "train_loss": 0.30409384348936247,
    "train_accuracy": 0.8922933685152155,
    "train_avg_precision": 0.7196871307743923,
    "train_min_precision": 0.025290498974709502,
    "train_avg_recall": 0.6706739025801737,
    "train_min_recall": 0.012280701754385965,
    "validation_loss": 1.0312277033925055,
    "validation_accuracy": 0.6513671875,
    "validation_avg_precision": 0.6375066749282178,
    "validation_min_precision": 0.0068627450980392165,
    "validation_avg_recall": 0.6518956778212651,
    "validation_min_recall": 0.0006756756756756757
}