{
    "train_loss": 0.20431678180108992,
    "train_accuracy": 0.9314243992169704,
    "train_avg_precision": 0.8032625250978134,
    "train_min_precision": 0.09730196703880915,
    "train_avg_recall": 0.7917433523316223,
    "train_min_recall": 0.09224196855775803,
    "validation_loss": 0.7509884148836138,
    "validation_accuracy": 0.76103515625,
    "validation_avg_precision": 0.7357883550332363,
    "validation_min_precision": 0.15810613648577787,
    "validation_avg_recall": 0.761423229188355,
    "validation_min_recall": 0.014786326288574875
}