{
    "train_loss": 0.2657945323408696,
    "train_accuracy": 0.9108651886906544,
    "train_avg_precision": 0.7584245044500535,
    "train_min_precision": 0.05467836257309941,
    "train_avg_recall": 0.7592956272257189,
    "train_min_recall": 0.06106709425894485,
    "validation_loss": 0.869601310789585,
    "validation_accuracy": 0.7239257812500001,
    "validation_avg_precision": 0.6887034660922966,
    "validation_min_precision": 0.010416666666666668,
    "validation_avg_recall": 0.7193630482262338,
    "validation_min_recall": 0.0008333333333333333
}