{
    "train_loss": 0.28939928558834815,
    "train_accuracy": 0.9009116950787998,
    "train_avg_precision": 0.7405875137876881,
    "train_min_precision": 0.07654553049289892,
    "train_avg_recall": 0.7064461057562795,
    "train_min_recall": 0.04051796157059315,
    "validation_loss": 0.9819172084331513,
    "validation_accuracy": 0.6797851562500001,
    "validation_avg_precision": 0.6622132938671609,
    "validation_min_precision": 0.0,
    "validation_avg_recall": 0.6791090282581014,
    "validation_min_recall": 0.0
}