{
    "train_loss": 0.3051240742206574,
    "train_accuracy": 0.8970739757805541,
    "train_avg_precision": 0.7381183165225953,
    "train_min_precision": 0.07520300509376973,
    "train_avg_recall": 0.7030137933524819,
    "train_min_recall": 0.05093035619351408,
    "validation_loss": 1.0150659903883936,
    "validation_accuracy": 0.6729492187499997,
    "validation_avg_precision": 0.6512251769162551,
    "validation_min_precision": 0.0,
    "validation_avg_recall": 0.6695871298096632,
    "validation_min_recall": 0.0
}