{
    "train_loss": 0.25825036931456175,
    "train_accuracy": 0.9136867627762917,
    "train_avg_precision": 0.7617434018241264,
    "train_min_precision": 0.05786621024104978,
    "train_avg_recall": 0.7495060576738064,
    "train_min_recall": 0.04824561403508772,
    "validation_loss": 0.8462875172495841,
    "validation_accuracy": 0.7271484375,
    "validation_avg_precision": 0.6907280128717946,
    "validation_min_precision": 0.0,
    "validation_avg_recall": 0.7287368511329865,
    "validation_min_recall": 0.0
}