{
    "train_loss": 0.3319150732274641,
    "train_accuracy": 0.8746880669342842,
    "train_avg_precision": 0.7130888689473392,
    "train_min_precision": 0.06675319250507221,
    "train_avg_recall": 0.7045120510403771,
    "train_min_recall": 0.060050838170369734,
    "validation_loss": 0.9460172362625601,
    "validation_accuracy": 0.6735351562499998,
    "validation_avg_precision": 0.671591911035953,
    "validation_min_precision": 0.007539682539682539,
    "validation_avg_recall": 0.6742796700976673,
    "validation_min_recall": 0.0009259259259259259
}