{
    "train_loss": 0.22438316831463254,
    "train_accuracy": 0.9259301267172168,
    "train_avg_precision": 0.7770746305374913,
    "train_min_precision": 0.08709273182957393,
    "train_avg_recall": 0.7795919032897545,
    "train_min_recall": 0.08192007797270956,
    "validation_loss": 0.7348719894886018,
    "validation_accuracy": 0.7555664062500002,
    "validation_avg_precision": 0.7342714756873556,
    "validation_min_precision": 0.17293092971659338,
    "validation_avg_recall": 0.7545431778910899,
    "validation_min_recall": 0.01931492819499745
}