{
    "train_loss": 0.20209196066124405,
    "train_accuracy": 0.9320695327039357,
    "train_avg_precision": 0.7951762135661037,
    "train_min_precision": 0.09483304220146326,
    "train_avg_recall": 0.7861619201203115,
    "train_min_recall": 0.07316579737632369,
    "validation_loss": 0.7453920722007752,
    "validation_accuracy": 0.75859375,
    "validation_avg_precision": 0.7379880990841186,
    "validation_min_precision": 0.22488767219029798,
    "validation_avg_recall": 0.7543977083508017,
    "validation_min_recall": 0.025604659966445467
}