{
    "train_loss": 0.21592511027528533,
    "train_accuracy": 0.9260908197938357,
    "train_avg_precision": 0.7911128886577475,
    "train_min_precision": 0.08333333333333334,
    "train_avg_recall": 0.7740482269019364,
    "train_min_recall": 0.0654970760233918,
    "validation_loss": 0.7533580750226976,
    "validation_accuracy": 0.7541015624999999,
    "validation_avg_precision": 0.7379202150768226,
    "validation_min_precision": 0.19892404717497325,
    "validation_avg_recall": 0.7559560814164747,
    "validation_min_recall": 0.01869425837138626
}