{
    "train_loss": 0.2201961613537972,
    "train_accuracy": 0.9251597471404498,
    "train_avg_precision": 0.7843797575854752,
    "train_min_precision": 0.07738791423001949,
    "train_avg_recall": 0.7676705893233509,
    "train_min_recall": 0.04631877499391111,
    "validation_loss": 0.7699756428599359,
    "validation_accuracy": 0.7509765625,
    "validation_avg_precision": 0.7332562869086716,
    "validation_min_precision": 0.17077762643876448,
    "validation_avg_recall": 0.7522821725873463,
    "validation_min_recall": 0.016977981622748453
}