{
    "train_loss": 0.30389454281120964,
    "train_accuracy": 0.8964855566359403,
    "train_avg_precision": 0.7295024783417378,
    "train_min_precision": 0.0253411306042885,
    "train_avg_recall": 0.7034911214959979,
    "train_min_recall": 0.025828460038986353,
    "validation_loss": 0.9813222154974934,
    "validation_accuracy": 0.6704101562500001,
    "validation_avg_precision": 0.655009808162111,
    "validation_min_precision": 0.009375,
    "validation_avg_recall": 0.671066494969841,
    "validation_min_recall": 0.0009615384615384616
}