{
    "train_loss": 0.21205624794228037,
    "train_accuracy": 0.9300136116513043,
    "train_avg_precision": 0.7966949080941876,
    "train_min_precision": 0.10139769539641169,
    "train_avg_recall": 0.7827446170813036,
    "train_min_recall": 0.08155645524066577,
    "validation_loss": 0.7676098763942716,
    "validation_accuracy": 0.75732421875,
    "validation_avg_precision": 0.7245591004334768,
    "validation_min_precision": 0.12666853617188617,
    "validation_avg_recall": 0.7553930146973039,
    "validation_min_recall": 0.012034504144933306
}