{
    "train_loss": 0.20426025424610098,
    "train_accuracy": 0.932565789473685,
    "train_avg_precision": 0.7980644183461731,
    "train_min_precision": 0.08698830409356725,
    "train_avg_recall": 0.7874881535760994,
    "train_min_recall": 0.0675438596491228,
    "validation_loss": 0.7358838498592377,
    "validation_accuracy": 0.7599609374999999,
    "validation_avg_precision": 0.7484550559350515,
    "validation_min_precision": 0.25473568379180406,
    "validation_avg_recall": 0.7621826000432289,
    "validation_min_recall": 0.024386861784304485
}