{
    "train_loss": 0.20622344890184569,
    "train_accuracy": 0.9310415721776201,
    "train_avg_precision": 0.7914471026413986,
    "train_min_precision": 0.09971029724849759,
    "train_avg_recall": 0.7859621936580278,
    "train_min_recall": 0.08213589529379002,
    "validation_loss": 0.7367483519017697,
    "validation_accuracy": 0.76376953125,
    "validation_avg_precision": 0.7412136130276913,
    "validation_min_precision": 0.1740689757045439,
    "validation_avg_recall": 0.7604143029711412,
    "validation_min_recall": 0.015457501161755888
}