{
    "train_loss": 0.2363047275626869,
    "train_accuracy": 0.9207903240856377,
    "train_avg_precision": 0.7796563828981298,
    "train_min_precision": 0.047261009667024706,
    "train_avg_recall": 0.7544536939112333,
    "train_min_recall": 0.045614035087719294,
    "validation_loss": 0.8265963882207868,
    "validation_accuracy": 0.7385742187500003,
    "validation_avg_precision": 0.6998253161338066,
    "validation_min_precision": 0.03368686868686868,
    "validation_avg_recall": 0.7352271202146009,
    "validation_min_recall": 0.003229813664596273
}