{
    "train_loss": 0.3105900068032113,
    "train_accuracy": 0.8936238090197245,
    "train_avg_precision": 0.7242751177896449,
    "train_min_precision": 0.033625730994152045,
    "train_avg_recall": 0.6809475464067106,
    "train_min_recall": 0.024269005847953218,
    "validation_loss": 1.0549338787794114,
    "validation_accuracy": 0.65185546875,
    "validation_avg_precision": 0.6425271464662307,
    "validation_min_precision": 0.0,
    "validation_avg_recall": 0.6511574737741278,
    "validation_min_recall": 0.0
}