{
    "train_loss": 0.3745597302913667,
    "train_accuracy": 0.8676057740261677,
    "train_avg_precision": 0.6461699890980491,
    "train_min_precision": 0.008771929824561403,
    "train_avg_recall": 0.6259207315270872,
    "train_min_recall": 0.005847953216374269,
    "validation_loss": 1.2082625865936278,
    "validation_accuracy": 0.5842773437500001,
    "validation_avg_precision": 0.5353496574605929,
    "validation_min_precision": 0.0,
    "validation_avg_recall": 0.5829086046206005,
    "validation_min_recall": 0.0
}