{
    "train_loss": 0.20296270674780792,
    "train_accuracy": 0.9318922977698483,
    "train_avg_precision": 0.7882832989935915,
    "train_min_precision": 0.06335282651072124,
    "train_avg_recall": 0.7838025235975402,
    "train_min_recall": 0.056899971373655586,
    "validation_loss": 0.7501613959670066,
    "validation_accuracy": 0.759765625,
    "validation_avg_precision": 0.7437361988214047,
    "validation_min_precision": 0.22015671013606003,
    "validation_avg_recall": 0.7579729458848604,
    "validation_min_recall": 0.025315670342516687
}