{
    "train_loss": 0.24042212152690226,
    "train_accuracy": 0.9217332120527307,
    "train_avg_precision": 0.7709434523102644,
    "train_min_precision": 0.05171200949232986,
    "train_avg_recall": 0.7459445445850375,
    "train_min_recall": 0.03508771929824561,
    "validation_loss": 0.8409071505069735,
    "validation_accuracy": 0.7298828124999999,
    "validation_avg_precision": 0.6912324555215718,
    "validation_min_precision": 0.025636856368563686,
    "validation_avg_recall": 0.7286062165538834,
    "validation_min_recall": 0.001668520578420467
}