{
    "train_loss": 0.22151869901439594,
    "train_accuracy": 0.9264618304737834,
    "train_avg_precision": 0.7734181951715376,
    "train_min_precision": 0.07222726356120185,
    "train_avg_recall": 0.7593248749636542,
    "train_min_recall": 0.049999999999999996,
    "validation_loss": 0.7825847923755647,
    "validation_accuracy": 0.743359375,
    "validation_avg_precision": 0.7160710160275575,
    "validation_min_precision": 0.13912936061447737,
    "validation_avg_recall": 0.7413454833812916,
    "validation_min_recall": 0.014298509783883827
}