{
    "train_loss": 0.20094775656859085,
    "train_accuracy": 0.9327146661909009,
    "train_avg_precision": 0.7857555304404802,
    "train_min_precision": 0.08931356168198273,
    "train_avg_recall": 0.7838480774738642,
    "train_min_recall": 0.06411862990810359,
    "validation_loss": 0.7299734041094779,
    "validation_accuracy": 0.7625976562500001,
    "validation_avg_precision": 0.7458885101348123,
    "validation_min_precision": 0.2210630657105197,
    "validation_avg_recall": 0.7626456762467786,
    "validation_min_recall": 0.024570222356298067
}