{
    "train_loss": 0.35700541290274834,
    "train_accuracy": 0.8772567866141333,
    "train_avg_precision": 0.6977077595859941,
    "train_min_precision": 0.05292881534016285,
    "train_avg_recall": 0.6706325542257515,
    "train_min_recall": 0.03762183235867446,
    "validation_loss": 1.1116579532623294,
    "validation_accuracy": 0.62900390625,
    "validation_avg_precision": 0.6293910673947666,
    "validation_min_precision": 0.0,
    "validation_avg_recall": 0.6240985123372528,
    "validation_min_recall": 0.0
}