{
    "train_loss": 0.23211346932670526,
    "train_accuracy": 0.9241483284716027,
    "train_avg_precision": 0.7823694496084401,
    "train_min_precision": 0.13113845219108378,
    "train_avg_recall": 0.7752360366752108,
    "train_min_recall": 0.11754385964912281,
    "validation_loss": 0.7811058789491653,
    "validation_accuracy": 0.7423828125000002,
    "validation_avg_precision": 0.7153761868911068,
    "validation_min_precision": 0.1152961359735763,
    "validation_avg_recall": 0.7399214557944166,
    "validation_min_recall": 0.011920670049319938
}