{
    "train_loss": 0.42656752728579334,
    "train_accuracy": 0.8543273597432852,
    "train_avg_precision": 0.6287658372616174,
    "train_min_precision": 0.0043859649122807015,
    "train_avg_recall": 0.6052286965569118,
    "train_min_recall": 0.008223684210526315,
    "validation_loss": 1.3396782547235488,
    "validation_accuracy": 0.5666015625000002,
    "validation_avg_precision": 0.5202081701951354,
    "validation_min_precision": 0.0,
    "validation_avg_recall": 0.5647222072187366,
    "validation_min_recall": 0.0
}