{
    "train_loss": 0.6473264077253509,
    "train_accuracy": 0.7956839831251844,
    "train_avg_precision": 0.4732917803109015,
    "train_min_precision": 0.0,
    "train_avg_recall": 0.4469644377375793,
    "train_min_recall": 0.0,
    "validation_loss": 1.8649779736995693,
    "validation_accuracy": 0.43828124999999996,
    "validation_avg_precision": 0.33074240600303456,
    "validation_min_precision": 0.0,
    "validation_avg_recall": 0.4377850715319433,
    "validation_min_recall": 0.0
}