{
    "train_accuracy": 0.904296875,
    "train_loss": 0.23918960988521576,
    "validation_accuracy": 0.873046875,
    "validation_loss": 0.39774471521377563
}