{
    "train_accuracy": 0.888671875,
    "train_loss": 0.3387727737426758,
    "validation_accuracy": 0.865234375,
    "validation_loss": 0.3910733461380005
}