{
    "train_accuracy": 0.904296875,
    "train_loss": 0.26111382246017456,
    "validation_accuracy": 0.861328125,
    "validation_loss": 0.4386747479438782
}