{
    "train_accuracy": 0.306640625,
    "train_loss": 1.9263906478881836,
    "validation_accuracy": 0.330078125,
    "validation_loss": 1.9283294677734375
}