{
    "train_accuracy": 0.9140625,
    "train_loss": 0.23503658175468445,
    "validation_accuracy": 0.880859375,
    "validation_loss": 0.39502671360969543
}