{
    "train_accuracy": 0.912109375,
    "train_loss": 0.2604273855686188,
    "validation_accuracy": 0.8515625,
    "validation_loss": 0.47961902618408203
}