{
    "train_accuracy": 0.259765625,
    "train_loss": 1.988157868385315,
    "validation_accuracy": 0.234375,
    "validation_loss": 2.0757501125335693
}