{
    "train_accuracy": 0.943359375,
    "train_loss": 0.16994644701480865,
    "validation_accuracy": 0.916015625,
    "validation_loss": 0.3051653802394867
}