{
    "train_accuracy": 0.787109375,
    "train_loss": 0.5930516719818115,
    "validation_accuracy": 0.7734375,
    "validation_loss": 0.5932466983795166
}