{
    "train_accuracy": 0.955078125,
    "train_loss": 0.12594401836395264,
    "validation_accuracy": 0.923828125,
    "validation_loss": 0.24966993927955627
}