{
    "train_accuracy": 0.2421875,
    "train_loss": 2.032548427581787,
    "validation_accuracy": 0.2734375,
    "validation_loss": 2.0056397914886475
}