{
    "train_accuracy": 0.818359375,
    "train_loss": 0.5490387082099915,
    "validation_accuracy": 0.787109375,
    "validation_loss": 0.6118621230125427
}