{
    "train_accuracy": 0.666015625,
    "train_loss": 0.9869937896728516,
    "validation_accuracy": 0.685546875,
    "validation_loss": 0.8690882921218872
}