{
    "train_accuracy": 0.88671875,
    "train_loss": 0.31890952587127686,
    "validation_accuracy": 0.8671875,
    "validation_loss": 0.4220082461833954
}