{
    "train_accuracy": 0.79296875,
    "train_loss": 0.5772535800933838,
    "validation_accuracy": 0.802734375,
    "validation_loss": 0.6005725860595703
}