{
    "train_accuracy": 0.8359375,
    "train_loss": 0.46470436453819275,
    "validation_accuracy": 0.802734375,
    "validation_loss": 0.5086923837661743
}