{
    "train_accuracy": 0.302734375,
    "train_loss": 1.9427448511123657,
    "validation_accuracy": 0.318359375,
    "validation_loss": 1.9181866645812988
}