{
    "train_accuracy": 0.29296875,
    "train_loss": 1.9794821739196777,
    "validation_accuracy": 0.296875,
    "validation_loss": 1.9626880884170532
}