{
    "train_accuracy": 0.2890625,
    "train_loss": 1.9237077236175537,
    "validation_accuracy": 0.3671875,
    "validation_loss": 1.838667869567871
}