{
    "train_accuracy": 0.884765625,
    "train_loss": 0.2960154116153717,
    "validation_accuracy": 0.849609375,
    "validation_loss": 0.503752589225769
}