{
    "train_accuracy": 0.82421875,
    "train_loss": 0.45994892716407776,
    "validation_accuracy": 0.798828125,
    "validation_loss": 0.5586338639259338
}