{
    "train_accuracy": 0.75390625,
    "train_loss": 0.7387506365776062,
    "validation_accuracy": 0.791015625,
    "validation_loss": 0.6235055923461914
}