{
    "train_accuracy": 0.6015625,
    "train_loss": 1.097717046737671,
    "validation_accuracy": 0.673828125,
    "validation_loss": 0.9653368592262268
}