{
    "train_accuracy": 0.87109375,
    "train_loss": 0.3793121576309204,
    "validation_accuracy": 0.89453125,
    "validation_loss": 0.3918668329715729
}