{
    "train_accuracy": 0.904296875,
    "train_loss": 0.28358519077301025,
    "validation_accuracy": 0.853515625,
    "validation_loss": 0.5085010528564453
}