{
    "train_accuracy": 0.900390625,
    "train_loss": 0.2787512540817261,
    "validation_accuracy": 0.84375,
    "validation_loss": 0.42185041308403015
}