{
    "train_accuracy": 0.916015625,
    "train_loss": 0.24749071896076202,
    "validation_accuracy": 0.87109375,
    "validation_loss": 0.4034726917743683
}