{
    "train_accuracy": 0.6953125,
    "train_loss": 0.9357225298881531,
    "validation_accuracy": 0.728515625,
    "validation_loss": 0.8128064274787903
}