{
    "train_accuracy": 0.93359375,
    "train_loss": 0.17665889859199524,
    "validation_accuracy": 0.89453125,
    "validation_loss": 0.3622550368309021
}