{
    "train_accuracy": 0.9296875,
    "train_loss": 0.18117563426494598,
    "validation_accuracy": 0.8828125,
    "validation_loss": 0.382491797208786
}