{
    "train_accuracy": 0.3515625,
    "train_loss": 1.9130191802978516,
    "validation_accuracy": 0.361328125,
    "validation_loss": 1.8465169668197632
}