{
    "train_accuracy": 0.86328125,
    "train_loss": 0.3410758078098297,
    "validation_accuracy": 0.828125,
    "validation_loss": 0.5577218532562256
}