{
    "train_accuracy": 0.490234375,
    "train_loss": 1.4500335454940796,
    "validation_accuracy": 0.537109375,
    "validation_loss": 1.2892087697982788
}