{
    "train_accuracy": 0.830078125,
    "train_loss": 0.43091070652008057,
    "validation_accuracy": 0.853515625,
    "validation_loss": 0.42618823051452637
}