{
    "train_accuracy": 0.796875,
    "train_loss": 0.5822063088417053,
    "validation_accuracy": 0.796875,
    "validation_loss": 0.5800671577453613
}