{
    "train_accuracy": 0.349609375,
    "train_loss": 1.876017451286316,
    "validation_accuracy": 0.296875,
    "validation_loss": 1.9404704570770264
}