{
    "train_accuracy": 0.931640625,
    "train_loss": 0.19528314471244812,
    "validation_accuracy": 0.88671875,
    "validation_loss": 0.3406012952327728
}