{
    "train_accuracy": 0.81640625,
    "train_loss": 0.48226094245910645,
    "validation_accuracy": 0.8125,
    "validation_loss": 0.5493942499160767
}