{
    "train_accuracy": 0.314453125,
    "train_loss": 1.9288749694824219,
    "validation_accuracy": 0.3203125,
    "validation_loss": 1.8934019804000854
}