{
    "train_accuracy": 0.90625,
    "train_loss": 0.2668503522872925,
    "validation_accuracy": 0.89453125,
    "validation_loss": 0.34444838762283325
}