{
    "train_accuracy": 0.8671875,
    "train_loss": 0.3413320481777191,
    "validation_accuracy": 0.830078125,
    "validation_loss": 0.4960974156856537
}