{
    "train_accuracy": 0.75390625,
    "train_loss": 0.6854720115661621,
    "validation_accuracy": 0.744140625,
    "validation_loss": 0.6959447860717773
}