{
    "train_accuracy": 0.75,
    "train_loss": 0.6877619624137878,
    "validation_accuracy": 0.724609375,
    "validation_loss": 0.701366126537323
}