{
    "train_accuracy": 0.93359375,
    "train_loss": 0.151959627866745,
    "validation_accuracy": 0.90234375,
    "validation_loss": 0.3210099935531616
}