{
    "train_accuracy": 0.4296875,
    "train_loss": 1.5506126880645752,
    "validation_accuracy": 0.439453125,
    "validation_loss": 1.5260206460952759
}