{
    "train_accuracy": 0.845703125,
    "train_loss": 0.4339895248413086,
    "validation_accuracy": 0.8203125,
    "validation_loss": 0.526375949382782
}