{
    "train_accuracy": 0.779296875,
    "train_loss": 0.6287350058555603,
    "validation_accuracy": 0.791015625,
    "validation_loss": 0.5956133604049683
}