{
    "train_accuracy": 0.333984375,
    "train_loss": 1.9023847579956055,
    "validation_accuracy": 0.34375,
    "validation_loss": 1.877755045890808
}