{
    "train_accuracy": 0.880859375,
    "train_loss": 0.32756099104881287,
    "validation_accuracy": 0.84375,
    "validation_loss": 0.5158436894416809
}