{
    "train_accuracy": 0.583984375,
    "train_loss": 1.1093058586120605,
    "validation_accuracy": 0.603515625,
    "validation_loss": 1.1357172727584839
}