{
    "train_accuracy": 0.92578125,
    "train_loss": 0.26037970185279846,
    "validation_accuracy": 0.876953125,
    "validation_loss": 0.40902724862098694
}