{
    "train_accuracy": 0.310546875,
    "train_loss": 1.9269745349884033,
    "validation_accuracy": 0.33203125,
    "validation_loss": 1.871855616569519
}