{
    "train_accuracy": 0.638671875,
    "train_loss": 1.0592623949050903,
    "validation_accuracy": 0.671875,
    "validation_loss": 0.9077059030532837
}