{
    "train_accuracy": 0.68359375,
    "train_loss": 0.8672617077827454,
    "validation_accuracy": 0.671875,
    "validation_loss": 0.8827107548713684
}