{
    "train_accuracy": 0.96875,
    "train_loss": 0.10907240211963654,
    "validation_accuracy": 0.625,
    "validation_loss": 1.3005125522613525
}