{
    "train_accuracy": 0.96875,
    "train_loss": 0.06933548301458359,
    "validation_accuracy": 0.625,
    "validation_loss": 1.2357388734817505
}