{
    "train_accuracy": 0.96875,
    "train_loss": 0.17223893105983734,
    "validation_accuracy": 0.75,
    "validation_loss": 0.37541574239730835
}