{
    "train_accuracy": 1.0,
    "train_loss": 0.01475377008318901,
    "validation_accuracy": 1.0,
    "validation_loss": 0.004898102954030037
}