{
    "train_accuracy": 0.9375,
    "train_loss": 0.16938182711601257,
    "validation_accuracy": 0.625,
    "validation_loss": 0.5694803595542908
}