{
    "train_accuracy": 0.78125,
    "train_loss": 0.4563363194465637,
    "validation_accuracy": 1.0,
    "validation_loss": 0.1599866896867752
}