{
    "train_accuracy": 0.9609375,
    "train_loss": 0.14417240023612976,
    "validation_accuracy": 0.8076923489570618,
    "validation_loss": 0.6646979451179504
}