{
    "train_accuracy": 0.9765625,
    "train_loss": 0.09125111252069473,
    "validation_accuracy": 0.7980769276618958,
    "validation_loss": 0.6164122819900513
}