{
    "train_accuracy": 0.9765625,
    "train_loss": 0.0901748314499855,
    "validation_accuracy": 0.7788462042808533,
    "validation_loss": 0.5872054696083069
}