{
    "train_accuracy": 0.9765625,
    "train_loss": 0.08597160130739212,
    "validation_accuracy": 0.8461538553237915,
    "validation_loss": 0.4446658790111542
}