{
    "train_accuracy": 1.0,
    "train_loss": 0.010256823152303696,
    "validation_accuracy": 0.701923131942749,
    "validation_loss": 2.260305404663086
}