{
    "train_accuracy": 0.8984375,
    "train_loss": 0.3257220387458801,
    "validation_accuracy": 0.8125,
    "validation_loss": 0.5786113739013672
}