{
    "train_accuracy": 1.0,
    "train_loss": 0.0026871501468122005,
    "validation_accuracy": 0.8984375,
    "validation_loss": 0.4148208200931549
}