{
    "train_loss": 0.4359995670485915,
    "train_accuracy": 0.851855527936366,
    "train_avg_precision": 0.6769751078862929,
    "train_min_precision": 0.10677734597402186,
    "train_avg_recall": 0.8054551948618611,
    "train_min_recall": 0.22673180953382954,
    "validation_loss": 0.6360015660524367,
    "validation_accuracy": 0.7924804687500001,
    "validation_avg_precision": 0.7875671531769387,
    "validation_min_precision": 0.5051209653990189,
    "validation_avg_recall": 0.7892634802679954,
    "validation_min_recall": 0.2770533530702977,
    "train_variance": 29.54905891418457,
    "validation_variance": 17.127172470092773
}