{
    "train_loss": 0.26559833607129885,
    "train_accuracy": 0.9125382827039356,
    "train_avg_precision": 0.7827468555326587,
    "train_min_precision": 0.23505947670034358,
    "train_avg_recall": 0.9019697985105996,
    "train_min_recall": 0.5122912267152225,
    "validation_loss": 0.5678918242454528,
    "validation_accuracy": 0.8316406249999999,
    "validation_avg_precision": 0.8299511368698017,
    "validation_min_precision": 0.573171760854527,
    "validation_avg_recall": 0.8330198310426716,
    "validation_min_recall": 0.44737925007348817,
    "train_variance": 32.69917678833008,
    "validation_variance": 55.765480041503906
}