{
    "train_loss": 0.3189552157071599,
    "train_accuracy": 0.8909014860788982,
    "train_avg_precision": 0.7518819816121816,
    "train_min_precision": 0.21367764216061438,
    "train_avg_recall": 0.8897859231247376,
    "train_min_recall": 0.530985287446863,
    "validation_loss": 0.5585182443261145,
    "validation_accuracy": 0.82490234375,
    "validation_avg_precision": 0.8258915570434894,
    "validation_min_precision": 0.5773011673310133,
    "validation_avg_recall": 0.8255591343505867,
    "validation_min_recall": 0.4943315035440154,
    "train_variance": 28.365602493286133,
    "validation_variance": 42.423526763916016
}