{
    "train_loss": 0.33448553765029243,
    "train_accuracy": 0.8818436170879161,
    "train_avg_precision": 0.7334137399716673,
    "train_min_precision": 0.14516558003400115,
    "train_avg_recall": 0.8574158996572914,
    "train_min_recall": 0.4370213138173944,
    "validation_loss": 0.5420341812074183,
    "validation_accuracy": 0.8184570312500001,
    "validation_avg_precision": 0.815552892310118,
    "validation_min_precision": 0.5328205041297457,
    "validation_avg_recall": 0.8175198295011753,
    "validation_min_recall": 0.47298027099226514,
    "train_variance": 28.321306228637695,
    "validation_variance": 33.71772003173828
}