{
    "train_loss": 0.49326263655695984,
    "train_accuracy": 0.8205653544057874,
    "train_avg_precision": 0.681085092294282,
    "train_min_precision": 0.04998828399988034,
    "train_avg_recall": 0.7678772038967702,
    "train_min_recall": 0.15876359437639398,
    "validation_loss": 0.677987325191498,
    "validation_accuracy": 0.7534179687499999,
    "validation_avg_precision": 0.7743200119090803,
    "validation_min_precision": 0.3781951872192119,
    "validation_avg_recall": 0.755714772691526,
    "validation_min_recall": 0.2935868243504657,
    "train_variance": 29.54802131652832,
    "validation_variance": 18.033349990844727
}