{
    "train_loss": 0.2967753616864221,
    "train_accuracy": 0.8989526618990983,
    "train_avg_precision": 0.768975460288816,
    "train_min_precision": 0.1952162846899689,
    "train_avg_recall": 0.8913516013038546,
    "train_min_recall": 0.5009248725260216,
    "validation_loss": 0.5701921656727792,
    "validation_accuracy": 0.823046875,
    "validation_avg_precision": 0.8213330980523144,
    "validation_min_precision": 0.5629401314758221,
    "validation_avg_recall": 0.8196632394106512,
    "validation_min_recall": 0.48621317198569347,
    "train_variance": 26.677886962890625,
    "validation_variance": 48.61888885498047
}