{
    "train_accuracy": 0.9765625,
    "train_loss": 0.05716093257069588,
    "validation_accuracy": 0.890625,
    "validation_loss": 0.45211076736450195
}