{
    "train_accuracy": 1.0,
    "train_loss": 0.0007909006671980023,
    "validation_accuracy": 0.8828125,
    "validation_loss": 0.6684387922286987
}