{
    "train_accuracy": 1.0,
    "train_loss": 0.0007257760153152049,
    "validation_accuracy": 0.8984375,
    "validation_loss": 0.5024401545524597
}