{
    "train_accuracy": 0.9296875,
    "train_loss": 0.19268105924129486,
    "validation_accuracy": 0.890625,
    "validation_loss": 0.2530263066291809
}