{
    "train_accuracy": 0.9765625,
    "train_loss": 0.08383339643478394,
    "validation_accuracy": 0.875,
    "validation_loss": 0.35258394479751587
}