{
    "train_accuracy": 1.0,
    "train_loss": 0.0007252975483424962,
    "validation_accuracy": 0.90625,
    "validation_loss": 0.5102563500404358
}