{
    "train_accuracy": 1.0,
    "train_loss": 0.0008476846851408482,
    "validation_accuracy": 0.9296875,
    "validation_loss": 0.7021210193634033
}