{
    "train_loss": 0.04950594770722093,
    "train_accuracy": 0.9903515625000007,
    "train_avg_precision": 0.9874042484063877,
    "train_min_precision": 0.906461440383426,
    "train_avg_recall": 0.9913504061216716,
    "train_min_recall": 0.934949215584399,
    "validation_loss": 0.36859298337109486,
    "validation_accuracy": 0.8856803797468348,
    "validation_avg_precision": 0.8957767299553984,
    "validation_min_precision": 0.6106952996135058,
    "validation_avg_recall": 0.8865352239830548,
    "validation_min_recall": 0.6335653953736997,
    "train_variance": 4.622203350067139,
    "validation_variance": 55.78156280517578
}