{
    "train_loss": 0.06831160473637282,
    "train_accuracy": 0.9821484375000007,
    "train_avg_precision": 0.9742466513023079,
    "train_min_precision": 0.8158409768868113,
    "train_avg_recall": 0.983468020247219,
    "train_min_recall": 0.8919467107533312,
    "validation_loss": 0.3882875770707673,
    "validation_accuracy": 0.8800435126582277,
    "validation_avg_precision": 0.8881468329272739,
    "validation_min_precision": 0.6033241257282008,
    "validation_avg_recall": 0.8778527194866622,
    "validation_min_recall": 0.6125078363398173,
    "train_variance": 7.8130950927734375,
    "validation_variance": 55.206581115722656
}