{
    "train_loss": 9.50886059929343,
    "validation_loss": 9.424835634231568,
    "train_variance": 4.594544410705566,
    "validation_variance": 5.330864429473877
}