{
    "train_loss": 9.500112522349642,
    "validation_loss": 9.423714065551758,
    "train_variance": 5.0400285720825195,
    "validation_variance": 4.78060245513916
}