{
    "train_loss": 9.505107251335597,
    "validation_loss": 9.40536789894104,
    "train_variance": 5.048297882080078,
    "validation_variance": 5.591446876525879
}