{
    "train_loss": 9.671669028787047,
    "validation_loss": 9.559863567352295,
    "train_variance": 4.0216145515441895,
    "validation_variance": 4.8699140548706055
}