{
    "train_loss": 9.499146035138299,
    "validation_loss": 9.409490537643432,
    "train_variance": 4.825045585632324,
    "validation_variance": 5.572347164154053
}