{
    "train_loss": 9.98575408037971,
    "validation_loss": 9.875277519226072,
    "train_variance": 5.046069622039795,
    "validation_variance": 5.435129642486572
}