{
    "train_loss": 9.62082071865306,
    "validation_loss": 9.512562274932861,
    "train_variance": 4.230971813201904,
    "validation_variance": 5.098225116729736
}