{
    "train_loss": 10.63875632566565,
    "validation_loss": 10.502200889587403,
    "train_variance": 6.898730754852295,
    "validation_variance": 6.552271842956543
}