{
    "train_loss": 9.52697836932014,
    "validation_loss": 9.427400922775268,
    "train_variance": 4.393850326538086,
    "validation_variance": 5.053023815155029
}