{
    "train_loss": 9.695350478677186,
    "validation_loss": 9.59236993789673,
    "train_variance": 3.7422258853912354,
    "validation_variance": 3.504286527633667
}