{
    "train_loss": 9.521735168905815,
    "validation_loss": 9.439881038665773,
    "train_variance": 4.5865020751953125,
    "validation_variance": 5.094038963317871
}