{
    "train_accuracy": 0.671875,
    "train_loss": 0.9873495101928711,
    "validation_accuracy": 0.5,
    "validation_loss": 1.2812942266464233
}