{
    "train_accuracy": 0.78125,
    "train_loss": 0.6075729131698608,
    "validation_accuracy": 0.79296875,
    "validation_loss": 0.6116414666175842
}