{
    "train_accuracy": 0.8359375,
    "train_loss": 0.6496169567108154,
    "validation_accuracy": 0.625,
    "validation_loss": 1.0234605073928833
}