{
    "train_accuracy": 0.78125,
    "train_loss": 0.7321895360946655,
    "validation_accuracy": 0.8125,
    "validation_loss": 0.9361565113067627
}