{
    "train_accuracy": 0.837890625,
    "train_loss": 0.47593948245048523,
    "validation_accuracy": 0.826171875,
    "validation_loss": 0.4954302906990051
}