{
    "train_accuracy": 0.5703125,
    "train_loss": 1.169689416885376,
    "validation_accuracy": 0.3125,
    "validation_loss": 1.6954928636550903
}