{
    "train_accuracy": 0.474609375,
    "train_loss": 1.4640758037567139,
    "validation_accuracy": 0.46484375,
    "validation_loss": 1.4121030569076538
}