{
    "train_accuracy": 0.796875,
    "train_loss": 0.699521541595459,
    "validation_accuracy": 0.5625,
    "validation_loss": 1.3966937065124512
}