{
    "train_accuracy": 0.8046875,
    "train_loss": 0.669866681098938,
    "validation_accuracy": 0.6875,
    "validation_loss": 0.8514586687088013
}