{
    "train_accuracy": 0.7890625,
    "train_loss": 0.6952882409095764,
    "validation_accuracy": 0.8125,
    "validation_loss": 0.8942116498947144
}