{
    "train_accuracy": 0.6171875,
    "train_loss": 1.1084531545639038,
    "validation_accuracy": 0.4375,
    "validation_loss": 1.2427033185958862
}