{
    "train_accuracy": 0.708984375,
    "train_loss": 0.8125984072685242,
    "validation_accuracy": 0.71484375,
    "validation_loss": 0.8630088567733765
}