{
    "train_accuracy": 0.78125,
    "train_loss": 0.7116355895996094,
    "validation_accuracy": 0.5625,
    "validation_loss": 1.061222791671753
}