train_loss,validation_loss
6.235832231185015,6.152019691467285
6.235832057279701,6.152016973495484
6.235831664590276,6.152017021179198
