{
    "train_loss": 6.235832231185015,
    "validation_loss": 6.152019691467285
}