{
    "train_loss": 6.235832057279701,
    "validation_loss": 6.152016973495484
}