{
    "train_loss": 6.235831664590276,
    "validation_loss": 6.152017021179198
}