{
    "train_accuracy": 0.84375,
    "train_loss": 0.5547425746917725,
    "validation_accuracy": 0.8125,
    "validation_loss": 0.6635653972625732
}