{
    "train_accuracy": 0.71875,
    "train_loss": 0.7005195021629333,
    "validation_accuracy": 0.8125,
    "validation_loss": 0.6666640639305115
}