{
    "train_accuracy": 0.6875,
    "train_loss": 1.1493637561798096,
    "validation_accuracy": 0.4375,
    "validation_loss": 1.2982908487319946
}