{
    "train_accuracy": 0.875,
    "train_loss": 0.530558168888092,
    "validation_accuracy": 0.96875,
    "validation_loss": 0.4311090409755707
}