{
    "train_accuracy": 0.875,
    "train_loss": 0.6582123041152954,
    "validation_accuracy": 0.8125,
    "validation_loss": 0.7064845561981201
}