{
    "train_accuracy": 0.84375,
    "train_loss": 0.4684913754463196,
    "validation_accuracy": 0.71875,
    "validation_loss": 0.7462741732597351
}