{
    "train_accuracy": 0.375,
    "train_loss": 1.1770657300949097,
    "validation_accuracy": 0.625,
    "validation_loss": 0.8977826833724976
}