{
    "train_accuracy": 0.875,
    "train_loss": 0.7050809264183044,
    "validation_accuracy": 0.71875,
    "validation_loss": 0.7609933018684387
}