{
    "train_accuracy": 1.0,
    "train_loss": 0.0010430533438920975,
    "validation_accuracy": 0.7307692766189575,
    "validation_loss": 1.8484673500061035
}