{
    "train_accuracy": 1.0,
    "train_loss": 0.00016320274153258651,
    "validation_accuracy": 0.701923131942749,
    "validation_loss": 2.008435010910034
}