{
    "train_accuracy": 0.859375,
    "train_loss": 0.393118679523468,
    "validation_accuracy": 0.822265625,
    "validation_loss": 0.5247249007225037
}