{
    "train_accuracy": 0.779296875,
    "train_loss": 0.643535315990448,
    "validation_accuracy": 0.759765625,
    "validation_loss": 0.718101441860199
}