{
    "train_accuracy": 0.697265625,
    "train_loss": 0.9225223660469055,
    "validation_accuracy": 0.662109375,
    "validation_loss": 1.0648895502090454
}