{
    "train_accuracy": 0.701171875,
    "train_loss": 0.8695448637008667,
    "validation_accuracy": 0.65625,
    "validation_loss": 1.0219701528549194
}