{
    "train_accuracy": 0.849609375,
    "train_loss": 0.42170900106430054,
    "validation_accuracy": 0.794921875,
    "validation_loss": 0.6037933826446533
}