{
    "train_loss": 0.30266928903758505,
    "train_accuracy": 0.8925390625000001,
    "train_avg_precision": 0.8583151312623887,
    "train_min_precision": 0.4082524014298394,
    "train_avg_recall": 0.8880891276930528,
    "train_min_recall": 0.4375320989784934,
    "validation_loss": 0.43325454864320867,
    "validation_accuracy": 0.8503757911392402,
    "validation_avg_precision": 0.8556028684653183,
    "validation_min_precision": 0.5678531857526726,
    "validation_avg_recall": 0.8523335074959631,
    "validation_min_recall": 0.39860307486306207,
    "train_variance": 18.775432586669922,
    "validation_variance": 27.41168212890625
}