{
    "train_loss": 0.1365913195163011,
    "train_accuracy": 0.9533593749999999,
    "train_avg_precision": 0.9366378422126994,
    "train_min_precision": 0.6671923803320858,
    "train_avg_recall": 0.953415975123299,
    "train_min_recall": 0.7499727844785371,
    "validation_loss": 0.3822094792429405,
    "validation_accuracy": 0.8733188291139237,
    "validation_avg_precision": 0.8797277861349149,
    "validation_min_precision": 0.5971502556368827,
    "validation_avg_recall": 0.8737524713910183,
    "validation_min_recall": 0.5656958245018165,
    "train_variance": 12.143410682678223,
    "validation_variance": 44.07647705078125
}