{
    "train_loss": 0.037761565241962676,
    "train_accuracy": 0.9940234375000012,
    "train_avg_precision": 0.9926913550755947,
    "train_min_precision": 0.9403408954861672,
    "train_avg_recall": 0.9955685474169977,
    "train_min_recall": 0.9650336866434274,
    "validation_loss": 0.37723667768737956,
    "validation_accuracy": 0.8882515822784811,
    "validation_avg_precision": 0.8963950030102308,
    "validation_min_precision": 0.6057908787706567,
    "validation_avg_recall": 0.8884074582247176,
    "validation_min_recall": 0.6129641637205224,
    "train_variance": 3.6994175910949707,
    "validation_variance": 59.43414306640625
}