{
    "train_accuracy": 0.625,
    "train_loss": 1.2565959692001343,
    "validation_accuracy": 0.5,
    "validation_loss": 1.268147349357605
}