{
    "train_accuracy": 0.25,
    "train_loss": 2.3970084190368652,
    "validation_accuracy": 0.25,
    "validation_loss": 1.861819863319397
}