{
    "train_accuracy": 0.375,
    "train_loss": 1.8795192241668701,
    "validation_accuracy": 0.125,
    "validation_loss": 1.8086222410202026
}