{
    "train_accuracy": 0.5,
    "train_loss": 1.6293352842330933,
    "validation_accuracy": 0.375,
    "validation_loss": 1.5475115776062012
}