{
    "train_accuracy": 0.375,
    "train_loss": 1.5548852682113647,
    "validation_accuracy": 0.5,
    "validation_loss": 1.2719441652297974
}