{
    "train_accuracy": 0.625,
    "train_loss": 1.6227346658706665,
    "validation_accuracy": 0.375,
    "validation_loss": 1.7729952335357666
}