{
    "train_accuracy": 1.0,
    "train_loss": 0.9240386486053467,
    "validation_accuracy": 0.5,
    "validation_loss": 1.3451886177062988
}