{
    "train_accuracy": 1.0,
    "train_loss": 0.7087907791137695,
    "validation_accuracy": 0.5,
    "validation_loss": 1.632744312286377
}