{
    "train_loss": 0.08538081643637271,
    "train_accuracy": 0.9760156249999996,
    "train_avg_precision": 0.9699989088843254,
    "train_min_precision": 0.7990320512820521,
    "train_avg_recall": 0.9763828944719427,
    "train_min_recall": 0.838288050185109,
    "validation_loss": 0.3731121809049775,
    "validation_accuracy": 0.8828622611464972,
    "validation_avg_precision": 0.890337267120707,
    "validation_min_precision": 0.5604252258710857,
    "validation_avg_recall": 0.8824875621743984,
    "validation_min_recall": 0.5425216149738444,
    "train_variance": 19.2364559173584,
    "validation_variance": 149.2098388671875
}