{
    "train_loss": 0.07736997539177536,
    "train_accuracy": 0.9787499999999997,
    "train_avg_precision": 0.9668246440304814,
    "train_min_precision": 0.7609813450438447,
    "train_avg_recall": 0.973621126116531,
    "train_min_recall": 0.806589493839494,
    "validation_loss": 0.35383920490172266,
    "validation_accuracy": 0.8874402866242046,
    "validation_avg_precision": 0.8913070030347094,
    "validation_min_precision": 0.5705783954191596,
    "validation_avg_recall": 0.8865994167427286,
    "validation_min_recall": 0.5708252822902502,
    "train_variance": 16.41286849975586,
    "validation_variance": 141.69296264648438
}