{
    "train_loss": 0.10592217916622766,
    "train_accuracy": 0.9664062499999997,
    "train_avg_precision": 0.9514332441750338,
    "train_min_precision": 0.6846939726939726,
    "train_avg_recall": 0.9609799785386179,
    "train_min_recall": 0.7474930890188243,
    "validation_loss": 0.3551799999490664,
    "validation_accuracy": 0.8865445859872622,
    "validation_avg_precision": 0.8925085512505893,
    "validation_min_precision": 0.5749388792382424,
    "validation_avg_recall": 0.8869786034913424,
    "validation_min_recall": 0.5746246676182982,
    "train_variance": 18.65799903869629,
    "validation_variance": 127.76927947998047
}