{
    "train_loss": 0.4148696739226582,
    "train_accuracy": 0.8701562500000002,
    "train_avg_precision": 0.8271339116510235,
    "train_min_precision": 0.21681547619047623,
    "train_avg_recall": 0.8349695965753557,
    "train_min_recall": 0.32089685314685323,
    "validation_loss": 0.49522879824137245,
    "validation_accuracy": 0.8431528662420392,
    "validation_avg_precision": 0.8479532725472214,
    "validation_min_precision": 0.4861497313726613,
    "validation_avg_recall": 0.8473952280321707,
    "validation_min_recall": 0.4646583246901717,
    "train_variance": 51.714298248291016,
    "validation_variance": 88.75003814697266
}