{
    "train_loss": 0.36663067456334836,
    "train_accuracy": 0.8789062499999998,
    "train_avg_precision": 0.842018678575896,
    "train_min_precision": 0.20981547619047625,
    "train_avg_recall": 0.8499928374684498,
    "train_min_recall": 0.2884271978021978,
    "validation_loss": 0.4664845487494378,
    "validation_accuracy": 0.852806528662421,
    "validation_avg_precision": 0.8607961806139965,
    "validation_min_precision": 0.4951684196907128,
    "validation_avg_recall": 0.8518488187914943,
    "validation_min_recall": 0.39141643918713986,
    "train_variance": 40.1324348449707,
    "validation_variance": 100.18106842041016
}