{
    "train_loss": 0.12263495267368847,
    "train_accuracy": 0.9612499999999998,
    "train_avg_precision": 0.943628803025678,
    "train_min_precision": 0.6546074481074475,
    "train_avg_recall": 0.9552745226111031,
    "train_min_recall": 0.71499385132841,
    "validation_loss": 0.35569001179022397,
    "validation_accuracy": 0.8820660828025487,
    "validation_avg_precision": 0.8833044968713756,
    "validation_min_precision": 0.523885032165287,
    "validation_avg_recall": 0.8777529194089704,
    "validation_min_recall": 0.5246632525294945,
    "train_variance": 25.745189666748047,
    "validation_variance": 99.5802001953125
}