{
    "train_loss": 0.10975453149527316,
    "train_accuracy": 0.9661718749999997,
    "train_avg_precision": 0.9540366502324841,
    "train_min_precision": 0.7039725829725834,
    "train_avg_recall": 0.9577634347361065,
    "train_min_recall": 0.7299931624747803,
    "validation_loss": 0.37640743503335156,
    "validation_accuracy": 0.8753980891719749,
    "validation_avg_precision": 0.8857127746830503,
    "validation_min_precision": 0.517091029989119,
    "validation_avg_recall": 0.8738526176583499,
    "validation_min_recall": 0.5294018083827,
    "train_variance": 27.796506881713867,
    "validation_variance": 141.70436096191406
}