{
    "train_loss": 0.12404132445342841,
    "train_accuracy": 0.9604687499999991,
    "train_avg_precision": 0.951004056822807,
    "train_min_precision": 0.7169110195360193,
    "train_avg_recall": 0.9578369168481299,
    "train_min_recall": 0.7539480201171378,
    "validation_loss": 0.39237691822704984,
    "validation_accuracy": 0.8719148089171977,
    "validation_avg_precision": 0.8840007580294207,
    "validation_min_precision": 0.49791254393165224,
    "validation_avg_recall": 0.8682632194415637,
    "validation_min_recall": 0.4860947438972915,
    "train_variance": 39.667816162109375,
    "validation_variance": 143.9825897216797
}