{
    "train_loss": 0.1031095397472381,
    "train_accuracy": 0.9671874999999994,
    "train_avg_precision": 0.9546262866150741,
    "train_min_precision": 0.7022421883671877,
    "train_avg_recall": 0.9601767809237787,
    "train_min_recall": 0.7383384144450322,
    "validation_loss": 0.3579690710279592,
    "validation_accuracy": 0.8821656050955419,
    "validation_avg_precision": 0.886255477242738,
    "validation_min_precision": 0.5363328815558114,
    "validation_avg_recall": 0.8808759134236842,
    "validation_min_recall": 0.5545194543602188,
    "train_variance": 23.695514678955078,
    "validation_variance": 98.00321197509766
}