{
    "train_loss": 0.1013520590681582,
    "train_accuracy": 0.9668749999999994,
    "train_avg_precision": 0.9529955072410342,
    "train_min_precision": 0.6944599705849708,
    "train_avg_recall": 0.9630965447956706,
    "train_min_recall": 0.7605869506310686,
    "validation_loss": 0.356338996511356,
    "validation_accuracy": 0.8841560509554149,
    "validation_avg_precision": 0.888655193002327,
    "validation_min_precision": 0.5508392527500806,
    "validation_avg_recall": 0.8832997840800387,
    "validation_min_recall": 0.5599192916071896,
    "train_variance": 16.65484046936035,
    "validation_variance": 102.68773651123047
}