{
    "train_loss": 0.4671759717166421,
    "train_accuracy": 0.8496093750000004,
    "train_avg_precision": 0.811759880431985,
    "train_min_precision": 0.17170833333333343,
    "train_avg_recall": 0.8106914984632667,
    "train_min_recall": 0.27067075285825287,
    "validation_loss": 0.5614735743232594,
    "validation_accuracy": 0.8214570063694275,
    "validation_avg_precision": 0.839957603436903,
    "validation_min_precision": 0.42554732952822133,
    "validation_avg_recall": 0.8255137749723735,
    "validation_min_recall": 0.41538723131079813,
    "train_variance": 74.86311340332031,
    "validation_variance": 112.42144775390625
}