{
    "train_loss": 0.17104021014645696,
    "train_accuracy": 0.9413281249999993,
    "train_avg_precision": 0.9096269467976125,
    "train_min_precision": 0.4862231240981239,
    "train_avg_recall": 0.9232526900983135,
    "train_min_recall": 0.57144406981907,
    "validation_loss": 0.3656579234702572,
    "validation_accuracy": 0.8783837579617843,
    "validation_avg_precision": 0.8810594642441777,
    "validation_min_precision": 0.5493166776606268,
    "validation_avg_recall": 0.8806249085309594,
    "validation_min_recall": 0.5382094374132591,
    "train_variance": 31.095067977905273,
    "validation_variance": 98.13751220703125
}