{
    "train_loss": 0.20258903009817014,
    "train_accuracy": 0.9309374999999998,
    "train_avg_precision": 0.9099977196074618,
    "train_min_precision": 0.5262195582195582,
    "train_avg_recall": 0.9149717275654483,
    "train_min_recall": 0.5532266401898757,
    "validation_loss": 0.40324899810514664,
    "validation_accuracy": 0.8685310509554149,
    "validation_avg_precision": 0.8724136355505783,
    "validation_min_precision": 0.5348290775042369,
    "validation_avg_recall": 0.8679164348272631,
    "validation_min_recall": 0.508774929953274,
    "train_variance": 43.39162826538086,
    "validation_variance": 173.8396759033203
}