{
    "train_loss": 0.17859862536191942,
    "train_accuracy": 0.9384374999999991,
    "train_avg_precision": 0.9148042467097053,
    "train_min_precision": 0.541798919218037,
    "train_avg_recall": 0.9201840318909416,
    "train_min_recall": 0.560996552059052,
    "validation_loss": 0.3914510670361245,
    "validation_accuracy": 0.8704219745222938,
    "validation_avg_precision": 0.8729396358536484,
    "validation_min_precision": 0.5214995726142223,
    "validation_avg_recall": 0.8703117942449151,
    "validation_min_recall": 0.5214298440413089,
    "train_variance": 38.88405990600586,
    "validation_variance": 118.11223602294922
}