{
    "train_loss": 0.07741645589470864,
    "train_accuracy": 0.97875,
    "train_avg_precision": 0.970650948984008,
    "train_min_precision": 0.783623774617196,
    "train_avg_recall": 0.9772217623085877,
    "train_min_recall": 0.8353484411830008,
    "validation_loss": 0.3595981448888778,
    "validation_accuracy": 0.8849522292993641,
    "validation_avg_precision": 0.8909561351599568,
    "validation_min_precision": 0.5600453863192717,
    "validation_avg_recall": 0.8848377445272347,
    "validation_min_recall": 0.5568482826444612,
    "train_variance": 18.623321533203125,
    "validation_variance": 148.65174865722656
}