{
    "train_loss": 9.328296213733907,
    "train_zero_shot_top_1": 0.0,
    "train_zero_shot_top_2": 0.0,
    "validation_loss": 16.169092785228383,
    "validation_zero_shot_top_1": 0.26003953517685385,
    "validation_zero_shot_top_2": 0.4707255468507603,
    "train_variance": 3.0046775341033936,
    "validation_variance": 17.800683975219727
}