{
    "train_accuracy": 1.0,
    "train_loss": 0.000263110181549564,
    "validation_accuracy": 0.7109375,
    "validation_loss": 1.6021572351455688
}