{
    "train_accuracy": 0.96875,
    "train_loss": 0.09023229032754898,
    "validation_accuracy": 0.828125,
    "validation_loss": 0.6374262571334839
}