{
    "train_accuracy": 0.7265625,
    "train_loss": 0.787795901298523,
    "validation_accuracy": 0.6171875,
    "validation_loss": 1.242080569267273
}