{
    "train_accuracy": 0.978515625,
    "train_loss": 0.07008981704711914,
    "validation_accuracy": 0.853515625,
    "validation_loss": 0.6927057504653931
}