{
    "train_accuracy": 1.0,
    "train_loss": 0.0028375936672091484,
    "validation_accuracy": 0.625,
    "validation_loss": 1.6729204654693604
}