{
    "train_accuracy": 1.0,
    "train_loss": 0.053953252732753754,
    "validation_accuracy": 0.6875,
    "validation_loss": 1.0385669469833374
}