{
    "train_accuracy": 1.0,
    "train_loss": 0.0005113858496770263,
    "validation_accuracy": 0.6796875,
    "validation_loss": 1.8482201099395752
}