{
    "train_accuracy": 1.0,
    "train_loss": 0.0006263061077333987,
    "validation_accuracy": 0.6875,
    "validation_loss": 1.8899434804916382
}