{
    "train_accuracy": 0.9765625,
    "train_loss": 0.05377979204058647,
    "validation_accuracy": 0.7265625,
    "validation_loss": 1.1434985399246216
}