{
    "train_loss": 4.9735702251901435,
    "train_zero_shot_top_1": 0.0,
    "train_zero_shot_top_2": 0.0,
    "validation_loss": 7.921330842104826,
    "validation_zero_shot_top_1": 0.28147906647533355,
    "validation_zero_shot_top_2": 0.4801342402264971,
    "train_variance": 44.101253509521484,
    "validation_variance": 18.765758514404297
}