{
    "train_accuracy": 0.96875,
    "train_loss": 0.08200021088123322,
    "validation_accuracy": 0.625,
    "validation_loss": 1.2354481220245361
}