{
    "train_accuracy": 0.875,
    "train_loss": 0.2558267414569855,
    "validation_accuracy": 0.625,
    "validation_loss": 0.7375931143760681
}