{
    "train_accuracy": 1.0,
    "train_loss": 0.014797053299844265,
    "validation_accuracy": 1.0,
    "validation_loss": 0.004800296854227781
}