{
    "train_accuracy": 0.96875,
    "train_loss": 0.08888286352157593,
    "validation_accuracy": 0.5,
    "validation_loss": 1.4472825527191162
}