{
    "train_accuracy": 0.9375,
    "train_loss": 0.16060848534107208,
    "validation_accuracy": 0.625,
    "validation_loss": 0.5050836205482483
}