{
    "train_accuracy": 1.0,
    "train_avg_precision": 1.0,
    "train_min_precision": 1.0,
    "train_avg_recall": 1.0,
    "train_min_recall": 1.0,
    "train_loss": 0.044101256877183914,
    "validation_accuracy": 0.75,
    "validation_avg_precision": 0.7407407407407407,
    "validation_min_precision": 0.0,
    "validation_avg_recall": 0.7592592592592593,
    "validation_min_recall": 0.0,
    "validation_loss": 1.4842841625213623,
    "train_variance": 20.49619483947754,
    "validation_variance": 560.54931640625
}