{
    "train_accuracy": 0.875,
    "train_avg_precision": 0.8095959595959595,
    "train_min_precision": 0.5,
    "train_avg_recall": 0.8314285714285713,
    "train_min_recall": 0.3333333333333333,
    "train_loss": 0.4926673471927643,
    "validation_accuracy": 0.4375,
    "validation_avg_precision": 0.2962962962962963,
    "validation_min_precision": 0.0,
    "validation_avg_recall": 0.37037037037037035,
    "validation_min_recall": 0.0,
    "validation_loss": 1.428257703781128,
    "train_variance": 110.32704162597656,
    "validation_variance": 221.38186645507812
}