{
    "train_loss": 0.4413253324106338,
    "train_accuracy": 0.8574609375000019,
    "train_avg_precision": 0.8422739378172432,
    "train_min_precision": 0.40456526112776003,
    "train_avg_recall": 0.8521555204141176,
    "train_min_recall": 0.46884120373090854,
    "validation_loss": 1.3005326447213532,
    "validation_accuracy": 0.5985270700636939,
    "validation_avg_precision": 0.627452846838853,
    "validation_min_precision": 0.189912440708619,
    "validation_avg_recall": 0.6004480152341847,
    "validation_min_recall": 0.16043277317162663,
    "train_variance": 89.99089813232422,
    "validation_variance": 261.0852355957031
}