{
    "train_loss": 0.07603243228048087,
    "train_accuracy": 0.9919921874999938,
    "train_avg_precision": 0.9894117626949063,
    "train_min_precision": 0.8934127349366272,
    "train_avg_recall": 0.9930524706893381,
    "train_min_recall": 0.9252576036686864,
    "validation_loss": 1.3342572799913446,
    "validation_accuracy": 0.6381369426751593,
    "validation_avg_precision": 0.6473332712345448,
    "validation_min_precision": 0.25234597320584573,
    "validation_avg_recall": 0.6385160734523792,
    "validation_min_recall": 0.19652794127316414,
    "train_variance": 24.086416244506836,
    "validation_variance": 547.4391479492188
}