{
    "train_accuracy": 0.953125,
    "train_avg_precision": 0.875,
    "train_min_precision": 0.0,
    "train_avg_recall": 0.8528571428571429,
    "train_min_recall": 0.0,
    "train_loss": 0.19862350821495056,
    "validation_accuracy": 0.625,
    "validation_avg_precision": 0.475,
    "validation_min_precision": 0.0,
    "validation_avg_recall": 0.475,
    "validation_min_recall": 0.0,
    "validation_loss": 1.5051943063735962,
    "train_variance": 67.08085632324219,
    "validation_variance": 355.568603515625
}