{
    "train_loss": 0.3156987515464423,
    "train_accuracy": 0.907656250000001,
    "train_avg_precision": 0.893592633054791,
    "train_min_precision": 0.5599908563658552,
    "train_avg_recall": 0.9128257241147861,
    "train_min_recall": 0.6326540017000534,
    "validation_loss": 1.27301081426584,
    "validation_accuracy": 0.6185310509554138,
    "validation_avg_precision": 0.6370744289604351,
    "validation_min_precision": 0.24022437223074153,
    "validation_avg_recall": 0.6190285404616614,
    "validation_min_recall": 0.19691546952693448,
    "train_variance": 78.09608459472656,
    "validation_variance": 296.4271240234375
}