{
    "train_loss": 0.8784885558485986,
    "train_accuracy": 0.7073437499999997,
    "train_avg_precision": 0.6735642621608888,
    "train_min_precision": 0.14879889920021505,
    "train_avg_recall": 0.6944992830085395,
    "train_min_recall": 0.19762017843267837,
    "validation_loss": 1.2742328556479918,
    "validation_accuracy": 0.5647890127388533,
    "validation_avg_precision": 0.5835423944420763,
    "validation_min_precision": 0.18559464244177615,
    "validation_avg_recall": 0.5606675516627746,
    "validation_min_recall": 0.19093873218077032,
    "train_variance": 90.3948745727539,
    "validation_variance": 132.2681884765625
}