{
    "train_loss": 0.08028613634407519,
    "train_accuracy": 0.9908203124999947,
    "train_avg_precision": 0.9899065842518007,
    "train_min_precision": 0.90081904594588,
    "train_avg_recall": 0.9925763897484333,
    "train_min_recall": 0.9257799992083037,
    "validation_loss": 1.3660149870404767,
    "validation_accuracy": 0.6325636942675158,
    "validation_avg_precision": 0.6480985895048674,
    "validation_min_precision": 0.2499255521548514,
    "validation_avg_recall": 0.6336565911088204,
    "validation_min_recall": 0.185281615058685,
    "train_variance": 24.89807891845703,
    "validation_variance": 538.51220703125
}