{
    "train_loss": 0.07059249158017335,
    "train_accuracy": 0.9933593749999934,
    "train_avg_precision": 0.9920559618452025,
    "train_min_precision": 0.9164711989399438,
    "train_avg_recall": 0.9946655121181415,
    "train_min_recall": 0.9396040050635588,
    "validation_loss": 1.3489193802426587,
    "validation_accuracy": 0.6379378980891719,
    "validation_avg_precision": 0.6465572172751828,
    "validation_min_precision": 0.23857983842060268,
    "validation_avg_recall": 0.6361408878924796,
    "validation_min_recall": 0.18799850185200503,
    "train_variance": 21.758926391601562,
    "validation_variance": 566.5848388671875
}