{
    "train_accuracy": 0.9375,
    "train_avg_precision": 0.8466666666666666,
    "train_min_precision": 0.0,
    "train_avg_recall": 0.8473076923076924,
    "train_min_recall": 0.0,
    "train_loss": 0.246821790933609,
    "validation_accuracy": 0.5,
    "validation_avg_precision": 0.5,
    "validation_min_precision": 0.0,
    "validation_avg_recall": 0.49074074074074064,
    "validation_min_recall": 0.0,
    "validation_loss": 1.769464373588562,
    "train_variance": 77.87047576904297,
    "validation_variance": 302.3942565917969
}