{
    "train_loss": 0.2008762529585512,
    "train_accuracy": 0.9487109375000017,
    "train_avg_precision": 0.9381691222658285,
    "train_min_precision": 0.6733392926517916,
    "train_avg_recall": 0.9502860873680177,
    "train_min_recall": 0.7272669812342796,
    "validation_loss": 1.2657612395134705,
    "validation_accuracy": 0.6371417197452226,
    "validation_avg_precision": 0.6485264275710133,
    "validation_min_precision": 0.26740955435222946,
    "validation_avg_recall": 0.6368759725766097,
    "validation_min_recall": 0.21532121452503616,
    "train_variance": 64.32110595703125,
    "validation_variance": 396.5093688964844
}