{
    "train_accuracy": 0.984375,
    "train_avg_precision": 0.975,
    "train_min_precision": 0.75,
    "train_avg_recall": 0.9900000000000001,
    "train_min_recall": 0.9,
    "train_loss": 0.10599706321954727,
    "validation_accuracy": 0.75,
    "validation_avg_precision": 0.7592592592592593,
    "validation_min_precision": 0.0,
    "validation_avg_recall": 0.7777777777777778,
    "validation_min_recall": 0.0,
    "validation_loss": 0.8679831624031067,
    "train_variance": 24.065671920776367,
    "validation_variance": 532.8069458007812
}