{
    "train_accuracy": 0.921875,
    "train_avg_precision": 0.9059090909090909,
    "train_min_precision": 0.6666666666666666,
    "train_avg_recall": 0.9297619047619048,
    "train_min_recall": 0.6666666666666666,
    "train_loss": 0.25433841347694397,
    "validation_accuracy": 0.875,
    "validation_avg_precision": 0.6875,
    "validation_min_precision": 0.0,
    "validation_avg_recall": 0.725,
    "validation_min_recall": 0.0,
    "validation_loss": 0.4153727889060974,
    "train_variance": 58.06856155395508,
    "validation_variance": 394.94970703125
}