{
    "train_accuracy": 0.59375,
    "train_avg_precision": 0.6546857463524131,
    "train_min_precision": 0.2,
    "train_avg_recall": 0.689253647586981,
    "train_min_recall": 0.16666666666666666,
    "train_loss": 1.1613519191741943,
    "validation_accuracy": 0.5625,
    "validation_avg_precision": 0.4722222222222222,
    "validation_min_precision": 0.0,
    "validation_avg_recall": 0.4444444444444445,
    "validation_min_recall": 0.0,
    "validation_loss": 1.1145256757736206,
    "train_variance": 94.4593276977539,
    "validation_variance": 116.03278350830078
}