{
    "train_loss": 0.235562223624438,
    "train_accuracy": 0.9348437500000021,
    "train_avg_precision": 0.9148361221612443,
    "train_min_precision": 0.574307955932955,
    "train_avg_recall": 0.9291563630901927,
    "train_min_recall": 0.6394953204475261,
    "validation_loss": 1.2382247489728748,
    "validation_accuracy": 0.6336584394904451,
    "validation_avg_precision": 0.6385237421397969,
    "validation_min_precision": 0.2453596474297111,
    "validation_avg_recall": 0.6310175404920624,
    "validation_min_recall": 0.2067078887142581,
    "train_variance": 70.87947082519531,
    "validation_variance": 365.2435302734375
}