{
    "train_accuracy": 1.0,
    "train_avg_precision": 1.0,
    "train_min_precision": 1.0,
    "train_avg_recall": 1.0,
    "train_min_recall": 1.0,
    "train_loss": 0.05777936428785324,
    "validation_accuracy": 0.625,
    "validation_avg_precision": 0.5555555555555556,
    "validation_min_precision": 0.0,
    "validation_avg_recall": 0.611111111111111,
    "validation_min_recall": 0.0,
    "validation_loss": 1.7118260860443115,
    "train_variance": 30.86473846435547,
    "validation_variance": 511.4474792480469
}