{
    "train_loss": 1.2386805936694156,
    "train_accuracy": 0.5716015624999999,
    "train_avg_precision": 0.552436417957735,
    "train_min_precision": 0.06105599261849263,
    "train_avg_recall": 0.5423492410345928,
    "train_min_recall": 0.06935132922632928,
    "validation_loss": 1.4948654789833509,
    "validation_accuracy": 0.4775079617834396,
    "validation_avg_precision": 0.5089050783632089,
    "validation_min_precision": 0.10589321329767185,
    "validation_avg_recall": 0.4772130871016224,
    "validation_min_recall": 0.09162467044632647,
    "train_variance": 80.1935806274414,
    "validation_variance": 96.85620880126953
}