{
    "train_loss": 0.13975178120657786,
    "train_accuracy": 0.970625,
    "train_avg_precision": 0.9665963193853421,
    "train_min_precision": 0.7860436763528852,
    "train_avg_recall": 0.9715360452291365,
    "train_min_recall": 0.813203308537866,
    "validation_loss": 1.368218484957506,
    "validation_accuracy": 0.6253980891719745,
    "validation_avg_precision": 0.6400838687144418,
    "validation_min_precision": 0.24298995413645083,
    "validation_avg_recall": 0.6238098508002966,
    "validation_min_recall": 0.18127636694515664,
    "train_variance": 47.86518859863281,
    "validation_variance": 474.7757568359375
}