{
    "train_loss": 0.1258774095959962,
    "train_accuracy": 0.9757812499999989,
    "train_avg_precision": 0.9730910158125905,
    "train_min_precision": 0.8114474428757498,
    "train_avg_recall": 0.9791203118141518,
    "train_min_recall": 0.8471502170752347,
    "validation_loss": 1.3534467011500313,
    "validation_accuracy": 0.6251990445859865,
    "validation_avg_precision": 0.6408289017943727,
    "validation_min_precision": 0.23422039743695788,
    "validation_avg_recall": 0.6227687086445047,
    "validation_min_recall": 0.17999765627154157,
    "train_variance": 45.28969192504883,
    "validation_variance": 492.6741943359375
}