{
    "train_loss": 0.5816780649870634,
    "train_accuracy": 0.8065625000000006,
    "train_avg_precision": 0.7657549953399672,
    "train_min_precision": 0.27747483766233744,
    "train_avg_recall": 0.7853683245889951,
    "train_min_recall": 0.3147891144802904,
    "validation_loss": 1.300217908279151,
    "validation_accuracy": 0.5909633757961783,
    "validation_avg_precision": 0.5957878993084126,
    "validation_min_precision": 0.19268689555313753,
    "validation_avg_recall": 0.5935227864845699,
    "validation_min_recall": 0.15567963529746967,
    "train_variance": 109.72591400146484,
    "validation_variance": 222.0312042236328
}