{
    "train_loss": 0.09526264611631624,
    "train_accuracy": 0.9862109374999964,
    "train_avg_precision": 0.9834143050234087,
    "train_min_precision": 0.8595621545529598,
    "train_avg_recall": 0.98743507684955,
    "train_min_recall": 0.8905355284013345,
    "validation_loss": 1.3374451220415202,
    "validation_accuracy": 0.6351512738853502,
    "validation_avg_precision": 0.6485017533186324,
    "validation_min_precision": 0.24250019265942824,
    "validation_avg_recall": 0.6344092708423921,
    "validation_min_recall": 0.20472710233856725,
    "train_variance": 32.7835578918457,
    "validation_variance": 520.113037109375
}