{
    "train_loss": 9.324622290475029,
    "train_zero_shot_top_1": 0.0,
    "train_zero_shot_top_2": 0.0,
    "validation_loss": 15.369340549815783,
    "validation_zero_shot_top_1": 0.2999019498526218,
    "validation_zero_shot_top_2": 0.5011307884734719,
    "train_variance": 2.7578718662261963,
    "validation_variance": 17.33001708984375
}