{
    "train_accuracy": 0.75,
    "train_loss": 0.7697365880012512,
    "validation_accuracy": 0.7734375,
    "validation_loss": 0.6453842520713806
}