{
    "train_accuracy": 0.9296875,
    "train_loss": 0.2681522071361542,
    "validation_accuracy": 0.8984375,
    "validation_loss": 0.34411320090293884
}