{
    "train_accuracy": 0.5703125,
    "train_loss": 1.1909239292144775,
    "validation_accuracy": 0.6171875,
    "validation_loss": 1.128365159034729
}