{
    "train_accuracy": 0.890625,
    "train_loss": 0.3687165379524231,
    "validation_accuracy": 0.8203125,
    "validation_loss": 0.5197867751121521
}