{
    "train_accuracy": 0.734375,
    "train_loss": 0.7336047887802124,
    "validation_accuracy": 0.5859375,
    "validation_loss": 1.0487595796585083
}