{
    "train_accuracy": 0.828125,
    "train_loss": 0.43488505482673645,
    "validation_accuracy": 0.8046875,
    "validation_loss": 0.5676177740097046
}