{
    "train_accuracy": 0.890625,
    "train_loss": 0.3487873375415802,
    "validation_accuracy": 0.8203125,
    "validation_loss": 0.5124396681785583
}