{
    "train_accuracy": 0.734375,
    "train_loss": 0.677493155002594,
    "validation_accuracy": 0.7265625,
    "validation_loss": 0.782895028591156
}