{
    "train_accuracy": 0.8984375,
    "train_loss": 0.2767292559146881,
    "validation_accuracy": 0.8203125,
    "validation_loss": 0.4544197618961334
}