{
    "train_accuracy": 0.71875,
    "train_loss": 0.8699683547019958,
    "validation_accuracy": 0.6640625,
    "validation_loss": 1.0827728509902954
}