{
    "train_accuracy": 1.0,
    "train_loss": 0.007177322171628475,
    "validation_accuracy": 0.921875,
    "validation_loss": 0.4110386073589325
}