{
    "train_accuracy": 1.0,
    "train_loss": 0.002328443108126521,
    "validation_accuracy": 0.859375,
    "validation_loss": 0.5963521003723145
}