{
    "train_accuracy": 1.0,
    "train_loss": 0.005208839196711779,
    "validation_accuracy": 0.8984375,
    "validation_loss": 0.36004260182380676
}