{
    "train_accuracy": 1.0,
    "train_loss": 0.020336808636784554,
    "validation_accuracy": 0.859375,
    "validation_loss": 0.3722293972969055
}