{
    "train_accuracy": 1.0,
    "train_loss": 0.02092098630964756,
    "validation_accuracy": 0.8671875,
    "validation_loss": 0.3723863363265991
}