{
    "train_accuracy": 0.9765625,
    "train_loss": 0.06878302991390228,
    "validation_accuracy": 0.875,
    "validation_loss": 0.3511868417263031
}