{
    "train_accuracy": 0.7265625,
    "train_loss": 0.7950595617294312,
    "validation_accuracy": 0.6640625,
    "validation_loss": 0.9451215267181396
}