{
    "train_accuracy": 0.6796875,
    "train_loss": 0.786713182926178,
    "validation_accuracy": 0.6328125,
    "validation_loss": 0.9932879209518433
}