{
    "train_accuracy": 0.7265625,
    "train_loss": 0.8490318655967712,
    "validation_accuracy": 0.75,
    "validation_loss": 0.7258157134056091
}