{
    "train_accuracy": 0.671875,
    "train_loss": 0.9100546836853027,
    "validation_accuracy": 0.6875,
    "validation_loss": 0.9049578905105591
}