{
    "train_accuracy": 0.5390625,
    "train_loss": 1.2102466821670532,
    "validation_accuracy": 0.578125,
    "validation_loss": 1.2813411951065063
}