{
    "train_accuracy": 0.3671875,
    "train_loss": 2.1059062480926514,
    "validation_accuracy": 0.40625,
    "validation_loss": 1.7636011838912964
}