{
    "train_loss": 0.2517111617745015,
    "train_accuracy": 0.9074386536029351,
    "train_avg_precision": 0.7950747891814514,
    "train_min_precision": 0.1585292874766559,
    "train_avg_recall": 0.8764347419906893,
    "train_min_recall": 0.4330343555540103,
    "validation_loss": 0.5103178843855856,
    "validation_accuracy": 0.8217773437500001,
    "validation_avg_precision": 0.8224493419442971,
    "validation_min_precision": 0.5237324301433632,
    "validation_avg_recall": 0.8252661323602167,
    "validation_min_recall": 0.47282516385287005
}