{
    "train_loss": 0.2643459454963082,
    "train_accuracy": 0.9055434245812268,
    "train_avg_precision": 0.7905283327582351,
    "train_min_precision": 0.1464846800373116,
    "train_avg_recall": 0.8681972316078439,
    "train_min_recall": 0.400475556979733,
    "validation_loss": 0.5115414693951607,
    "validation_accuracy": 0.8185546875000004,
    "validation_avg_precision": 0.8133459172097861,
    "validation_min_precision": 0.5120551599249615,
    "validation_avg_recall": 0.8135380069647382,
    "validation_min_recall": 0.40973668165388993
}