{
    "train_loss": 0.2756420251047402,
    "train_accuracy": 0.8994772758400233,
    "train_avg_precision": 0.7851007217563767,
    "train_min_precision": 0.11211094969038589,
    "train_avg_recall": 0.8616289667000022,
    "train_min_recall": 0.3746236604062521,
    "validation_loss": 0.5211152970790862,
    "validation_accuracy": 0.8208007812500001,
    "validation_avg_precision": 0.8181676593646675,
    "validation_min_precision": 0.49314130427274655,
    "validation_avg_recall": 0.8190739193257282,
    "validation_min_recall": 0.4802239646641038
}