{
    "train_loss": 0.2664449946922167,
    "train_accuracy": 0.9038301570373671,
    "train_avg_precision": 0.7928380578624148,
    "train_min_precision": 0.14768798453008977,
    "train_avg_recall": 0.8621915227091312,
    "train_min_recall": 0.40387291306375894,
    "validation_loss": 0.5211786814033985,
    "validation_accuracy": 0.8206054687499997,
    "validation_avg_precision": 0.8186401692548807,
    "validation_min_precision": 0.5165177101603116,
    "validation_avg_recall": 0.8210738674142694,
    "validation_min_recall": 0.44975555803690187
}