{
    "train_loss": 0.27578807321556825,
    "train_accuracy": 0.8974733436316776,
    "train_avg_precision": 0.7951285038171221,
    "train_min_precision": 0.1362232037541635,
    "train_avg_recall": 0.8817662420376061,
    "train_min_recall": 0.4925192545367545,
    "validation_loss": 0.5110753089189529,
    "validation_accuracy": 0.8221679687500001,
    "validation_avg_precision": 0.8246897434525486,
    "validation_min_precision": 0.4936876527349948,
    "validation_avg_recall": 0.824466351082163,
    "validation_min_recall": 0.5049698181216372
}