{
    "train_loss": 0.27055050511109197,
    "train_accuracy": 0.9011740015264146,
    "train_avg_precision": 0.7903073169092828,
    "train_min_precision": 0.148107145978663,
    "train_avg_recall": 0.8823781295196998,
    "train_min_recall": 0.4873337520462213,
    "validation_loss": 0.5115948215126993,
    "validation_accuracy": 0.8218749999999999,
    "validation_avg_precision": 0.8179118261544701,
    "validation_min_precision": 0.5051018286904515,
    "validation_avg_recall": 0.8188674644140509,
    "validation_min_recall": 0.4616005972224592
}