{
    "train_loss": 2.2469343302542697,
    "train_accuracy": 0.21643413472593878,
    "train_avg_precision": 0.17336042308585117,
    "train_min_precision": 0.0,
    "train_avg_recall": 0.29073921491742893,
    "train_min_recall": 0.0,
    "validation_loss": 2.264567500352859,
    "validation_accuracy": 0.2779296875,
    "validation_avg_precision": 0.1774284347220162,
    "validation_min_precision": 0.0,
    "validation_avg_recall": 0.27932744589407665,
    "validation_min_recall": 0.0
}