{
    "train_loss": 0.48650838879116826,
    "train_accuracy": 0.8030451264297745,
    "train_avg_precision": 0.7175652406079327,
    "train_min_precision": 0.028480209259877313,
    "train_avg_recall": 0.7472319419091052,
    "train_min_recall": 0.1727260145949922,
    "validation_loss": 0.657385192066431,
    "validation_accuracy": 0.7377929687500002,
    "validation_avg_precision": 0.7530696199134439,
    "validation_min_precision": 0.2815299784025826,
    "validation_avg_recall": 0.73524336794489,
    "validation_min_recall": 0.2987763029645095
}