{
    "train_loss": 0.2955398758252462,
    "train_accuracy": 0.8859601857369405,
    "train_avg_precision": 0.7862843623764348,
    "train_min_precision": 0.08820555597128202,
    "train_avg_recall": 0.8352124687891095,
    "train_min_recall": 0.3996251951826597,
    "validation_loss": 0.5469434559345245,
    "validation_accuracy": 0.8003906249999999,
    "validation_avg_precision": 0.8174643778795327,
    "validation_min_precision": 0.4367617572610251,
    "validation_avg_recall": 0.8009520469832456,
    "validation_min_recall": 0.534600600777824
}