{
    "train_loss": 0.2735640981741119,
    "train_accuracy": 0.9014882978640106,
    "train_avg_precision": 0.7933398686971622,
    "train_min_precision": 0.1508871732555943,
    "train_avg_recall": 0.8753649800556825,
    "train_min_recall": 0.4511905245993031,
    "validation_loss": 0.5070506870746613,
    "validation_accuracy": 0.8224609374999999,
    "validation_avg_precision": 0.8180426128065188,
    "validation_min_precision": 0.5161563249372078,
    "validation_avg_recall": 0.8183150196961609,
    "validation_min_recall": 0.4819881432490776
}