{
    "train_loss": 0.2769575973874645,
    "train_accuracy": 0.8977994552829811,
    "train_avg_precision": 0.797899732214949,
    "train_min_precision": 0.14701105424789634,
    "train_avg_recall": 0.8728501384304227,
    "train_min_recall": 0.4336484447253723,
    "validation_loss": 0.5242558643221855,
    "validation_accuracy": 0.8173828124999999,
    "validation_avg_precision": 0.8183165287169296,
    "validation_min_precision": 0.4933345287969799,
    "validation_avg_recall": 0.8174931984095223,
    "validation_min_recall": 0.4781930434271976
}