{
    "train_loss": 0.3449293973675945,
    "train_accuracy": 0.8672064051293487,
    "train_avg_precision": 0.7592748840390321,
    "train_min_precision": 0.054778674364631956,
    "train_avg_recall": 0.8124147882400213,
    "train_min_recall": 0.2845646878454681,
    "validation_loss": 0.5646856881678105,
    "validation_accuracy": 0.7951171875,
    "validation_avg_precision": 0.8098394618765401,
    "validation_min_precision": 0.402614328632799,
    "validation_avg_recall": 0.7939740409749723,
    "validation_min_recall": 0.474132899630367
}