{
    "train_loss": 0.27430098778323125,
    "train_accuracy": 0.9012307169144615,
    "train_avg_precision": 0.7961654338730084,
    "train_min_precision": 0.16185412741140295,
    "train_avg_recall": 0.8776958852547903,
    "train_min_recall": 0.4733452023042377,
    "validation_loss": 0.5231963992118838,
    "validation_accuracy": 0.8212890624999999,
    "validation_avg_precision": 0.8178108683260168,
    "validation_min_precision": 0.5058713318936117,
    "validation_avg_recall": 0.8149299120447847,
    "validation_min_recall": 0.4663498384754452
}