{
    "train_loss": 0.50425292316236,
    "train_accuracy": 0.8086410123005244,
    "train_avg_precision": 0.6904529494032179,
    "train_min_precision": 0.03171957561600568,
    "train_avg_recall": 0.7224771002297632,
    "train_min_recall": 0.12941919632752036,
    "validation_loss": 0.7765508860349656,
    "validation_accuracy": 0.7066406249999998,
    "validation_avg_precision": 0.7102953906083987,
    "validation_min_precision": 0.2889756915211617,
    "validation_avg_recall": 0.7032644982204916,
    "validation_min_recall": 0.2553173432906007
}