{
    "train_loss": 2.127965609232585,
    "train_accuracy": 0.4690642958147486,
    "train_avg_precision": 0.2928596895837355,
    "train_min_precision": 0.0,
    "train_avg_recall": 0.3519068163639799,
    "train_min_recall": 0.0,
    "validation_loss": 2.1722693324089053,
    "validation_accuracy": 0.33867187500000007,
    "validation_avg_precision": 0.29995093016592234,
    "validation_min_precision": 0.0,
    "validation_avg_recall": 0.34099878810052997,
    "validation_min_recall": 0.0
}