{
    "train_loss": 0.2739533102303221,
    "train_accuracy": 0.8979648749033612,
    "train_avg_precision": 0.7863050518480674,
    "train_min_precision": 0.12754604198510014,
    "train_avg_recall": 0.8699681993389535,
    "train_min_recall": 0.4659770439367438,
    "validation_loss": 0.5099827349185942,
    "validation_accuracy": 0.8203125000000002,
    "validation_avg_precision": 0.8176915652082569,
    "validation_min_precision": 0.4968180371431976,
    "validation_avg_recall": 0.8202074983353633,
    "validation_min_recall": 0.46107565061772915
}