{
    "train_loss": 0.2768307503378181,
    "train_accuracy": 0.8995859800723562,
    "train_avg_precision": 0.7915145476596647,
    "train_min_precision": 0.14099365546733963,
    "train_avg_recall": 0.8692356342286748,
    "train_min_recall": 0.41575542902438767,
    "validation_loss": 0.5057099774479867,
    "validation_accuracy": 0.8243164062500004,
    "validation_avg_precision": 0.8263968029395794,
    "validation_min_precision": 0.5235550592798076,
    "validation_avg_recall": 0.8246610509936275,
    "validation_min_recall": 0.4988280612463665
}