{
    "train_loss": 0.27008844049353353,
    "train_accuracy": 0.9018191360590753,
    "train_avg_precision": 0.7947710510389865,
    "train_min_precision": 0.15046123467176095,
    "train_avg_recall": 0.8755455484242303,
    "train_min_recall": 0.477355412743893,
    "validation_loss": 0.5063610032200814,
    "validation_accuracy": 0.82119140625,
    "validation_avg_precision": 0.8166051623845649,
    "validation_min_precision": 0.5043061477707352,
    "validation_avg_recall": 0.8199898463310812,
    "validation_min_recall": 0.47628186174944415
}