{
    "train_loss": 0.2821136898638909,
    "train_accuracy": 0.8955143114976717,
    "train_avg_precision": 0.7877898239600288,
    "train_min_precision": 0.1156900189020932,
    "train_avg_recall": 0.8593460799958745,
    "train_min_recall": 0.3758502049034452,
    "validation_loss": 0.5273221023380757,
    "validation_accuracy": 0.8163085937500001,
    "validation_avg_precision": 0.817855620142165,
    "validation_min_precision": 0.4833646964824113,
    "validation_avg_recall": 0.8136110256876279,
    "validation_min_recall": 0.49260050056111565
}