{
    "train_loss": 0.2814995141928656,
    "train_accuracy": 0.8988156004955896,
    "train_avg_precision": 0.7900745652614719,
    "train_min_precision": 0.1571166931970256,
    "train_avg_recall": 0.8781091361979684,
    "train_min_recall": 0.46190025974511184,
    "validation_loss": 0.5223025433719158,
    "validation_accuracy": 0.8188476562499999,
    "validation_avg_precision": 0.817943651337224,
    "validation_min_precision": 0.5100419087213987,
    "validation_avg_recall": 0.8162259274796675,
    "validation_min_recall": 0.48434105638170466
}