{
    "train_loss": 0.46592814723650605,
    "train_accuracy": 0.821839080567945,
    "train_avg_precision": 0.7001264402573532,
    "train_min_precision": 0.0744523325098953,
    "train_avg_recall": 0.8110341223017692,
    "train_min_recall": 0.357846261795894,
    "validation_loss": 0.5674215659499168,
    "validation_accuracy": 0.78740234375,
    "validation_avg_precision": 0.7992876961541687,
    "validation_min_precision": 0.39884778629935314,
    "validation_avg_recall": 0.7840230485279581,
    "validation_min_recall": 0.45145915287311866
}