{
    "train_loss": 0.2624178777138393,
    "train_accuracy": 0.902681676965011,
    "train_avg_precision": 0.7913783421118483,
    "train_min_precision": 0.1565770143169524,
    "train_avg_recall": 0.8740952379800284,
    "train_min_recall": 0.47661673275266137,
    "validation_loss": 0.5126848697662353,
    "validation_accuracy": 0.82236328125,
    "validation_avg_precision": 0.822264503976969,
    "validation_min_precision": 0.5083112314595579,
    "validation_avg_recall": 0.8246058870412561,
    "validation_min_recall": 0.47618529950220934
}