{
    "train_loss": 0.2757667203744253,
    "train_accuracy": 0.9012141750569932,
    "train_avg_precision": 0.7943557972928158,
    "train_min_precision": 0.15926589177363176,
    "train_avg_recall": 0.8798026659747186,
    "train_min_recall": 0.45400263555624537,
    "validation_loss": 0.509814254194498,
    "validation_accuracy": 0.8274414062500001,
    "validation_avg_precision": 0.8247402235711198,
    "validation_min_precision": 0.5089990468283275,
    "validation_avg_recall": 0.8280436578133495,
    "validation_min_recall": 0.46969897456102033
}