{
    "train_loss": 0.42894244926017633,
    "train_accuracy": 0.8527346117454657,
    "train_avg_precision": 0.7367386090764867,
    "train_min_precision": 0.0462855487310976,
    "train_avg_recall": 0.7819234135723092,
    "train_min_recall": 0.16292879711819375,
    "validation_loss": 0.625703189522028,
    "validation_accuracy": 0.7665039062500002,
    "validation_avg_precision": 0.769564746392649,
    "validation_min_precision": 0.3412119830285362,
    "validation_avg_recall": 0.7657357629291902,
    "validation_min_recall": 0.2827177701665563
}