{
    "train_loss": 0.43956848403863735,
    "train_accuracy": 0.8522147233026065,
    "train_avg_precision": 0.7048050718216902,
    "train_min_precision": 0.0509748166263175,
    "train_avg_recall": 0.7518847697954288,
    "train_min_recall": 0.14206950553073439,
    "validation_loss": 0.6915011301636697,
    "validation_accuracy": 0.7415039062500001,
    "validation_avg_precision": 0.7259974188367416,
    "validation_min_precision": 0.3131683216761977,
    "validation_avg_recall": 0.7379318614912328,
    "validation_min_recall": 0.1815542009567616
}