{
    "train_loss": 0.3514589309169536,
    "train_accuracy": 0.8638484007433836,
    "train_avg_precision": 0.7582036520488543,
    "train_min_precision": 0.0644520983651553,
    "train_avg_recall": 0.8156787702777116,
    "train_min_recall": 0.37706740570466907,
    "validation_loss": 0.5600840255618095,
    "validation_accuracy": 0.7917968750000001,
    "validation_avg_precision": 0.8014973888529312,
    "validation_min_precision": 0.3955737498592808,
    "validation_avg_recall": 0.7873294476871984,
    "validation_min_recall": 0.4641705502546655
}