{
    "train_loss": 0.2789650624781324,
    "train_accuracy": 0.897707293953812,
    "train_avg_precision": 0.7894218679054438,
    "train_min_precision": 0.13241292229397172,
    "train_avg_recall": 0.8763149780752701,
    "train_min_recall": 0.4533533715985752,
    "validation_loss": 0.5029662605375051,
    "validation_accuracy": 0.82421875,
    "validation_avg_precision": 0.8252148268137548,
    "validation_min_precision": 0.47930394759829714,
    "validation_avg_recall": 0.8222598878861753,
    "validation_min_recall": 0.4917982718829906
}