{
    "train_loss": 0.3775995310984159,
    "train_accuracy": 0.8543911639012783,
    "train_avg_precision": 0.7567675645496479,
    "train_min_precision": 0.05710215260399106,
    "train_avg_recall": 0.8062996647150809,
    "train_min_recall": 0.270557494639951,
    "validation_loss": 0.5890674620866775,
    "validation_accuracy": 0.7776367187500001,
    "validation_avg_precision": 0.7818546310989497,
    "validation_min_precision": 0.35203830555513893,
    "validation_avg_recall": 0.7732509747459598,
    "validation_min_recall": 0.37860504512209636
}