{
    "train_loss": 0.2652450175138943,
    "train_accuracy": 0.902476084859748,
    "train_avg_precision": 0.7973345308396586,
    "train_min_precision": 0.13744357486821232,
    "train_avg_recall": 0.8589168134946703,
    "train_min_recall": 0.43806467348351,
    "validation_loss": 0.5308416448533535,
    "validation_accuracy": 0.8159179687500001,
    "validation_avg_precision": 0.8177480098517924,
    "validation_min_precision": 0.4896901767801221,
    "validation_avg_recall": 0.814544201788931,
    "validation_min_recall": 0.4927606503103317
}