{
    "train_loss": 0.26485711780556465,
    "train_accuracy": 0.9052693017742092,
    "train_avg_precision": 0.7934308624076878,
    "train_min_precision": 0.1601280785491312,
    "train_avg_recall": 0.8738342725374624,
    "train_min_recall": 0.4241019510107694,
    "validation_loss": 0.5049852021038531,
    "validation_accuracy": 0.82734375,
    "validation_avg_precision": 0.8275758208825921,
    "validation_min_precision": 0.52381270301765,
    "validation_avg_recall": 0.8284753776625012,
    "validation_min_recall": 0.48721032564813244
}