{
    "train_loss": 0.2671881080196615,
    "train_accuracy": 0.9033268114976718,
    "train_avg_precision": 0.7987999601601752,
    "train_min_precision": 0.16420908239793694,
    "train_avg_recall": 0.8861066234160558,
    "train_min_recall": 0.4806373623589899,
    "validation_loss": 0.5324124991893767,
    "validation_accuracy": 0.8204101562500001,
    "validation_avg_precision": 0.820698436954415,
    "validation_min_precision": 0.4993038517678615,
    "validation_avg_recall": 0.8211855292882227,
    "validation_min_recall": 0.48672794561314947
}