{
    "train_loss": 0.2781118159754234,
    "train_accuracy": 0.8975655060065422,
    "train_avg_precision": 0.7897857785262901,
    "train_min_precision": 0.12930558433654407,
    "train_avg_recall": 0.8743379983384565,
    "train_min_recall": 0.4516548587188452,
    "validation_loss": 0.5344144560396672,
    "validation_accuracy": 0.8179687499999999,
    "validation_avg_precision": 0.8182526863999539,
    "validation_min_precision": 0.4912349203865226,
    "validation_avg_recall": 0.8163783737619428,
    "validation_min_recall": 0.493873897140951
}