{
    "train_loss": 0.6511315295570774,
    "train_accuracy": 0.7657360664585181,
    "train_avg_precision": 0.6400896980876529,
    "train_min_precision": 0.020866750280628864,
    "train_avg_recall": 0.6636314428240849,
    "train_min_recall": 0.08710838582208819,
    "validation_loss": 0.937530395388603,
    "validation_accuracy": 0.6370117187500002,
    "validation_avg_precision": 0.6680113292914391,
    "validation_min_precision": 0.2451291211633394,
    "validation_avg_recall": 0.6395059550756563,
    "validation_min_recall": 0.22418164467397436
}