{
    "train_loss": 0.32402008876465904,
    "train_accuracy": 0.8839680688423023,
    "train_avg_precision": 0.7624067779661069,
    "train_min_precision": 0.09308344877230326,
    "train_avg_recall": 0.830285187902753,
    "train_min_recall": 0.3301984227557222,
    "validation_loss": 0.5409359164536001,
    "validation_accuracy": 0.8051757812499999,
    "validation_avg_precision": 0.8013021681283461,
    "validation_min_precision": 0.44051983390529514,
    "validation_avg_recall": 0.8042204357350129,
    "validation_min_recall": 0.42200691483926067
}