{
    "train_loss": 0.27530697693950246,
    "train_accuracy": 0.8984445898156418,
    "train_avg_precision": 0.7948934296200307,
    "train_min_precision": 0.13562108685947696,
    "train_avg_recall": 0.878898021913822,
    "train_min_recall": 0.4540253969526601,
    "validation_loss": 0.526328632235527,
    "validation_accuracy": 0.8202148437499999,
    "validation_avg_precision": 0.8136920142675267,
    "validation_min_precision": 0.47875747693196385,
    "validation_avg_recall": 0.8166311404719212,
    "validation_min_recall": 0.47377209183746244
}