{
    "train_loss": 0.3214394361303563,
    "train_accuracy": 0.8795986468331853,
    "train_avg_precision": 0.7449636798176219,
    "train_min_precision": 0.07246389088494351,
    "train_avg_recall": 0.8037582800321131,
    "train_min_recall": 0.20876780835229589,
    "validation_loss": 0.5629758149385452,
    "validation_accuracy": 0.79130859375,
    "validation_avg_precision": 0.7861483780329399,
    "validation_min_precision": 0.4333942386806032,
    "validation_avg_recall": 0.7911642267278078,
    "validation_min_recall": 0.2956224522809846
}