{
    "train_loss": 0.41422267179740097,
    "train_accuracy": 0.8376365889582712,
    "train_avg_precision": 0.716130500730136,
    "train_min_precision": 0.04261698377999361,
    "train_avg_recall": 0.778833893276676,
    "train_min_recall": 0.21745488379207123,
    "validation_loss": 0.6044369637966156,
    "validation_accuracy": 0.7671874999999999,
    "validation_avg_precision": 0.7637464812459612,
    "validation_min_precision": 0.3432066273683445,
    "validation_avg_recall": 0.7645553886600731,
    "validation_min_recall": 0.3223663777214305
}