{
    "train_loss": 0.5601467019633242,
    "train_accuracy": 0.7875004724452371,
    "train_avg_precision": 0.6761342354432348,
    "train_min_precision": 0.022904720120581593,
    "train_avg_recall": 0.712296058136784,
    "train_min_recall": 0.1189989333932004,
    "validation_loss": 0.781871211528778,
    "validation_accuracy": 0.70390625,
    "validation_avg_precision": 0.7093937015828901,
    "validation_min_precision": 0.25504824284117256,
    "validation_avg_recall": 0.7057960185572372,
    "validation_min_recall": 0.2463696732238128
}