{
    "train_loss": 0.2781564462603185,
    "train_accuracy": 0.8975820478640106,
    "train_avg_precision": 0.7842003537009143,
    "train_min_precision": 0.13474922578311857,
    "train_avg_recall": 0.8712112452784931,
    "train_min_recall": 0.43226474047182417,
    "validation_loss": 0.5116078868508339,
    "validation_accuracy": 0.8221679687499999,
    "validation_avg_precision": 0.8204199954575577,
    "validation_min_precision": 0.48930020912576094,
    "validation_avg_recall": 0.8201538089703504,
    "validation_min_recall": 0.47322815753326747
}