{
    "train_loss": 0.25726140016003657,
    "train_accuracy": 0.9054748938794723,
    "train_avg_precision": 0.7824763627604822,
    "train_min_precision": 0.13833726186667364,
    "train_avg_recall": 0.8617691797680254,
    "train_min_recall": 0.3861622821440729,
    "validation_loss": 0.5059371210634709,
    "validation_accuracy": 0.8275390624999998,
    "validation_avg_precision": 0.8224396572854572,
    "validation_min_precision": 0.5420675911272229,
    "validation_avg_recall": 0.8271907549233141,
    "validation_min_recall": 0.4285947863417217
}