{
    "train_loss": 0.3074034690334086,
    "train_accuracy": 0.8855773597432854,
    "train_avg_precision": 0.7687255239676002,
    "train_min_precision": 0.10737019258691084,
    "train_avg_recall": 0.8338181797692735,
    "train_min_recall": 0.32209330385251467,
    "validation_loss": 0.5530497826635838,
    "validation_accuracy": 0.8041015625000002,
    "validation_avg_precision": 0.8013703157495679,
    "validation_min_precision": 0.47119584644654283,
    "validation_avg_recall": 0.8001586878233807,
    "validation_min_recall": 0.42735217823397603
}