{
    "train_loss": 1.712147892567149,
    "train_accuracy": 0.5279321686217658,
    "train_avg_precision": 0.4174439895545917,
    "train_min_precision": 0.0,
    "train_avg_recall": 0.48418022015836026,
    "train_min_recall": 0.0,
    "validation_loss": 1.8071057111024855,
    "validation_accuracy": 0.45263671874999994,
    "validation_avg_precision": 0.438293967817666,
    "validation_min_precision": 0.0,
    "validation_avg_recall": 0.45334851234405577,
    "validation_min_recall": 0.0
}