{
    "train_loss": 0.2520837726300223,
    "train_accuracy": 0.9077529488948357,
    "train_avg_precision": 0.7944883423364242,
    "train_min_precision": 0.1564909262277683,
    "train_avg_recall": 0.8773589422243163,
    "train_min_recall": 0.44165682127359535,
    "validation_loss": 0.5160697951912881,
    "validation_accuracy": 0.824609375,
    "validation_avg_precision": 0.8195116084793663,
    "validation_min_precision": 0.5278174989103193,
    "validation_avg_recall": 0.8235943886746588,
    "validation_min_recall": 0.4407997963835921
}