{
    "train_loss": 0.289834661180513,
    "train_accuracy": 0.8918538260878178,
    "train_avg_precision": 0.7860293319765452,
    "train_min_precision": 0.10055308491229949,
    "train_avg_recall": 0.8393061602347879,
    "train_min_recall": 0.3736026415610363,
    "validation_loss": 0.5432901248335839,
    "validation_accuracy": 0.8078124999999999,
    "validation_avg_precision": 0.8141617691482698,
    "validation_min_precision": 0.477173843129273,
    "validation_avg_recall": 0.8109990168696669,
    "validation_min_recall": 0.5017134115774746
}