{
    "train_loss": 0.2788283082476833,
    "train_accuracy": 0.8982957120527303,
    "train_avg_precision": 0.7852270316662172,
    "train_min_precision": 0.13313470539924832,
    "train_avg_recall": 0.8811536033749787,
    "train_min_recall": 0.4552617308555641,
    "validation_loss": 0.508049339801073,
    "validation_accuracy": 0.8261718749999999,
    "validation_avg_precision": 0.8267921395549418,
    "validation_min_precision": 0.5175736209387894,
    "validation_avg_recall": 0.8258880058213225,
    "validation_min_recall": 0.4996660087022881
}