{
    "train_loss": 0.452905918945346,
    "train_accuracy": 0.831234875478242,
    "train_avg_precision": 0.7088562906712438,
    "train_min_precision": 0.03866610323755508,
    "train_avg_recall": 0.7522109484062838,
    "train_min_recall": 0.17502069143834842,
    "validation_loss": 0.6731826946139335,
    "validation_accuracy": 0.7377929687499999,
    "validation_avg_precision": 0.7386285526897849,
    "validation_min_precision": 0.2916052886601698,
    "validation_avg_recall": 0.737642045592291,
    "validation_min_recall": 0.2988676484519742
}