{
    "train_loss": 0.2815264863403219,
    "train_accuracy": 0.8964571994647645,
    "train_avg_precision": 0.7858828892528935,
    "train_min_precision": 0.1276195596629033,
    "train_avg_recall": 0.8673623885447376,
    "train_min_recall": 0.42345042138674,
    "validation_loss": 0.5162402532994748,
    "validation_accuracy": 0.8173828125000001,
    "validation_avg_precision": 0.8118977886593245,
    "validation_min_precision": 0.5018246240901296,
    "validation_avg_recall": 0.8159155563790812,
    "validation_min_recall": 0.46357104759459844
}