{
    "train_loss": 0.32281293942217243,
    "train_accuracy": 0.8787361048815541,
    "train_avg_precision": 0.7567995642114668,
    "train_min_precision": 0.06819329331882837,
    "train_avg_recall": 0.8118740071096001,
    "train_min_recall": 0.30402100660315734,
    "validation_loss": 0.5532694108784197,
    "validation_accuracy": 0.7972656250000001,
    "validation_avg_precision": 0.801184786490074,
    "validation_min_precision": 0.41459720416770657,
    "validation_avg_recall": 0.797795191902035,
    "validation_min_recall": 0.4102148827639916
}