{
    "train_loss": 0.6345699492253757,
    "train_accuracy": 0.7512595465308746,
    "train_avg_precision": 0.6760948872466102,
    "train_min_precision": 0.019999212527404085,
    "train_avg_recall": 0.684679155551742,
    "train_min_recall": 0.11845357264277967,
    "validation_loss": 0.8624655574560167,
    "validation_accuracy": 0.6722656250000001,
    "validation_avg_precision": 0.6903886347122319,
    "validation_min_precision": 0.2416711601126317,
    "validation_avg_recall": 0.6740499778750539,
    "validation_min_recall": 0.22188616558841412
}