{
    "train_loss": 0.27210159469069095,
    "train_accuracy": 0.8998601028793738,
    "train_avg_precision": 0.7876537778370676,
    "train_min_precision": 0.14045197721668307,
    "train_avg_recall": 0.879289890289478,
    "train_min_recall": 0.468165297707876,
    "validation_loss": 0.5026413816958666,
    "validation_accuracy": 0.8236328125,
    "validation_avg_precision": 0.8226261726301617,
    "validation_min_precision": 0.5069914567968457,
    "validation_avg_recall": 0.8249778655971493,
    "validation_min_recall": 0.4825765418449995
}