{
    "train_accuracy": 0.857421875,
    "train_loss": 0.3614828884601593,
    "validation_accuracy": 0.802734375,
    "validation_loss": 0.6436497569084167
}