{
    "train_accuracy": 1.0,
    "train_loss": 0.00022605503909289837,
    "validation_accuracy": 0.703125,
    "validation_loss": 1.8341554403305054
}