{
    "train_accuracy": 1.0,
    "train_loss": 0.00017281225882470608,
    "validation_accuracy": 0.671875,
    "validation_loss": 1.54159414768219
}