{
    "train_accuracy": 0.859375,
    "train_loss": 0.401936799287796,
    "validation_accuracy": 0.6328125,
    "validation_loss": 1.0218573808670044
}