{
    "train_accuracy": 0.693359375,
    "train_loss": 0.882287323474884,
    "validation_accuracy": 0.583984375,
    "validation_loss": 1.1733410358428955
}