{
    "train_accuracy": 1.0,
    "train_loss": 0.0003350499027874321,
    "validation_accuracy": 0.71875,
    "validation_loss": 1.8489577770233154
}