{
    "train_accuracy": 0.59375,
    "train_loss": 1.1420245170593262,
    "validation_accuracy": 0.5234375,
    "validation_loss": 1.3650426864624023
}