{
    "train_accuracy": 0.884765625,
    "train_loss": 0.3136512041091919,
    "validation_accuracy": 0.759765625,
    "validation_loss": 0.802701473236084
}