{
    "train_accuracy": 0.9375,
    "train_loss": 0.13969255983829498,
    "validation_accuracy": 0.71875,
    "validation_loss": 0.8612984418869019
}