{
    "train_accuracy": 0.765625,
    "train_loss": 0.6523084044456482,
    "validation_accuracy": 0.73046875,
    "validation_loss": 0.8119776844978333
}