{
    "train_accuracy": 0.7734375,
    "train_loss": 0.7232040166854858,
    "validation_accuracy": 0.625,
    "validation_loss": 1.2360750436782837
}