{
    "train_accuracy": 1.0,
    "train_loss": 0.00022493433789350092,
    "validation_accuracy": 0.6953125,
    "validation_loss": 1.893913984298706
}