{
    "train_accuracy": 1.0,
    "train_loss": 0.0002912982308771461,
    "validation_accuracy": 0.7109375,
    "validation_loss": 1.6648449897766113
}