{
    "train_accuracy": 1.0,
    "train_loss": 0.01965317130088806,
    "validation_accuracy": 0.6328125,
    "validation_loss": 1.2865101099014282
}