{
    "train_loss": 0.017131694143213198,
    "train_accuracy": 0.9972587719298256,
    "train_avg_precision": 0.9955523939941069,
    "train_min_precision": 0.9594469536091204,
    "train_avg_recall": 0.997741171229342,
    "train_min_recall": 0.9804309648406424,
    "validation_loss": 0.7323862299323082,
    "validation_accuracy": 0.8413085937500003,
    "validation_avg_precision": 0.8430004441998452,
    "validation_min_precision": 0.5902290308780553,
    "validation_avg_recall": 0.8373376663842894,
    "validation_min_recall": 0.3502273972099768
}