{
    "train_loss": 0.015751521062236606,
    "train_accuracy": 0.9978070175438605,
    "train_avg_precision": 0.9955309923324636,
    "train_min_precision": 0.9599210476415505,
    "train_avg_recall": 0.9982219004252668,
    "train_min_recall": 0.9842437577847543,
    "validation_loss": 0.7134799793362618,
    "validation_accuracy": 0.8406249999999998,
    "validation_avg_precision": 0.8446451876645756,
    "validation_min_precision": 0.596108054130385,
    "validation_avg_recall": 0.8405512688565977,
    "validation_min_recall": 0.3527004183847899
}