{
    "train_loss": 0.01646922113733333,
    "train_accuracy": 0.9976014254385974,
    "train_avg_precision": 0.9966619779000763,
    "train_min_precision": 0.9681236976013479,
    "train_avg_recall": 0.9981073788346642,
    "train_min_recall": 0.9822281085992546,
    "validation_loss": 0.7003169432282447,
    "validation_accuracy": 0.8451171875,
    "validation_avg_precision": 0.8501522342842733,
    "validation_min_precision": 0.6094499367934549,
    "validation_avg_recall": 0.8459073946964609,
    "validation_min_recall": 0.3752286601921084
}