{
    "train_loss": 0.017212624146946166,
    "train_accuracy": 0.9972587719298258,
    "train_avg_precision": 0.996388058031775,
    "train_min_precision": 0.968364381541239,
    "train_avg_recall": 0.9978244712232915,
    "train_min_recall": 0.9802478643020427,
    "validation_loss": 0.6915211021900177,
    "validation_accuracy": 0.84462890625,
    "validation_avg_precision": 0.8503081212289562,
    "validation_min_precision": 0.5851930581150283,
    "validation_avg_recall": 0.8421721548415041,
    "validation_min_recall": 0.35593869647461435
}