{
    "train_loss": 0.017168749524117042,
    "train_accuracy": 0.9972587719298256,
    "train_avg_precision": 0.9950392192719959,
    "train_min_precision": 0.9557040162993953,
    "train_avg_recall": 0.9960675675147863,
    "train_min_recall": 0.9653430183612268,
    "validation_loss": 0.6902177695184947,
    "validation_accuracy": 0.8450195312499998,
    "validation_avg_precision": 0.848565307474449,
    "validation_min_precision": 0.5933849374352727,
    "validation_avg_recall": 0.8440783058410675,
    "validation_min_recall": 0.3510428080091773
}