{
    "train_loss": 0.015758762830508907,
    "train_accuracy": 0.9978070175438607,
    "train_avg_precision": 0.9959316228263377,
    "train_min_precision": 0.962836594476431,
    "train_avg_recall": 0.9982783849137025,
    "train_min_recall": 0.9839814493305263,
    "validation_loss": 0.7223780885338784,
    "validation_accuracy": 0.8392578125,
    "validation_avg_precision": 0.8421147990329259,
    "validation_min_precision": 0.6106547517819578,
    "validation_avg_recall": 0.83640056938033,
    "validation_min_recall": 0.3556032496017503
}