{
    "train_loss": 0.017383453689450233,
    "train_accuracy": 0.997024822653387,
    "train_avg_precision": 0.9949618666109756,
    "train_min_precision": 0.9534179828063172,
    "train_avg_recall": 0.9958118976437405,
    "train_min_recall": 0.9620617434573524,
    "validation_loss": 0.6882594155147672,
    "validation_accuracy": 0.84541015625,
    "validation_avg_precision": 0.8514991892082353,
    "validation_min_precision": 0.6276199022108232,
    "validation_avg_recall": 0.8455351146942738,
    "validation_min_recall": 0.37491736941928056
}