{
    "train_loss": 0.031854881153425635,
    "train_accuracy": 0.9910342933838838,
    "train_avg_precision": 0.9857782614194929,
    "train_min_precision": 0.8943897363384036,
    "train_avg_recall": 0.990596676806594,
    "train_min_recall": 0.9251309773719296,
    "validation_loss": 0.6574914755299687,
    "validation_accuracy": 0.8438476562500001,
    "validation_avg_precision": 0.8498137847195169,
    "validation_min_precision": 0.626237120519463,
    "validation_avg_recall": 0.8435814129063898,
    "validation_min_recall": 0.3882200508772121
}