{
    "train_loss": 0.01639525749181446,
    "train_accuracy": 0.9976014254385974,
    "train_avg_precision": 0.9958829737890782,
    "train_min_precision": 0.9613161005951569,
    "train_avg_recall": 0.9981258417222787,
    "train_min_recall": 0.9833857870436764,
    "validation_loss": 0.6943919174373151,
    "validation_accuracy": 0.8419921874999998,
    "validation_avg_precision": 0.8464759190119354,
    "validation_min_precision": 0.6063319996932797,
    "validation_avg_recall": 0.8393415208263802,
    "validation_min_recall": 0.36098889006982715
}