{
    "train_loss": 0.020001753331407114,
    "train_accuracy": 0.9961339235305794,
    "train_avg_precision": 0.9947898662891077,
    "train_min_precision": 0.956131839132604,
    "train_avg_recall": 0.9970209055721737,
    "train_min_recall": 0.9757591590144361,
    "validation_loss": 0.6863811880350114,
    "validation_accuracy": 0.8456054687500001,
    "validation_avg_precision": 0.8526543327174466,
    "validation_min_precision": 0.6153606601502092,
    "validation_avg_recall": 0.8455823117733257,
    "validation_min_recall": 0.37624530284886465
}