{
    "train_loss": 0.04500585921892995,
    "train_accuracy": 0.9863340331797025,
    "train_avg_precision": 0.9717869127739724,
    "train_min_precision": 0.7822857768306487,
    "train_avg_recall": 0.9838080658114955,
    "train_min_recall": 0.8712972707816897,
    "validation_loss": 0.6378975592553616,
    "validation_accuracy": 0.8383789062500001,
    "validation_avg_precision": 0.8409948264351019,
    "validation_min_precision": 0.5829166248644098,
    "validation_avg_recall": 0.8389199017187078,
    "validation_min_recall": 0.37754688847325024
}