{
    "train_loss": 0.01550190565748173,
    "train_accuracy": 0.9978070175438607,
    "train_avg_precision": 0.9954554776931503,
    "train_min_precision": 0.9561856360873486,
    "train_avg_recall": 0.9982631086093694,
    "train_min_recall": 0.9843816665219829,
    "validation_loss": 0.7173482961952687,
    "validation_accuracy": 0.8416015624999998,
    "validation_avg_precision": 0.8437120869407878,
    "validation_min_precision": 0.5880147639858128,
    "validation_avg_recall": 0.838523079502691,
    "validation_min_recall": 0.34631657353828177
}