{
    "train_loss": 0.025278240622004917,
    "train_accuracy": 0.9934895833333346,
    "train_avg_precision": 0.9898897139768865,
    "train_min_precision": 0.9144133158516541,
    "train_avg_recall": 0.9932575738623672,
    "train_min_recall": 0.9420797572931543,
    "validation_loss": 0.6834577843546868,
    "validation_accuracy": 0.8448242187500001,
    "validation_avg_precision": 0.8516568758802299,
    "validation_min_precision": 0.6108510218332464,
    "validation_avg_recall": 0.8455806323300776,
    "validation_min_recall": 0.36894271391959294
}