{
    "train_loss": 0.05801879804123913,
    "train_accuracy": 0.981359649122808,
    "train_avg_precision": 0.9634986954313951,
    "train_min_precision": 0.777063737829671,
    "train_avg_recall": 0.9818427358985251,
    "train_min_recall": 0.8714455470813498,
    "validation_loss": 0.6452131919562819,
    "validation_accuracy": 0.8394531249999999,
    "validation_avg_precision": 0.8405253351460233,
    "validation_min_precision": 0.5978091158804454,
    "validation_avg_recall": 0.8350735770626706,
    "validation_min_recall": 0.3705581361230752
}