{
    "train_loss": 0.05017981393948981,
    "train_accuracy": 0.9850319498463692,
    "train_avg_precision": 0.9693160479024521,
    "train_min_precision": 0.7849755310030797,
    "train_avg_recall": 0.9870647334171955,
    "train_min_recall": 0.9047916424170498,
    "validation_loss": 0.6455842085182668,
    "validation_accuracy": 0.8424804687499999,
    "validation_avg_precision": 0.8456960855637147,
    "validation_min_precision": 0.6094117284737942,
    "validation_avg_recall": 0.8413892273488877,
    "validation_min_recall": 0.3633709366088616
}