{
    "train_loss": 0.01644518669988764,
    "train_accuracy": 0.9974360068639129,
    "train_avg_precision": 0.9939071474143675,
    "train_min_precision": 0.9425721368066962,
    "train_avg_recall": 0.9945904764001589,
    "train_min_recall": 0.9500933651818511,
    "validation_loss": 0.6982644945383072,
    "validation_accuracy": 0.8417968750000002,
    "validation_avg_precision": 0.847723742369176,
    "validation_min_precision": 0.6095786380027239,
    "validation_avg_recall": 0.8432979655820687,
    "validation_min_recall": 0.3589956961556376
}