{
    "train_loss": 0.029346030940742864,
    "train_accuracy": 0.9921875000000013,
    "train_avg_precision": 0.9894926749009112,
    "train_min_precision": 0.9199075997717094,
    "train_avg_recall": 0.9939967016052342,
    "train_min_recall": 0.9542312892299625,
    "validation_loss": 0.6696131974458694,
    "validation_accuracy": 0.8431640625,
    "validation_avg_precision": 0.8455295862638915,
    "validation_min_precision": 0.6043093459297365,
    "validation_avg_recall": 0.8414039351137118,
    "validation_min_recall": 0.35683363854577516
}