{
    "train_loss": 0.016008531086538963,
    "train_accuracy": 0.9977384868421064,
    "train_avg_precision": 0.9960170983942513,
    "train_min_precision": 0.9631121923167043,
    "train_avg_recall": 0.998269751050844,
    "train_min_recall": 0.9848009514585816,
    "validation_loss": 0.694224875420332,
    "validation_accuracy": 0.84228515625,
    "validation_avg_precision": 0.8427110638269262,
    "validation_min_precision": 0.6053458572454381,
    "validation_avg_recall": 0.8392082256699709,
    "validation_min_recall": 0.3538724954788207
}