{
    "train_loss": 0.1771353015251327,
    "train_accuracy": 0.9372660507235618,
    "train_avg_precision": 0.8636957627053433,
    "train_min_precision": 0.24074697232591968,
    "train_avg_recall": 0.9245442865310387,
    "train_min_recall": 0.5750759101738089,
    "validation_loss": 0.5898976631462574,
    "validation_accuracy": 0.8205078124999999,
    "validation_avg_precision": 0.8224306061404733,
    "validation_min_precision": 0.5074791983984526,
    "validation_avg_recall": 0.8167601815978872,
    "validation_min_recall": 0.45633696267146756
}