{
    "train_loss": 0.016355297417919103,
    "train_accuracy": 0.9976699561403517,
    "train_avg_precision": 0.9966620297364739,
    "train_min_precision": 0.9687472895834652,
    "train_avg_recall": 0.9982250050121033,
    "train_min_recall": 0.9839401045852483,
    "validation_loss": 0.6859627928584814,
    "validation_accuracy": 0.8453124999999998,
    "validation_avg_precision": 0.8496539973157751,
    "validation_min_precision": 0.6063583613760727,
    "validation_avg_recall": 0.843801297631051,
    "validation_min_recall": 0.35506972652511154
}