{
    "train_loss": 0.030257017449720907,
    "train_accuracy": 0.991885020021808,
    "train_avg_precision": 0.9869651739936892,
    "train_min_precision": 0.8943782032128565,
    "train_avg_recall": 0.99173182249292,
    "train_min_recall": 0.9320318744523587,
    "validation_loss": 0.669612617790699,
    "validation_accuracy": 0.8388671875,
    "validation_avg_precision": 0.8438029375618953,
    "validation_min_precision": 0.6022969452667577,
    "validation_avg_recall": 0.8369874459083829,
    "validation_min_recall": 0.360059543101017
}