{
    "train_loss": 0.015701150497127524,
    "train_accuracy": 0.9978070175438607,
    "train_avg_precision": 0.9963884566512891,
    "train_min_precision": 0.9668489053555755,
    "train_avg_recall": 0.9982901036358547,
    "train_min_recall": 0.9842916212218877,
    "validation_loss": 0.7040104657411578,
    "validation_accuracy": 0.84033203125,
    "validation_avg_precision": 0.8454953243963477,
    "validation_min_precision": 0.6060637538441568,
    "validation_avg_recall": 0.8366344238681322,
    "validation_min_recall": 0.35815244410008057
}