{
    "train_loss": 0.01672704160017402,
    "train_accuracy": 0.9974643640350886,
    "train_avg_precision": 0.9958589697299314,
    "train_min_precision": 0.9628939609359652,
    "train_avg_recall": 0.9979645305458664,
    "train_min_recall": 0.9824192349931098,
    "validation_loss": 0.7161086827516556,
    "validation_accuracy": 0.8421875000000002,
    "validation_avg_precision": 0.8447786675055239,
    "validation_min_precision": 0.6081094977393491,
    "validation_avg_recall": 0.8416003590308478,
    "validation_min_recall": 0.35309895932870233
}