{
    "train_loss": 0.015947333079550347,
    "train_accuracy": 0.9974360068639129,
    "train_avg_precision": 0.9964152499549483,
    "train_min_precision": 0.966552776701427,
    "train_avg_recall": 0.9979978632994883,
    "train_min_recall": 0.9813096336935,
    "validation_loss": 0.7100902378559112,
    "validation_accuracy": 0.8419921875,
    "validation_avg_precision": 0.8441527650872144,
    "validation_min_precision": 0.5944476214402817,
    "validation_avg_recall": 0.8389111274431068,
    "validation_min_recall": 0.34704027829951534
}