{
    "train_loss": 0.044063956950578784,
    "train_accuracy": 0.9871682169144625,
    "train_avg_precision": 0.9799233782177899,
    "train_min_precision": 0.8699394633786047,
    "train_avg_recall": 0.989729519665974,
    "train_min_recall": 0.9316768288402278,
    "validation_loss": 0.6506264753639699,
    "validation_accuracy": 0.8399414062499999,
    "validation_avg_precision": 0.8436500881632947,
    "validation_min_precision": 0.5852246997816768,
    "validation_avg_recall": 0.8397415301369305,
    "validation_min_recall": 0.35635806731914754
}