{
    "train_loss": 0.016101768093281666,
    "train_accuracy": 0.9977384868421064,
    "train_avg_precision": 0.9956923739220258,
    "train_min_precision": 0.9599070251854627,
    "train_avg_recall": 0.9981466520641464,
    "train_min_recall": 0.9828067732935588,
    "validation_loss": 0.6941598176956176,
    "validation_accuracy": 0.8433593750000001,
    "validation_avg_precision": 0.8497650215511243,
    "validation_min_precision": 0.6195303529433596,
    "validation_avg_recall": 0.8445615801969942,
    "validation_min_recall": 0.3670855702059409
}