{
    "train_loss": 0.017038184691939438,
    "train_accuracy": 0.9973273026315801,
    "train_avg_precision": 0.9951858474042168,
    "train_min_precision": 0.9554584394497758,
    "train_avg_recall": 0.9961476069438442,
    "train_min_recall": 0.9655985801178644,
    "validation_loss": 0.7097026899456975,
    "validation_accuracy": 0.8405273437499998,
    "validation_avg_precision": 0.8415166260244936,
    "validation_min_precision": 0.5914439177385712,
    "validation_avg_recall": 0.8393805843808364,
    "validation_min_recall": 0.35310934187437015
}