{
    "train_loss": 0.03903375474507347,
    "train_accuracy": 0.9887609649122819,
    "train_avg_precision": 0.9800792739705493,
    "train_min_precision": 0.852518291404035,
    "train_avg_recall": 0.98965158794956,
    "train_min_recall": 0.9201163878888683,
    "validation_loss": 0.670179695636034,
    "validation_accuracy": 0.8374023437499999,
    "validation_avg_precision": 0.8444880032517248,
    "validation_min_precision": 0.6101386563503446,
    "validation_avg_recall": 0.8360900920583688,
    "validation_min_recall": 0.3421338049940288
}