{
    "train_loss": 0.05805552741022486,
    "train_accuracy": 0.9824277831797025,
    "train_avg_precision": 0.9593476306097318,
    "train_min_precision": 0.7177087684648685,
    "train_avg_recall": 0.9780467155654904,
    "train_min_recall": 0.8333034835368578,
    "validation_loss": 0.6195223100483419,
    "validation_accuracy": 0.8401367187499998,
    "validation_avg_precision": 0.8457283593596256,
    "validation_min_precision": 0.6141255789651303,
    "validation_avg_recall": 0.840672453583925,
    "validation_min_recall": 0.3902365022457143
}