{
    "train_loss": 0.017411561641972842,
    "train_accuracy": 0.9972587719298256,
    "train_avg_precision": 0.9961287206121228,
    "train_min_precision": 0.9639791867920691,
    "train_avg_recall": 0.9977810107381433,
    "train_min_recall": 0.9799928635979072,
    "validation_loss": 0.7240317806601525,
    "validation_accuracy": 0.8396484375000001,
    "validation_avg_precision": 0.8446785942421529,
    "validation_min_precision": 0.587254450444257,
    "validation_avg_recall": 0.8385373162680652,
    "validation_min_recall": 0.34209673325003115
}