{
    "train_loss": 0.018913344259520896,
    "train_accuracy": 0.9965734649122817,
    "train_avg_precision": 0.9946854969857326,
    "train_min_precision": 0.9512463220183109,
    "train_avg_recall": 0.99546493969358,
    "train_min_recall": 0.9576195739319098,
    "validation_loss": 0.6964577205479147,
    "validation_accuracy": 0.8442382812500001,
    "validation_avg_precision": 0.8461964848044159,
    "validation_min_precision": 0.5951809033652739,
    "validation_avg_recall": 0.8417171269715201,
    "validation_min_recall": 0.3607552711804129
}