{
    "train_loss": 0.01614815469733195,
    "train_accuracy": 0.9977384868421062,
    "train_avg_precision": 0.9954611657059553,
    "train_min_precision": 0.9582281352641837,
    "train_avg_recall": 0.9965721614872267,
    "train_min_recall": 0.9686965325906749,
    "validation_loss": 0.7289931289851667,
    "validation_accuracy": 0.8403320312500001,
    "validation_avg_precision": 0.8426737025221596,
    "validation_min_precision": 0.6053365256636336,
    "validation_avg_recall": 0.8374982882546529,
    "validation_min_recall": 0.3560442110157203
}