{
    "train_loss": 0.017325869303915588,
    "train_accuracy": 0.9972587719298254,
    "train_avg_precision": 0.9949404224754519,
    "train_min_precision": 0.9531056263723254,
    "train_avg_recall": 0.9960308428230022,
    "train_min_recall": 0.9638517848815522,
    "validation_loss": 0.7060781963169578,
    "validation_accuracy": 0.8416015625000001,
    "validation_avg_precision": 0.8520208632465066,
    "validation_min_precision": 0.6073453898803862,
    "validation_avg_recall": 0.8434372113742465,
    "validation_min_recall": 0.3596925600698849
}