{
    "train_loss": 0.038275800138842624,
    "train_accuracy": 0.988966557017545,
    "train_avg_precision": 0.9817906150923885,
    "train_min_precision": 0.8726769028958032,
    "train_avg_recall": 0.9915645146727037,
    "train_min_recall": 0.9407660280632086,
    "validation_loss": 0.6561711415648463,
    "validation_accuracy": 0.8392578124999998,
    "validation_avg_precision": 0.8438081507300131,
    "validation_min_precision": 0.6042990922388956,
    "validation_avg_recall": 0.8393727961790112,
    "validation_min_recall": 0.352778002849444
}