{
    "train_loss": 0.036642654864280894,
    "train_accuracy": 0.9894462719298258,
    "train_avg_precision": 0.9784479805467439,
    "train_min_precision": 0.8409856052170708,
    "train_avg_recall": 0.9921953935253511,
    "train_min_recall": 0.9456779602764878,
    "validation_loss": 0.6477819407358765,
    "validation_accuracy": 0.8450195312500001,
    "validation_avg_precision": 0.8504584206135499,
    "validation_min_precision": 0.6283334569764641,
    "validation_avg_recall": 0.844532406594078,
    "validation_min_recall": 0.38949926496658016
}