{
    "train_loss": 0.01739675468324047,
    "train_accuracy": 0.9972587719298258,
    "train_avg_precision": 0.996489026735256,
    "train_min_precision": 0.9691375203833825,
    "train_avg_recall": 0.9975689531807255,
    "train_min_recall": 0.9792134584522603,
    "validation_loss": 0.7066406190395356,
    "validation_accuracy": 0.8403320312499999,
    "validation_avg_precision": 0.8443623139256722,
    "validation_min_precision": 0.5952353744985774,
    "validation_avg_recall": 0.8404769830929126,
    "validation_min_recall": 0.3468131249286788
}