{
    "train_loss": 0.0164823486437008,
    "train_accuracy": 0.9976699561403517,
    "train_avg_precision": 0.9961042012900903,
    "train_min_precision": 0.9629100615061015,
    "train_avg_recall": 0.99820003698851,
    "train_min_recall": 0.9833736802363682,
    "validation_loss": 0.6824217054992913,
    "validation_accuracy": 0.8470703124999999,
    "validation_avg_precision": 0.8509209354557816,
    "validation_min_precision": 0.6248376329286018,
    "validation_avg_recall": 0.8456860506869167,
    "validation_min_recall": 0.37954974820507154
}