{
    "train_loss": 0.033142502942498306,
    "train_accuracy": 0.9912280701754395,
    "train_avg_precision": 0.9846560245255469,
    "train_min_precision": 0.8807761922976689,
    "train_avg_recall": 0.9919026462314833,
    "train_min_recall": 0.9395387460755971,
    "validation_loss": 0.6727466024458406,
    "validation_accuracy": 0.8390624999999999,
    "validation_avg_precision": 0.8417059395238455,
    "validation_min_precision": 0.5903773504419989,
    "validation_avg_recall": 0.8346227667716088,
    "validation_min_recall": 0.3516769435062726
}