{
    "train_loss": 0.02613615138423547,
    "train_accuracy": 0.9932154605263168,
    "train_avg_precision": 0.9929183251147444,
    "train_min_precision": 0.9393310236886836,
    "train_avg_recall": 0.9944112420827125,
    "train_min_recall": 0.9521836285541148,
    "validation_loss": 0.6699054054915904,
    "validation_accuracy": 0.8440429687499998,
    "validation_avg_precision": 0.8495477996848202,
    "validation_min_precision": 0.6037954552409217,
    "validation_avg_recall": 0.8447452909606974,
    "validation_min_recall": 0.3762759333090073
}