{
    "train_loss": 0.017168584336902493,
    "train_accuracy": 0.9973958333333346,
    "train_avg_precision": 0.9958232472066191,
    "train_min_precision": 0.9622711719960371,
    "train_avg_recall": 0.9979907573921085,
    "train_min_recall": 0.9821823412666344,
    "validation_loss": 0.6959703452885151,
    "validation_accuracy": 0.8446289062500001,
    "validation_avg_precision": 0.8485333576243788,
    "validation_min_precision": 0.5999700979200001,
    "validation_avg_recall": 0.8442298157096945,
    "validation_min_recall": 0.3523955078808842
}