{
    "train_loss": 0.027589464919608935,
    "train_accuracy": 0.9921875000000011,
    "train_avg_precision": 0.9877984365285173,
    "train_min_precision": 0.8997691197304998,
    "train_avg_recall": 0.9902838266777754,
    "train_min_recall": 0.9186106067988968,
    "validation_loss": 0.7114676296710968,
    "validation_accuracy": 0.83779296875,
    "validation_avg_precision": 0.8432625106374423,
    "validation_min_precision": 0.588700196254095,
    "validation_avg_recall": 0.838055070882457,
    "validation_min_recall": 0.34515165316080637
}