{
    "train_loss": 0.053145175505625565,
    "train_accuracy": 0.9832217933838839,
    "train_avg_precision": 0.9550966346267132,
    "train_min_precision": 0.6968973970356698,
    "train_avg_recall": 0.976353106277397,
    "train_min_recall": 0.820593580566559,
    "validation_loss": 0.6110295601189136,
    "validation_accuracy": 0.8417968750000002,
    "validation_avg_precision": 0.843692158114854,
    "validation_min_precision": 0.6037246204102971,
    "validation_avg_recall": 0.8410210861756198,
    "validation_min_recall": 0.41111565989800103
}