{
    "train_loss": 0.016373816207704842,
    "train_accuracy": 0.9974360068639128,
    "train_avg_precision": 0.9963935570120948,
    "train_min_precision": 0.9662554871238825,
    "train_avg_recall": 0.9979566745097211,
    "train_min_recall": 0.9820361416994793,
    "validation_loss": 0.7634755760431289,
    "validation_accuracy": 0.8373046875000001,
    "validation_avg_precision": 0.8424628019139206,
    "validation_min_precision": 0.6046529062986159,
    "validation_avg_recall": 0.8364165985179064,
    "validation_min_recall": 0.35779935632351195
}