{
    "train_loss": 0.020793984423538577,
    "train_accuracy": 0.9956140350877205,
    "train_avg_precision": 0.9938198194922796,
    "train_min_precision": 0.9443031088787661,
    "train_avg_recall": 0.9966240484528963,
    "train_min_recall": 0.9701332156665621,
    "validation_loss": 0.6840772051364183,
    "validation_accuracy": 0.8445312499999998,
    "validation_avg_precision": 0.8482119678086963,
    "validation_min_precision": 0.5998173182753758,
    "validation_avg_recall": 0.8433921567085734,
    "validation_min_recall": 0.3464877111177891
}