{
    "train_loss": 0.04935182312405422,
    "train_accuracy": 0.985060307017545,
    "train_avg_precision": 0.9721597074028012,
    "train_min_precision": 0.8250877734016318,
    "train_avg_recall": 0.9850859428772136,
    "train_min_recall": 0.8980018739711573,
    "validation_loss": 0.6477026328444483,
    "validation_accuracy": 0.8394531249999997,
    "validation_avg_precision": 0.8449401506873088,
    "validation_min_precision": 0.594248843782645,
    "validation_avg_recall": 0.8386397821601006,
    "validation_min_recall": 0.3556777839506696
}