{
    "train_loss": 0.015648928258502694,
    "train_accuracy": 0.9976699561403517,
    "train_avg_precision": 0.9968013109085105,
    "train_min_precision": 0.9713420655676426,
    "train_avg_recall": 0.9980525438065289,
    "train_min_recall": 0.9822708816076795,
    "validation_loss": 0.7383138351142408,
    "validation_accuracy": 0.8392578125000001,
    "validation_avg_precision": 0.8437219127932816,
    "validation_min_precision": 0.585966599189126,
    "validation_avg_recall": 0.8404469451361092,
    "validation_min_recall": 0.35010057551437607
}