{
    "train_loss": 0.06283337051016195,
    "train_accuracy": 0.9804805653137083,
    "train_avg_precision": 0.9534823430385955,
    "train_min_precision": 0.7129113970521167,
    "train_avg_recall": 0.9749705181077345,
    "train_min_recall": 0.8123050906697263,
    "validation_loss": 0.6339243926107884,
    "validation_accuracy": 0.8375000000000001,
    "validation_avg_precision": 0.8392561843096885,
    "validation_min_precision": 0.5900239064370182,
    "validation_avg_recall": 0.837591709965078,
    "validation_min_recall": 0.36376392517775763
}