{
    "train_loss": 0.02157067911078532,
    "train_accuracy": 0.9954769736842117,
    "train_avg_precision": 0.99311947910892,
    "train_min_precision": 0.9388527650826977,
    "train_avg_recall": 0.9965404608414892,
    "train_min_recall": 0.9717409417149425,
    "validation_loss": 0.6718279667198659,
    "validation_accuracy": 0.8427734374999999,
    "validation_avg_precision": 0.8493872930747838,
    "validation_min_precision": 0.6220377573530483,
    "validation_avg_recall": 0.844239220454651,
    "validation_min_recall": 0.3795839237694526
}