{
    "train_loss": 0.016551372505266934,
    "train_accuracy": 0.9976014254385976,
    "train_avg_precision": 0.9956397664641286,
    "train_min_precision": 0.9589921605382481,
    "train_avg_recall": 0.9964184118617867,
    "train_min_recall": 0.9664200532756084,
    "validation_loss": 0.7152141146361827,
    "validation_accuracy": 0.8386718750000001,
    "validation_avg_precision": 0.8430975084068367,
    "validation_min_precision": 0.5887593510451756,
    "validation_avg_recall": 0.8400359126133743,
    "validation_min_recall": 0.3494288811667301
}