{
    "train_loss": 0.06736086325295142,
    "train_accuracy": 0.9782474103726848,
    "train_avg_precision": 0.9508383306015371,
    "train_min_precision": 0.7147787154366103,
    "train_avg_recall": 0.9790611869665402,
    "train_min_recall": 0.8593243021639191,
    "validation_loss": 0.6215521864593028,
    "validation_accuracy": 0.8402343749999998,
    "validation_avg_precision": 0.8466826697587538,
    "validation_min_precision": 0.6092881916467114,
    "validation_avg_recall": 0.8412917624468388,
    "validation_min_recall": 0.391997490387848
}