{
    "train_loss": 3.8430042407091927,
    "validation_loss": 3.8478032827377318,
    "train_variance": 10.532369613647461,
    "validation_variance": 13.425429344177246
}