{
    "train_loss": 3.1454391170950484,
    "validation_loss": 3.1719233989715576,
    "train_variance": 5.170533657073975,
    "validation_variance": 6.067893981933594
}