{
    "train_loss": 2.8418982337502867,
    "validation_loss": 2.9571616888046264,
    "train_variance": 8.51318359375,
    "validation_variance": 9.968544006347656
}