{
    "train_loss": 2.8399998216068045,
    "validation_loss": 2.930646944046021,
    "train_variance": 8.507370948791504,
    "validation_variance": 10.549558639526367
}