{
    "train_loss": 3.0928076519685628,
    "validation_loss": 3.1320141077041628,
    "train_variance": 5.4457688331604,
    "validation_variance": 5.944429397583008
}