{
    "train_loss": 5.699451586779425,
    "validation_loss": 5.623496341705322,
    "train_variance": 6.223990440368652,
    "validation_variance": 7.194919109344482
}