{
    "train_loss": 2.8580498779521273,
    "validation_loss": 2.9433485507965087,
    "train_variance": 7.915496349334717,
    "validation_variance": 9.37791919708252
}