{
    "train_loss": 2.830074997509226,
    "validation_loss": 2.940441727638245,
    "train_variance": 8.68673038482666,
    "validation_variance": 9.775615692138672
}