{
    "train_loss": 2.870658910975738,
    "validation_loss": 2.960004878044128,
    "train_variance": 7.190927982330322,
    "validation_variance": 8.09560775756836
}