{
    "train_loss": 3.970609597598805,
    "validation_loss": 3.910256481170654,
    "train_variance": 3.454782009124756,
    "validation_variance": 3.9284236431121826
}