{
    "train_loss": 3.081091011271757,
    "validation_loss": 3.1255613565444946,
    "train_variance": 5.831338405609131,
    "validation_variance": 6.590854644775391
}