{
    "train_loss": 3.409236551733577,
    "validation_loss": 3.4045678377151494,
    "train_variance": 5.634598731994629,
    "validation_variance": 5.60191535949707
}