{
    "train_loss": 3.113249986311968,
    "validation_loss": 3.168095135688782,
    "train_variance": 6.546533584594727,
    "validation_variance": 7.121331214904785
}