{
    "train_loss": 2.8134543699376744,
    "validation_loss": 2.9398168563842773,
    "train_variance": 9.77721881866455,
    "validation_variance": 11.146224975585938
}