{
    "train_loss": 3.8183730546165924,
    "validation_loss": 3.783772015571594,
    "train_variance": 5.928119659423828,
    "validation_variance": 6.3304762840271
}