{
    "train_loss": 2.8490070791805486,
    "validation_loss": 2.954069209098815,
    "train_variance": 8.436326026916504,
    "validation_variance": 9.438539505004883
}