train_accuracy,train_loss,validation_accuracy,validation_loss
0.875,0.4092733860015869,0.625,1.1597399711608887
0.9765625,0.176319420337677,0.75,0.563826322555542
0.96875,0.22096127271652222,0.75,0.8690277338027954
