{
    "train_accuracy": 0.859375,
    "train_loss": 0.6336126327514648,
    "validation_accuracy": 0.375,
    "validation_loss": 1.5054676532745361
}