{
    "train_accuracy": 0.8046875,
    "train_loss": 0.6782139539718628,
    "validation_accuracy": 0.625,
    "validation_loss": 1.313293695449829
}