{
    "train_accuracy": 0.828125,
    "train_loss": 0.43872252106666565,
    "validation_accuracy": 0.8515625,
    "validation_loss": 0.4395133852958679
}