{
    "train_accuracy": 0.625,
    "train_loss": 1.1117202043533325,
    "validation_accuracy": 0.5625,
    "validation_loss": 1.386317491531372
}