{
    "train_accuracy": 0.84375,
    "train_loss": 0.6531932950019836,
    "validation_accuracy": 0.6875,
    "validation_loss": 1.1183931827545166
}