{
    "train_accuracy": 0.85546875,
    "train_loss": 0.39334845542907715,
    "validation_accuracy": 0.8359375,
    "validation_loss": 0.4511619508266449
}