{
    "train_accuracy": 0.46484375,
    "train_loss": 1.460848331451416,
    "validation_accuracy": 0.4765625,
    "validation_loss": 1.4374210834503174
}