{
    "train_accuracy": 0.765625,
    "train_loss": 0.7281522750854492,
    "validation_accuracy": 0.6875,
    "validation_loss": 0.8813731074333191
}