{
    "train_accuracy": 0.96875,
    "train_loss": 0.22096127271652222,
    "validation_accuracy": 0.75,
    "validation_loss": 0.8690277338027954
}