{
    "train_accuracy": 0.5625,
    "train_loss": 1.1802408695220947,
    "validation_accuracy": 0.375,
    "validation_loss": 1.5865262746810913
}