{
    "train_accuracy": 0.796875,
    "train_loss": 0.6662037372589111,
    "validation_accuracy": 0.5,
    "validation_loss": 1.0432833433151245
}