{
    "train_accuracy": 0.625,
    "train_loss": 1.025026798248291,
    "validation_accuracy": 0.6875,
    "validation_loss": 1.0221837759017944
}