{
    "train_accuracy": 0.8359375,
    "train_loss": 0.427600622177124,
    "validation_accuracy": 0.8125,
    "validation_loss": 0.5157288312911987
}