{
    "train_accuracy": 0.826171875,
    "train_loss": 0.5410779714584351,
    "validation_accuracy": 0.833984375,
    "validation_loss": 0.5183911919593811
}