{
    "train_accuracy": 0.7421875,
    "train_loss": 0.7468297481536865,
    "validation_accuracy": 0.6875,
    "validation_loss": 1.0294269323349
}