{
    "train_accuracy": 0.7734375,
    "train_loss": 0.7386258244514465,
    "validation_accuracy": 0.8125,
    "validation_loss": 0.9654176235198975
}