{
    "train_accuracy": 0.3984375,
    "train_loss": 1.5638713836669922,
    "validation_accuracy": 0.3125,
    "validation_loss": 1.4880969524383545
}