{
    "train_accuracy": 0.8046875,
    "train_loss": 0.6182795166969299,
    "validation_accuracy": 0.6875,
    "validation_loss": 1.1102724075317383
}