{
    "train_accuracy": 0.908203125,
    "train_loss": 0.2582179009914398,
    "validation_accuracy": 0.861328125,
    "validation_loss": 0.3784952461719513
}