{
    "train_accuracy": 0.63671875,
    "train_loss": 1.0626274347305298,
    "validation_accuracy": 0.607421875,
    "validation_loss": 1.1571277379989624
}