{
    "train_accuracy": 0.59765625,
    "train_loss": 1.1765949726104736,
    "validation_accuracy": 0.595703125,
    "validation_loss": 1.2144566774368286
}