{
    "train_accuracy": 0.740234375,
    "train_loss": 0.7416893839836121,
    "validation_accuracy": 0.73046875,
    "validation_loss": 0.9037900567054749
}