{
    "train_accuracy": 0.701171875,
    "train_loss": 0.9044381380081177,
    "validation_accuracy": 0.650390625,
    "validation_loss": 0.9904730319976807
}