{
    "train_accuracy": 0.8046875,
    "train_loss": 0.5678858757019043,
    "validation_accuracy": 0.76171875,
    "validation_loss": 0.6776710152626038
}