{
    "train_accuracy": 0.837890625,
    "train_loss": 0.4395126402378082,
    "validation_accuracy": 0.796875,
    "validation_loss": 0.6058468818664551
}