{
    "train_accuracy": 0.3359375,
    "train_loss": 1.9994667768478394,
    "validation_accuracy": 0.314453125,
    "validation_loss": 2.8302993774414062
}