{
    "train_accuracy": 0.54296875,
    "train_loss": 1.2752584218978882,
    "validation_accuracy": 0.5390625,
    "validation_loss": 1.292764663696289
}