{
    "train_accuracy": 0.79296875,
    "train_loss": 0.6215860843658447,
    "validation_accuracy": 0.765625,
    "validation_loss": 0.7095614671707153
}