{
    "train_accuracy": 0.427734375,
    "train_loss": 1.604827642440796,
    "validation_accuracy": 0.4296875,
    "validation_loss": 1.571171522140503
}