{
    "train_accuracy": 0.5859375,
    "train_loss": 1.2412261962890625,
    "validation_accuracy": 0.568359375,
    "validation_loss": 1.211150050163269
}