{
    "train_accuracy": 0.775390625,
    "train_loss": 0.6535946130752563,
    "validation_accuracy": 0.75,
    "validation_loss": 0.7690433263778687
}