{
    "train_accuracy": 0.8125,
    "train_loss": 0.5249954462051392,
    "validation_accuracy": 0.771484375,
    "validation_loss": 0.6530376672744751
}