{
    "train_accuracy": 0.78515625,
    "train_loss": 0.6586124300956726,
    "validation_accuracy": 0.724609375,
    "validation_loss": 0.7612309455871582
}