{
    "train_accuracy": 0.54296875,
    "train_loss": 1.271117925643921,
    "validation_accuracy": 0.53515625,
    "validation_loss": 1.2198985815048218
}