{
    "train_accuracy": 0.712890625,
    "train_loss": 0.812023401260376,
    "validation_accuracy": 0.734375,
    "validation_loss": 0.8357180953025818
}