{
    "train_accuracy": 0.697265625,
    "train_loss": 0.8408984541893005,
    "validation_accuracy": 0.64453125,
    "validation_loss": 1.1030734777450562
}