{
    "train_accuracy": 0.87890625,
    "train_loss": 0.3359955847263336,
    "validation_accuracy": 0.810546875,
    "validation_loss": 0.5279384851455688
}