{
    "train_accuracy": 0.78125,
    "train_loss": 0.6351712942123413,
    "validation_accuracy": 0.736328125,
    "validation_loss": 0.7655297517776489
}