{
    "train_accuracy": 0.501953125,
    "train_loss": 1.4508376121520996,
    "validation_accuracy": 0.47265625,
    "validation_loss": 1.5105870962142944
}