{
    "train_accuracy": 0.751953125,
    "train_loss": 0.6994040012359619,
    "validation_accuracy": 0.712890625,
    "validation_loss": 0.8312658071517944
}