{
    "train_accuracy": 0.6875,
    "train_loss": 0.856019139289856,
    "validation_accuracy": 0.619140625,
    "validation_loss": 1.0580344200134277
}