{
    "train_accuracy": 0.640625,
    "train_loss": 0.9808242321014404,
    "validation_accuracy": 0.6328125,
    "validation_loss": 1.040582299232483
}