{
    "train_accuracy": 0.50390625,
    "train_loss": 1.3839681148529053,
    "validation_accuracy": 0.474609375,
    "validation_loss": 1.523908019065857
}