{
    "train_accuracy": 0.82421875,
    "train_loss": 0.5180433392524719,
    "validation_accuracy": 0.779296875,
    "validation_loss": 0.7851602435112
}