{
    "train_accuracy": 0.841796875,
    "train_loss": 0.45514634251594543,
    "validation_accuracy": 0.806640625,
    "validation_loss": 0.5925981998443604
}