{
    "train_accuracy": 0.822265625,
    "train_loss": 0.5486153364181519,
    "validation_accuracy": 0.779296875,
    "validation_loss": 0.7021580338478088
}