{
    "train_accuracy": 0.59765625,
    "train_loss": 1.102450966835022,
    "validation_accuracy": 0.640625,
    "validation_loss": 0.9700636863708496
}