{
    "train_accuracy": 0.75390625,
    "train_loss": 0.7807106971740723,
    "validation_accuracy": 0.72265625,
    "validation_loss": 0.7801053524017334
}