{
    "train_accuracy": 0.859375,
    "train_loss": 0.43602827191352844,
    "validation_accuracy": 0.8125,
    "validation_loss": 0.5746094584465027
}