{
    "train_accuracy": 0.7578125,
    "train_loss": 0.6950491666793823,
    "validation_accuracy": 0.73828125,
    "validation_loss": 0.8121649026870728
}