{
    "train_accuracy": 0.83203125,
    "train_loss": 0.4914487898349762,
    "validation_accuracy": 0.796875,
    "validation_loss": 0.5762346982955933
}