{
    "train_accuracy": 0.830078125,
    "train_loss": 0.47052574157714844,
    "validation_accuracy": 0.81640625,
    "validation_loss": 0.5825770497322083
}