{
    "train_accuracy": 0.677734375,
    "train_loss": 0.9373095035552979,
    "validation_accuracy": 0.693359375,
    "validation_loss": 0.9508011341094971
}