{
    "train_accuracy": 0.9921875,
    "train_loss": 0.034460701048374176,
    "validation_accuracy": 0.701923131942749,
    "validation_loss": 1.5374891757965088
}