{
    "train_accuracy": 1.0,
    "train_loss": 0.003925419878214598,
    "validation_accuracy": 0.7211538553237915,
    "validation_loss": 1.8605473041534424
}