{
    "train_accuracy": 1.0,
    "train_loss": 0.0005371084553189576,
    "validation_accuracy": 0.701923131942749,
    "validation_loss": 1.7463316917419434
}