{
    "train_accuracy": 1.0,
    "train_loss": 0.002226419048383832,
    "validation_accuracy": 0.7211538553237915,
    "validation_loss": 1.1259765625
}