{
    "train_accuracy": 1.0,
    "train_loss": 0.004634424112737179,
    "validation_accuracy": 0.6634615659713745,
    "validation_loss": 2.1555821895599365
}