{
    "train_accuracy": 0.984375,
    "train_loss": 0.04533739015460014,
    "validation_accuracy": 0.759615421295166,
    "validation_loss": 0.8482723236083984
}