{
    "train_loss": 3.058581923343697,
    "train_zero_shot_top_1": 0.0,
    "train_zero_shot_top_2": 0.0,
    "validation_loss": 6.576385888186369,
    "validation_zero_shot_top_1": 0.2810397193996277,
    "validation_zero_shot_top_2": 0.683327111774744,
    "train_variance": 1.922571063041687,
    "validation_variance": 91.8528823852539
}