{
    "train_loss": 4.093214542890082,
    "train_zero_shot_top_1": 0.0,
    "train_zero_shot_top_2": 0.0,
    "validation_loss": 6.173957261172209,
    "validation_zero_shot_top_1": 0.2808155008920261,
    "validation_zero_shot_top_2": 0.6744044271641328,
    "train_variance": 21.657636642456055,
    "validation_variance": 19.71746253967285
}