{
    "train_loss": 0.02855508478228436,
    "train_accuracy": 0.9993095930232537,
    "train_avg_precision": 0.9993313040681276,
    "train_min_precision": 0.9933130406812964,
    "train_avg_recall": 0.999608725576899,
    "train_min_recall": 0.9960872557690102,
    "validation_loss": 1.4248897229568869,
    "validation_accuracy": 0.6194620253164557,
    "validation_avg_precision": 0.6345868895113538,
    "validation_min_precision": 0.3518427063213198,
    "validation_avg_recall": 0.6179507167941521,
    "validation_min_recall": 0.25069647272999346,
    "train_variance": 1.951471209526062,
    "validation_variance": 699.8164672851562
}