{
    "train_loss": 0.06733146008363991,
    "train_accuracy": 0.9919331395348846,
    "train_avg_precision": 0.9917882587566765,
    "train_min_precision": 0.9382609017574608,
    "train_avg_recall": 0.9943750916840296,
    "train_min_recall": 0.9581496558074691,
    "validation_loss": 1.4128248087967497,
    "validation_accuracy": 0.6101661392405068,
    "validation_avg_precision": 0.6399458513074717,
    "validation_min_precision": 0.3509400629394165,
    "validation_avg_recall": 0.6100959054837579,
    "validation_min_recall": 0.22704776646413607,
    "train_variance": 8.483346939086914,
    "validation_variance": 567.0542602539062
}