{
    "train_loss": 1.1707507854284234,
    "train_accuracy": 0.5992342269697856,
    "train_avg_precision": 0.5974497023756141,
    "train_min_precision": 0.17690141114756938,
    "train_avg_recall": 0.6149878504044578,
    "train_min_recall": 0.21889486489785176,
    "validation_loss": 1.3798542067974426,
    "validation_accuracy": 0.504746835443038,
    "validation_avg_precision": 0.5498041233476517,
    "validation_min_precision": 0.22274413785130853,
    "validation_avg_recall": 0.5016220644647772,
    "validation_min_recall": 0.18577265750669758,
    "train_variance": 74.97209930419922,
    "validation_variance": 112.99747467041016
}