{
    "train_accuracy": 1.0,
    "train_avg_precision": 1.0,
    "train_min_precision": 1.0,
    "train_avg_recall": 1.0,
    "train_min_recall": 1.0,
    "train_loss": 0.02784471958875656,
    "validation_accuracy": 0.6875,
    "validation_avg_precision": 0.611111111111111,
    "validation_min_precision": 0.0,
    "validation_avg_recall": 0.7222222222222222,
    "validation_min_recall": 0.0,
    "validation_loss": 0.9537334442138672,
    "train_variance": 1.993135929107666,
    "validation_variance": 716.1434936523438
}