{
    "train_loss": 0.032473669435049216,
    "train_accuracy": 0.9985465116279051,
    "train_avg_precision": 0.998362951763552,
    "train_min_precision": 0.985898129012681,
    "train_avg_recall": 0.9991244106970563,
    "train_min_recall": 0.9924030456489021,
    "validation_loss": 1.4122639841671238,
    "validation_accuracy": 0.625,
    "validation_avg_precision": 0.6448591788410751,
    "validation_min_precision": 0.37600880224964195,
    "validation_avg_recall": 0.6245674946907949,
    "validation_min_recall": 0.26438667090291496,
    "train_variance": 3.2409698963165283,
    "validation_variance": 827.3236694335938
}