{
    "train_loss": 0.08485298997094463,
    "train_accuracy": 0.9868392012840103,
    "train_avg_precision": 0.9850395715147376,
    "train_min_precision": 0.8986599885332979,
    "train_avg_recall": 0.9905425046753304,
    "train_min_recall": 0.9394208874568634,
    "validation_loss": 1.3946727378458919,
    "validation_accuracy": 0.6115506329113926,
    "validation_avg_precision": 0.6350380110021838,
    "validation_min_precision": 0.35964174831815104,
    "validation_avg_recall": 0.6104975572573881,
    "validation_min_recall": 0.24342207146661066,
    "train_variance": 15.22861099243164,
    "validation_variance": 657.2998657226562
}