{
    "train_accuracy": 0.7592592835426331,
    "train_avg_precision": 0.7625596625596625,
    "train_min_precision": 0.38461538461538464,
    "train_avg_recall": 0.7914502164502164,
    "train_min_recall": 0.5454545454545454,
    "train_loss": 0.6662505865097046,
    "validation_accuracy": 0.6875,
    "validation_avg_precision": 0.7037037037037036,
    "validation_min_precision": 0.0,
    "validation_avg_recall": 0.7222222222222222,
    "validation_min_recall": 0.0,
    "validation_loss": 1.4014782905578613,
    "train_variance": 78.8680191040039,
    "validation_variance": 247.81771850585938
}