{
    "train_loss": 1.0956774304079455,
    "train_accuracy": 0.6267953273861913,
    "train_avg_precision": 0.6008335675347837,
    "train_min_precision": 0.17945710906572127,
    "train_avg_recall": 0.6188604891185745,
    "train_min_recall": 0.24742473581733312,
    "validation_loss": 1.3578674325460123,
    "validation_accuracy": 0.5139438291139241,
    "validation_avg_precision": 0.5409788135436904,
    "validation_min_precision": 0.23913511862317524,
    "validation_avg_recall": 0.5116190148055667,
    "validation_min_recall": 0.20402448233012183,
    "train_variance": 89.09795379638672,
    "validation_variance": 140.92556762695312
}