{
    "train_accuracy": 0.5833333134651184,
    "train_avg_precision": 0.5823809523809523,
    "train_min_precision": 0.16666666666666666,
    "train_avg_recall": 0.6506038324420677,
    "train_min_recall": 0.3333333333333333,
    "train_loss": 1.1426628828048706,
    "validation_accuracy": 0.5,
    "validation_avg_precision": 0.4083333333333333,
    "validation_min_precision": 0.0,
    "validation_avg_recall": 0.35416666666666663,
    "validation_min_recall": 0.0,
    "validation_loss": 1.2738372087478638,
    "train_variance": 73.32903289794922,
    "validation_variance": 113.44097137451172
}