{
    "train_accuracy": 0.6574074029922485,
    "train_avg_precision": 0.5944435817805384,
    "train_min_precision": 0.0,
    "train_avg_recall": 0.6033345004668534,
    "train_min_recall": 0.0,
    "train_loss": 0.9465572834014893,
    "validation_accuracy": 0.625,
    "validation_avg_precision": 0.7296296296296296,
    "validation_min_precision": 0.0,
    "validation_avg_recall": 0.6481481481481481,
    "validation_min_recall": 0.0,
    "validation_loss": 1.5065264701843262,
    "train_variance": 79.6452865600586,
    "validation_variance": 185.21461486816406
}