{
    "train_loss": 0.02806900899943917,
    "train_accuracy": 0.9991642441860445,
    "train_avg_precision": 0.9992170799781455,
    "train_min_precision": 0.9931822058316414,
    "train_avg_recall": 0.9995133409536008,
    "train_min_recall": 0.9954057527541081,
    "validation_loss": 1.4256793366202825,
    "validation_accuracy": 0.6181764240506331,
    "validation_avg_precision": 0.6365309703527308,
    "validation_min_precision": 0.38809048360425896,
    "validation_avg_recall": 0.6187066963961683,
    "validation_min_recall": 0.26792373259238494,
    "train_variance": 1.99924635887146,
    "validation_variance": 715.17529296875
}