{
    "train_loss": 0.03534028433956382,
    "train_accuracy": 0.9980014534883708,
    "train_avg_precision": 0.9978484465988301,
    "train_min_precision": 0.9808981103898302,
    "train_avg_recall": 0.9987721729697645,
    "train_min_recall": 0.9895401558836683,
    "validation_loss": 1.4050545918790602,
    "validation_accuracy": 0.6232199367088607,
    "validation_avg_precision": 0.6400043989123751,
    "validation_min_precision": 0.3549766984266535,
    "validation_avg_recall": 0.6200656462046208,
    "validation_min_recall": 0.24730747039012135,
    "train_variance": 3.844921112060547,
    "validation_variance": 807.1358032226562
}