{
    "train_loss": 0.3464979550173117,
    "train_accuracy": 0.8989448752514152,
    "train_avg_precision": 0.8737207760499177,
    "train_min_precision": 0.5911746685447102,
    "train_avg_recall": 0.905456466847942,
    "train_min_recall": 0.6919317604745104,
    "validation_loss": 1.2615578431117382,
    "validation_accuracy": 0.60245253164557,
    "validation_avg_precision": 0.6103639209614152,
    "validation_min_precision": 0.33351279972395326,
    "validation_avg_recall": 0.6004698098270881,
    "validation_min_recall": 0.28394148790992074,
    "train_variance": 51.035362243652344,
    "validation_variance": 331.65911865234375
}