{
    "train_loss": 0.1112683179593363,
    "train_accuracy": 0.9800804803537779,
    "train_avg_precision": 0.9780301829739623,
    "train_min_precision": 0.8735561950293345,
    "train_avg_recall": 0.9858080073139592,
    "train_min_recall": 0.9149856906713212,
    "validation_loss": 1.3397672583785238,
    "validation_accuracy": 0.6154074367088608,
    "validation_avg_precision": 0.6342201887629186,
    "validation_min_precision": 0.3368944521338025,
    "validation_avg_recall": 0.6138779205971668,
    "validation_min_recall": 0.26683251796950513,
    "train_variance": 13.896696090698242,
    "validation_variance": 512.928955078125
}