{
    "train_loss": 0.8683076306831002,
    "train_accuracy": 0.7037481158278708,
    "train_avg_precision": 0.6952734412716609,
    "train_min_precision": 0.24420016700037853,
    "train_avg_recall": 0.7262031615074522,
    "train_min_recall": 0.28461898167618527,
    "validation_loss": 1.2939607825460318,
    "validation_accuracy": 0.5599287974683546,
    "validation_avg_precision": 0.6036542656274392,
    "validation_min_precision": 0.27600196096473617,
    "validation_avg_recall": 0.5605150059837962,
    "validation_min_recall": 0.22093391764101494,
    "train_variance": 78.3655014038086,
    "validation_variance": 181.57423400878906
}