{
    "train_accuracy": 0.9907407760620117,
    "train_avg_precision": 0.9947368421052633,
    "train_min_precision": 0.9473684210526315,
    "train_avg_recall": 0.9954545454545456,
    "train_min_recall": 0.9545454545454546,
    "train_loss": 0.05635138228535652,
    "validation_accuracy": 0.625,
    "validation_avg_precision": 0.7314814814814815,
    "validation_min_precision": 0.0,
    "validation_avg_recall": 0.7055555555555555,
    "validation_min_recall": 0.0,
    "validation_loss": 1.7058321237564087,
    "train_variance": 5.485735893249512,
    "validation_variance": 648.35498046875
}