{
    "train_loss": 0.41508134513400335,
    "train_accuracy": 0.8663530901420945,
    "train_avg_precision": 0.8475098164801734,
    "train_min_precision": 0.5358520133902875,
    "train_avg_recall": 0.8723748195086494,
    "train_min_recall": 0.6165111720859271,
    "validation_loss": 1.332841361625285,
    "validation_accuracy": 0.5941455696202536,
    "validation_avg_precision": 0.6122098316944448,
    "validation_min_precision": 0.32235259812428485,
    "validation_avg_recall": 0.5954782663781099,
    "validation_min_recall": 0.24245722875779402,
    "train_variance": 74.92465209960938,
    "validation_variance": 388.0051574707031
}