{
    "train_loss": 0.049916704536177414,
    "train_accuracy": 0.9955601315165673,
    "train_avg_precision": 0.9950168142486413,
    "train_min_precision": 0.9592670344213086,
    "train_avg_recall": 0.9969604169337577,
    "train_min_recall": 0.974991465046362,
    "validation_loss": 1.3905789957770816,
    "validation_accuracy": 0.6195609177215191,
    "validation_avg_precision": 0.6437903560135703,
    "validation_min_precision": 0.35551061738688583,
    "validation_avg_recall": 0.6164745283084696,
    "validation_min_recall": 0.2659493380738042,
    "train_variance": 6.194133281707764,
    "validation_variance": 748.8211059570312
}