{
    "train_loss": 0.052037326133874955,
    "train_accuracy": 0.9952694338421488,
    "train_avg_precision": 0.9950581783163751,
    "train_min_precision": 0.9577299621324351,
    "train_avg_recall": 0.9968487572798073,
    "train_min_recall": 0.9730493987869702,
    "validation_loss": 1.3895285227630711,
    "validation_accuracy": 0.6166930379746836,
    "validation_avg_precision": 0.637283101534763,
    "validation_min_precision": 0.3396798942748704,
    "validation_avg_recall": 0.6159204355015937,
    "validation_min_recall": 0.26021049900620397,
    "train_variance": 5.374785900115967,
    "validation_variance": 640.13671875
}