{
    "train_loss": 0.13840279308862466,
    "train_accuracy": 0.9699652777161708,
    "train_avg_precision": 0.9636652269221192,
    "train_min_precision": 0.8070918798029688,
    "train_avg_recall": 0.9761981419728525,
    "train_min_recall": 0.8763137907829952,
    "validation_loss": 1.3385157343707508,
    "validation_accuracy": 0.619165348101266,
    "validation_avg_precision": 0.6393227445440725,
    "validation_min_precision": 0.3606814911925232,
    "validation_avg_recall": 0.6191321670811322,
    "validation_min_recall": 0.2834980389429384,
    "train_variance": 23.5343074798584,
    "validation_variance": 601.9317016601562
}