{
    "train_loss": 0.030793782349589256,
    "train_accuracy": 0.9988735465116261,
    "train_avg_precision": 0.9988567085713331,
    "train_min_precision": 0.9892156528325072,
    "train_avg_recall": 0.999300600812278,
    "train_min_recall": 0.9934399841381728,
    "validation_loss": 1.4066390825223323,
    "validation_accuracy": 0.621242088607595,
    "validation_avg_precision": 0.6312974131299611,
    "validation_min_precision": 0.33858594932780783,
    "validation_avg_recall": 0.6184978778346693,
    "validation_min_recall": 0.23179468624368116,
    "train_variance": 2.347956895828247,
    "validation_variance": 708.4759521484375
}