{
    "train_loss": 0.29844907653886205,
    "train_accuracy": 0.9060279394305034,
    "train_avg_precision": 0.9113487951115742,
    "train_min_precision": 0.661628766159166,
    "train_avg_recall": 0.9040369550441908,
    "train_min_recall": 0.63870786750789,
    "validation_loss": 1.4308326863035377,
    "validation_accuracy": 0.5822784810126582,
    "validation_avg_precision": 0.618535283325977,
    "validation_min_precision": 0.29684348874517413,
    "validation_avg_recall": 0.584925436882668,
    "validation_min_recall": 0.1493403917802359,
    "train_variance": 74.36720275878906,
    "validation_variance": 465.5751647949219
}