{
    "train_accuracy": 0.9537037014961243,
    "train_avg_precision": 0.9518939393939394,
    "train_min_precision": 0.8181818181818182,
    "train_avg_recall": 0.9678390688259111,
    "train_min_recall": 0.8461538461538461,
    "train_loss": 0.18688558042049408,
    "validation_accuracy": 0.625,
    "validation_avg_precision": 0.5499999999999999,
    "validation_min_precision": 0.0,
    "validation_avg_recall": 0.48333333333333334,
    "validation_min_recall": 0.0,
    "validation_loss": 1.8004004955291748,
    "train_variance": 23.192323684692383,
    "validation_variance": 488.9985656738281
}