{
    "train_accuracy": 1.0,
    "train_avg_precision": 1.0,
    "train_min_precision": 1.0,
    "train_avg_recall": 1.0,
    "train_min_recall": 1.0,
    "train_loss": 0.04674660786986351,
    "validation_accuracy": 0.6875,
    "validation_avg_precision": 0.6851851851851851,
    "validation_min_precision": 0.0,
    "validation_avg_recall": 0.5925925925925926,
    "validation_min_recall": 0.0,
    "validation_loss": 0.7004680037498474,
    "train_variance": 3.7004435062408447,
    "validation_variance": 700.9727783203125
}