{
    "train_accuracy": 0.9629629850387573,
    "train_avg_precision": 0.9609765234765234,
    "train_min_precision": 0.8571428571428571,
    "train_avg_recall": 0.9655219780219781,
    "train_min_recall": 0.8571428571428571,
    "train_loss": 0.1937800645828247,
    "validation_accuracy": 0.5625,
    "validation_avg_precision": 0.4666666666666666,
    "validation_min_precision": 0.0,
    "validation_avg_recall": 0.6166666666666666,
    "validation_min_recall": 0.0,
    "validation_loss": 1.1321086883544922,
    "train_variance": 46.560829162597656,
    "validation_variance": 404.283203125
}