{
    "train_loss": 0.035514775689604657,
    "train_accuracy": 0.99842404182567,
    "train_avg_precision": 0.9981725594963378,
    "train_min_precision": 0.9829296799057086,
    "train_avg_recall": 0.9985748132314438,
    "train_min_recall": 0.98610564412237,
    "validation_loss": 1.4121370081660118,
    "validation_accuracy": 0.6204509493670888,
    "validation_avg_precision": 0.6378459970352347,
    "validation_min_precision": 0.37799611269777805,
    "validation_avg_recall": 0.6206485763321891,
    "validation_min_recall": 0.2565966839720613,
    "train_variance": 2.8465678691864014,
    "validation_variance": 669.2193603515625
}