{
    "train_accuracy": 0.9074074029922485,
    "train_avg_precision": 0.8996825396825396,
    "train_min_precision": 0.6,
    "train_avg_recall": 0.9083791208791209,
    "train_min_recall": 0.6666666666666666,
    "train_loss": 0.4344346523284912,
    "validation_accuracy": 0.6875,
    "validation_avg_precision": 0.5833333333333333,
    "validation_min_precision": 0.0,
    "validation_avg_recall": 0.6851851851851851,
    "validation_min_recall": 0.0,
    "validation_loss": 1.1940393447875977,
    "train_variance": 49.21515655517578,
    "validation_variance": 325.5087585449219
}