{
    "train_loss": 0.18593723905640985,
    "train_accuracy": 0.9549512813257606,
    "train_avg_precision": 0.9481365974895859,
    "train_min_precision": 0.7664100378305871,
    "train_avg_recall": 0.9632424698082768,
    "train_min_recall": 0.8481675160053056,
    "validation_loss": 1.3268692591522313,
    "validation_accuracy": 0.6104628164556964,
    "validation_avg_precision": 0.6329993467111124,
    "validation_min_precision": 0.35438485043062395,
    "validation_avg_recall": 0.6080804510302555,
    "validation_min_recall": 0.26166663568346776,
    "train_variance": 35.32611083984375,
    "validation_variance": 540.8148803710938
}