{
    "train_loss": 0.14396377292483356,
    "train_accuracy": 0.9720297696978549,
    "train_avg_precision": 0.9683429073952768,
    "train_min_precision": 0.8333606748203355,
    "train_avg_recall": 0.9772701775162084,
    "train_min_recall": 0.8855845780882013,
    "validation_loss": 1.3148272346846666,
    "validation_accuracy": 0.6163963607594937,
    "validation_avg_precision": 0.6297660747041409,
    "validation_min_precision": 0.3615201139709313,
    "validation_avg_recall": 0.6144353856370312,
    "validation_min_recall": 0.2619847894199308,
    "train_variance": 20.559621810913086,
    "validation_variance": 459.18487548828125
}