{
    "train_accuracy": 1.0,
    "train_avg_precision": 1.0,
    "train_min_precision": 1.0,
    "train_avg_recall": 1.0,
    "train_min_recall": 1.0,
    "train_loss": 0.02405749447643757,
    "validation_accuracy": 0.5625,
    "validation_avg_precision": 0.5104166666666666,
    "validation_min_precision": 0.0,
    "validation_avg_recall": 0.53125,
    "validation_min_recall": 0.0,
    "validation_loss": 1.1766825914382935,
    "train_variance": 2.5586187839508057,
    "validation_variance": 717.5442504882812
}