{
    "train_loss": 0.6421781186447588,
    "train_accuracy": 0.7820763349533079,
    "train_avg_precision": 0.7845626295080965,
    "train_min_precision": 0.3959009312149974,
    "train_avg_recall": 0.8054874676891373,
    "train_min_recall": 0.43690311104962243,
    "validation_loss": 1.3231766193727899,
    "validation_accuracy": 0.5653678797468357,
    "validation_avg_precision": 0.6179277533495807,
    "validation_min_precision": 0.29213876380489096,
    "validation_avg_recall": 0.5656855685430475,
    "validation_min_recall": 0.23483936245790665,
    "train_variance": 77.76201629638672,
    "validation_variance": 236.36575317382812
}