{
    "train_loss": 0.037833906233657226,
    "train_accuracy": 0.9976744186046499,
    "train_avg_precision": 0.9975756787824571,
    "train_min_precision": 0.9779268211287118,
    "train_avg_recall": 0.998498896475432,
    "train_min_recall": 0.9860310440511123,
    "validation_loss": 1.4037951517708689,
    "validation_accuracy": 0.6217365506329113,
    "validation_avg_precision": 0.6389830462261264,
    "validation_min_precision": 0.37170575180041604,
    "validation_avg_recall": 0.6225480612013743,
    "validation_min_recall": 0.24927099354686846,
    "train_variance": 4.293087005615234,
    "validation_variance": 805.6726684570312
}