{
    "train_loss": 0.8319110060847085,
    "train_accuracy": 0.7131702195766362,
    "train_avg_precision": 0.7091750204887046,
    "train_min_precision": 0.26082746582740873,
    "train_avg_recall": 0.7174682180264096,
    "train_min_recall": 0.3176830128051068,
    "validation_loss": 1.316644870782201,
    "validation_accuracy": 0.5434137658227851,
    "validation_avg_precision": 0.5933477869840126,
    "validation_min_precision": 0.276303294502151,
    "validation_avg_recall": 0.5468255043594672,
    "validation_min_recall": 0.21628912833844846,
    "train_variance": 94.40995025634766,
    "validation_variance": 206.90805053710938
}