{
    "train_loss": 0.6515008409818015,
    "train_accuracy": 0.790064465581325,
    "train_avg_precision": 0.6285246921314608,
    "train_min_precision": 0.01567013606948648,
    "train_avg_recall": 0.6821643352438128,
    "train_min_recall": 0.040293077655378755,
    "validation_loss": 0.9815062835812568,
    "validation_accuracy": 0.6636718749999999,
    "validation_avg_precision": 0.6174296433545196,
    "validation_min_precision": 0.0,
    "validation_avg_recall": 0.6646239041187985,
    "validation_min_recall": 0.0
}