{
    "train_loss": 0.24584985537487158,
    "train_accuracy": 0.907381938214888,
    "train_avg_precision": 0.7754532750392436,
    "train_min_precision": 0.141134676583593,
    "train_avg_recall": 0.859240758218531,
    "train_min_recall": 0.4066477213155106,
    "validation_loss": 0.501509128510952,
    "validation_accuracy": 0.8253906249999999,
    "validation_avg_precision": 0.8202900341442568,
    "validation_min_precision": 0.5436048191451299,
    "validation_avg_recall": 0.8254820103659164,
    "validation_min_recall": 0.4440493827179017
}