{
    "train_loss": 0.204725814493079,
    "train_accuracy": 0.9257647081425322,
    "train_avg_precision": 0.8224008423973601,
    "train_min_precision": 0.26630965965048126,
    "train_avg_recall": 0.8834247806551376,
    "train_min_recall": 0.4720443997947469,
    "validation_loss": 0.5170689605176447,
    "validation_accuracy": 0.8290039062500001,
    "validation_avg_precision": 0.8236427695045327,
    "validation_min_precision": 0.5709114516533127,
    "validation_avg_recall": 0.8288423049509885,
    "validation_min_recall": 0.3729081265368244
}