{
    "train_loss": 0.23424639278336573,
    "train_accuracy": 0.9143886116513039,
    "train_avg_precision": 0.808037348114442,
    "train_min_precision": 0.1925199774576506,
    "train_avg_recall": 0.8906991498680075,
    "train_min_recall": 0.5081838989624662,
    "validation_loss": 0.5217963278293609,
    "validation_accuracy": 0.8259765625,
    "validation_avg_precision": 0.8256544612155606,
    "validation_min_precision": 0.529422508608862,
    "validation_avg_recall": 0.8266179395856815,
    "validation_min_recall": 0.5020230438254412
}