{
    "train_loss": 0.2434259833473908,
    "train_accuracy": 0.9143886116513039,
    "train_avg_precision": 0.7773778957314339,
    "train_min_precision": 0.1804232804232804,
    "train_avg_recall": 0.8406442241964729,
    "train_min_recall": 0.29419146754999626,
    "validation_loss": 0.5156404703855516,
    "validation_accuracy": 0.8196289062499998,
    "validation_avg_precision": 0.8121457240439992,
    "validation_min_precision": 0.5491043316347977,
    "validation_avg_recall": 0.8160506071098302,
    "validation_min_recall": 0.28882073825297816
}