{
    "train_loss": 0.29508345639496514,
    "train_accuracy": 0.8956111993706019,
    "train_avg_precision": 0.7720187023419011,
    "train_min_precision": 0.09770639433952127,
    "train_avg_recall": 0.8262165732334731,
    "train_min_recall": 0.32914998496845543,
    "validation_loss": 0.5299497082829475,
    "validation_accuracy": 0.8016601562499999,
    "validation_avg_precision": 0.7969954842917614,
    "validation_min_precision": 0.47469193500201295,
    "validation_avg_recall": 0.7995407057402314,
    "validation_min_recall": 0.4480263898479576
}