{
    "train_loss": 0.23433313374979456,
    "train_accuracy": 0.9148801418772919,
    "train_avg_precision": 0.8098183845702754,
    "train_min_precision": 0.19624731993153047,
    "train_avg_recall": 0.8865589800853485,
    "train_min_recall": 0.49043297720923645,
    "validation_loss": 0.4974292408674956,
    "validation_accuracy": 0.8320312499999998,
    "validation_avg_precision": 0.8292559577811146,
    "validation_min_precision": 0.5370751447703966,
    "validation_avg_recall": 0.8320569980392005,
    "validation_min_recall": 0.47557228102630555
}