{
    "train_loss": 0.29149889396993744,
    "train_accuracy": 0.8895072403707002,
    "train_avg_precision": 0.7644269818028212,
    "train_min_precision": 0.07375973413125116,
    "train_avg_recall": 0.8255340899568154,
    "train_min_recall": 0.298892221471279,
    "validation_loss": 0.5522008322179319,
    "validation_accuracy": 0.7998046874999999,
    "validation_avg_precision": 0.8067090046518584,
    "validation_min_precision": 0.44071406989184775,
    "validation_avg_recall": 0.7997096188552683,
    "validation_min_recall": 0.46685661432744224
}