{
    "train_loss": 0.3380659039606127,
    "train_accuracy": 0.8695317224452367,
    "train_avg_precision": 0.7941063127285642,
    "train_min_precision": 0.07637437396090879,
    "train_avg_recall": 0.8638923465087713,
    "train_min_recall": 0.4497330786184556,
    "validation_loss": 0.554720351099968,
    "validation_accuracy": 0.8033203124999998,
    "validation_avg_precision": 0.8264554445655121,
    "validation_min_precision": 0.4074481024085077,
    "validation_avg_recall": 0.8021848706619702,
    "validation_min_recall": 0.46373079130691036
}