{
    "train_loss": 0.24663307661550074,
    "train_accuracy": 0.9075071843046895,
    "train_avg_precision": 0.8070684373714456,
    "train_min_precision": 0.16201709314590199,
    "train_avg_recall": 0.8923142625093695,
    "train_min_recall": 0.5455920684351665,
    "validation_loss": 0.5045301131904126,
    "validation_accuracy": 0.8268554687499999,
    "validation_avg_precision": 0.8292429732234841,
    "validation_min_precision": 0.5171956963045713,
    "validation_avg_recall": 0.829013206609003,
    "validation_min_recall": 0.524573598811451
}