{
    "train_loss": 0.33492057025432587,
    "train_accuracy": 0.8741280060065417,
    "train_avg_precision": 0.7675811546537655,
    "train_min_precision": 0.08451993111055035,
    "train_avg_recall": 0.8238770801300769,
    "train_min_recall": 0.34129515914827685,
    "validation_loss": 0.5755535222589968,
    "validation_accuracy": 0.7841796875,
    "validation_avg_precision": 0.7863696869327288,
    "validation_min_precision": 0.40596584533705005,
    "validation_avg_recall": 0.7804233077836751,
    "validation_min_recall": 0.4033487955499253
}