{
    "train_loss": 0.2147279273261104,
    "train_accuracy": 0.9237607759341865,
    "train_avg_precision": 0.7895004232118833,
    "train_min_precision": 0.14695535134131624,
    "train_avg_recall": 0.8252257967616313,
    "train_min_recall": 0.16282000547928524,
    "validation_loss": 0.5952319845557216,
    "validation_accuracy": 0.8005859375000002,
    "validation_avg_precision": 0.8076568927655147,
    "validation_min_precision": 0.49577799205657075,
    "validation_avg_recall": 0.7963706715066081,
    "validation_min_recall": 0.1286967040734282
}