{
    "train_loss": 0.2365706429669732,
    "train_accuracy": 0.9136064167608298,
    "train_avg_precision": 0.8018588885848021,
    "train_min_precision": 0.2022714614819878,
    "train_avg_recall": 0.8784981798603416,
    "train_min_recall": 0.4851465278876734,
    "validation_loss": 0.5078509904444217,
    "validation_accuracy": 0.8250000000000002,
    "validation_avg_precision": 0.8242895184324823,
    "validation_min_precision": 0.535742625378244,
    "validation_avg_recall": 0.8274075043785687,
    "validation_min_recall": 0.4645433206149945
}