{
    "train_loss": 0.25168182557089297,
    "train_accuracy": 0.9100428202696018,
    "train_avg_precision": 0.8021682248407369,
    "train_min_precision": 0.1681991010938379,
    "train_avg_recall": 0.853174457566389,
    "train_min_recall": 0.41863417517672635,
    "validation_loss": 0.533864901214838,
    "validation_accuracy": 0.8152343750000002,
    "validation_avg_precision": 0.8140394852616684,
    "validation_min_precision": 0.5216115384943748,
    "validation_avg_recall": 0.813874525621752,
    "validation_min_recall": 0.4680856865178242
}