{
    "train_loss": 0.3104425765443267,
    "train_accuracy": 0.8971708636534843,
    "train_avg_precision": 0.7625371617780076,
    "train_min_precision": 0.11990134621713568,
    "train_avg_recall": 0.820942703091798,
    "train_min_recall": 0.2824673555877085,
    "validation_loss": 0.5394810512661933,
    "validation_accuracy": 0.8046874999999999,
    "validation_avg_precision": 0.8010125161386961,
    "validation_min_precision": 0.4833514582522593,
    "validation_avg_recall": 0.8000412967078606,
    "validation_min_recall": 0.4131714879955338
}