{
    "train_loss": 0.25864956514877185,
    "train_accuracy": 0.9037379957081981,
    "train_avg_precision": 0.7939075549045458,
    "train_min_precision": 0.13565250538934748,
    "train_avg_recall": 0.8614514948374381,
    "train_min_recall": 0.41087895288395593,
    "validation_loss": 0.5332813277840615,
    "validation_accuracy": 0.8153320312500001,
    "validation_avg_precision": 0.8180877187428869,
    "validation_min_precision": 0.4866750999585616,
    "validation_avg_recall": 0.8127300973627387,
    "validation_min_recall": 0.48673661527991713
}