{
    "train_loss": 0.22418419337063497,
    "train_accuracy": 0.9161255108682737,
    "train_avg_precision": 0.7847155620944538,
    "train_min_precision": 0.15614351535404167,
    "train_avg_recall": 0.8537242504214393,
    "train_min_recall": 0.33639915073614235,
    "validation_loss": 0.5137442164123057,
    "validation_accuracy": 0.8279296875000001,
    "validation_avg_precision": 0.8247600822738915,
    "validation_min_precision": 0.5703942363302459,
    "validation_avg_recall": 0.8278304280296257,
    "validation_min_recall": 0.40460993463192624
}