{
    "train_loss": 0.3815256984610306,
    "train_accuracy": 0.8791189319209045,
    "train_avg_precision": 0.7025526144120653,
    "train_min_precision": 0.034234341509883304,
    "train_avg_recall": 0.7645104531653957,
    "train_min_recall": 0.05092592592592592,
    "validation_loss": 0.6595729187130926,
    "validation_accuracy": 0.76005859375,
    "validation_avg_precision": 0.7344083025611523,
    "validation_min_precision": 0.2476633892423366,
    "validation_avg_recall": 0.7556392039212435,
    "validation_min_recall": 0.04354836773173752
}