{
    "train_loss": 0.26310734503101885,
    "train_accuracy": 0.9046690673158881,
    "train_avg_precision": 0.7887424620228647,
    "train_min_precision": 0.15653289205920784,
    "train_avg_recall": 0.8703954037157097,
    "train_min_recall": 0.45350767732745556,
    "validation_loss": 0.5124733671545983,
    "validation_accuracy": 0.824609375,
    "validation_avg_precision": 0.8209720200512357,
    "validation_min_precision": 0.5284411670486624,
    "validation_avg_recall": 0.8237585385176944,
    "validation_min_recall": 0.44474557951863236
}