{
    "train_loss": 0.27086846844146134,
    "train_accuracy": 0.8996545107741107,
    "train_avg_precision": 0.7999084812155326,
    "train_min_precision": 0.12036522639245963,
    "train_avg_recall": 0.8428840472835705,
    "train_min_recall": 0.3653544890720313,
    "validation_loss": 0.5728250578045845,
    "validation_accuracy": 0.7990234375,
    "validation_avg_precision": 0.8180396962280602,
    "validation_min_precision": 0.43514822077605125,
    "validation_avg_recall": 0.7994330730485658,
    "validation_min_recall": 0.4239194572017938
}