{
    "train_loss": 0.22319807608922326,
    "train_accuracy": 0.920076659896918,
    "train_avg_precision": 0.8174029355104148,
    "train_min_precision": 0.21264374027531924,
    "train_avg_recall": 0.8885491367417622,
    "train_min_recall": 0.4998943904418461,
    "validation_loss": 0.5066039793193342,
    "validation_accuracy": 0.8282226562499998,
    "validation_avg_precision": 0.8252943391127983,
    "validation_min_precision": 0.5212996173012551,
    "validation_avg_recall": 0.8236080033696513,
    "validation_min_recall": 0.48058072451206174
}