{
    "train_loss": 0.48339813477114635,
    "train_accuracy": 0.8356657404648624,
    "train_avg_precision": 0.6830875167267704,
    "train_min_precision": 0.02955381105535904,
    "train_avg_recall": 0.7072155821143236,
    "train_min_recall": 0.10934399311592294,
    "validation_loss": 0.8152864143252371,
    "validation_accuracy": 0.6978515625,
    "validation_avg_precision": 0.6947601054849897,
    "validation_min_precision": 0.31971454172905406,
    "validation_avg_recall": 0.6964853373272569,
    "validation_min_recall": 0.229300448443361
}