{
    "train_loss": 0.31986012871851005,
    "train_accuracy": 0.8936356243334319,
    "train_avg_precision": 0.7475456954843116,
    "train_min_precision": 0.08548739272423483,
    "train_avg_recall": 0.7924204964508352,
    "train_min_recall": 0.12132878492527614,
    "validation_loss": 0.5845676094293593,
    "validation_accuracy": 0.78076171875,
    "validation_avg_precision": 0.7717581218510072,
    "validation_min_precision": 0.39295517190606494,
    "validation_avg_recall": 0.7772201790302148,
    "validation_min_recall": 0.10271014864771633
}