{
    "train_loss": 0.23362646957761368,
    "train_accuracy": 0.9140057846119534,
    "train_avg_precision": 0.8049973331746997,
    "train_min_precision": 0.17941907020854395,
    "train_avg_recall": 0.8811050915579612,
    "train_min_recall": 0.4973503573844543,
    "validation_loss": 0.493390928208828,
    "validation_accuracy": 0.8292968750000002,
    "validation_avg_precision": 0.8286229823727793,
    "validation_min_precision": 0.5546247166629674,
    "validation_avg_recall": 0.8305518645806715,
    "validation_min_recall": 0.5101833252777026
}