{
    "train_loss": 0.23822939997179465,
    "train_accuracy": 0.9111960258400235,
    "train_avg_precision": 0.7972611747232471,
    "train_min_precision": 0.16799216865006344,
    "train_avg_recall": 0.871104429178477,
    "train_min_recall": 0.42698444586443485,
    "validation_loss": 0.49867468588054187,
    "validation_accuracy": 0.8322265625,
    "validation_avg_precision": 0.8292343047959555,
    "validation_min_precision": 0.554794187504613,
    "validation_avg_recall": 0.8313668718821389,
    "validation_min_recall": 0.5002649806769658
}