{
    "train_loss": 0.39344731286952367,
    "train_accuracy": 0.8745037432302506,
    "train_avg_precision": 0.7202916292648779,
    "train_min_precision": 0.04758509464391817,
    "train_avg_recall": 0.7523753282372235,
    "train_min_recall": 0.0647596508377493,
    "validation_loss": 0.7046088472008705,
    "validation_accuracy": 0.73759765625,
    "validation_avg_precision": 0.718728289434343,
    "validation_min_precision": 0.26665382071632077,
    "validation_avg_recall": 0.7346438192230097,
    "validation_min_recall": 0.06450027784239845
}