{
    "train_loss": 0.2142406751712164,
    "train_accuracy": 0.9214071004014271,
    "train_avg_precision": 0.8166146531854409,
    "train_min_precision": 0.25359168122326015,
    "train_avg_recall": 0.8875600145088951,
    "train_min_recall": 0.5012653941511279,
    "validation_loss": 0.4989836238324643,
    "validation_accuracy": 0.8320312500000001,
    "validation_avg_precision": 0.8294590566749923,
    "validation_min_precision": 0.5509492175457081,
    "validation_avg_recall": 0.8309122696684189,
    "validation_min_recall": 0.4656201572645706
}