{
    "train_loss": 0.2312437285456741,
    "train_accuracy": 0.9160735220239878,
    "train_avg_precision": 0.8075780278410821,
    "train_min_precision": 0.18477060148886776,
    "train_avg_recall": 0.8805603394630641,
    "train_min_recall": 0.47694396507235587,
    "validation_loss": 0.5032615430653096,
    "validation_accuracy": 0.82861328125,
    "validation_avg_precision": 0.8250282351212835,
    "validation_min_precision": 0.5346473825676731,
    "validation_avg_recall": 0.8236450176764119,
    "validation_min_recall": 0.5074509958862542
}