{
    "train_loss": 0.39429820838727436,
    "train_accuracy": 0.8610551838289222,
    "train_avg_precision": 0.7154833364262733,
    "train_min_precision": 0.04511974380395433,
    "train_avg_recall": 0.7683018343138867,
    "train_min_recall": 0.10037280701754386,
    "validation_loss": 0.644085417687893,
    "validation_accuracy": 0.7550781249999999,
    "validation_avg_precision": 0.7547251176071043,
    "validation_min_precision": 0.35896014094661866,
    "validation_avg_recall": 0.7546341489056627,
    "validation_min_recall": 0.2008164756853286
}