{
    "train_loss": 0.23414340693699687,
    "train_accuracy": 0.9137552934780461,
    "train_avg_precision": 0.7847020102456818,
    "train_min_precision": 0.18018910913647757,
    "train_avg_recall": 0.8665307963159479,
    "train_min_recall": 0.40900821540356436,
    "validation_loss": 0.5010256871581077,
    "validation_accuracy": 0.8311523437499999,
    "validation_avg_precision": 0.8248928697151485,
    "validation_min_precision": 0.5505739017253977,
    "validation_avg_recall": 0.8285964155837173,
    "validation_min_recall": 0.3750837132248145
}