{
    "train_loss": 0.2786921649648433,
    "train_accuracy": 0.8985580195460404,
    "train_avg_precision": 0.7754153578583867,
    "train_min_precision": 0.129505338715865,
    "train_avg_recall": 0.8368368491518399,
    "train_min_recall": 0.305677597826293,
    "validation_loss": 0.5403908133506775,
    "validation_accuracy": 0.8068359375,
    "validation_avg_precision": 0.8018416168131519,
    "validation_min_precision": 0.5033515986183736,
    "validation_avg_recall": 0.802972600716753,
    "validation_min_recall": 0.3835923747961784
}