{
    "train_loss": 0.2178226777336054,
    "train_accuracy": 0.9203507827039356,
    "train_avg_precision": 0.8087744986388294,
    "train_min_precision": 0.2041897673476621,
    "train_avg_recall": 0.8785736965891277,
    "train_min_recall": 0.4460610810799206,
    "validation_loss": 0.5117381088435651,
    "validation_accuracy": 0.8283203125,
    "validation_avg_precision": 0.8229692839167587,
    "validation_min_precision": 0.5670792955350291,
    "validation_avg_recall": 0.826746473090182,
    "validation_min_recall": 0.43802697256311934
}