{
    "train_loss": 0.497406609748539,
    "train_accuracy": 0.8127126819209043,
    "train_avg_precision": 0.6835687324137506,
    "train_min_precision": 0.03877608489796855,
    "train_avg_recall": 0.7130279708497774,
    "train_min_recall": 0.1024586636454078,
    "validation_loss": 0.7973371326923369,
    "validation_accuracy": 0.6974609375000003,
    "validation_avg_precision": 0.7122808536919444,
    "validation_min_precision": 0.3110810420854897,
    "validation_avg_recall": 0.6940958885167591,
    "validation_min_recall": 0.22786819482915258
}