{
    "train_loss": 0.2485419310498656,
    "train_accuracy": 0.9090266750569932,
    "train_avg_precision": 0.7964876801607149,
    "train_min_precision": 0.17298215916636972,
    "train_avg_recall": 0.8618405533439131,
    "train_min_recall": 0.3991923757738388,
    "validation_loss": 0.5579755626618864,
    "validation_accuracy": 0.8102539062499998,
    "validation_avg_precision": 0.8197926825209987,
    "validation_min_precision": 0.4798532007623638,
    "validation_avg_recall": 0.8078371736451494,
    "validation_min_recall": 0.44857804899678344
}