{
    "train_loss": 0.23390480640687447,
    "train_accuracy": 0.9150455614976719,
    "train_avg_precision": 0.8064717199297327,
    "train_min_precision": 0.19131073604757812,
    "train_avg_recall": 0.8839063989620151,
    "train_min_recall": 0.46376665867581607,
    "validation_loss": 0.5433495171368122,
    "validation_accuracy": 0.8265625000000001,
    "validation_avg_precision": 0.82313973834395,
    "validation_min_precision": 0.5353889146435389,
    "validation_avg_recall": 0.8244670904691707,
    "validation_min_recall": 0.47857289623579186
}