{
    "train_loss": 0.2850496734966311,
    "train_accuracy": 0.8947037583903263,
    "train_avg_precision": 0.7656792198244587,
    "train_min_precision": 0.08633897801243406,
    "train_avg_recall": 0.8151125099671694,
    "train_min_recall": 0.316014258792866,
    "validation_loss": 0.5410737141966819,
    "validation_accuracy": 0.7998046874999999,
    "validation_avg_precision": 0.7999674730948945,
    "validation_min_precision": 0.4572232055021857,
    "validation_avg_recall": 0.8005261769768354,
    "validation_min_recall": 0.40159828146444637
}