{
    "train_loss": 1.0617058737236156,
    "train_accuracy": 0.6430613848201016,
    "train_avg_precision": 0.5133952333729584,
    "train_min_precision": 0.008722918106534182,
    "train_avg_recall": 0.5741751119462156,
    "train_min_recall": 0.009988153778223674,
    "validation_loss": 1.253634840250015,
    "validation_accuracy": 0.57861328125,
    "validation_avg_precision": 0.5631025757491842,
    "validation_min_precision": 0.12499480244374367,
    "validation_avg_recall": 0.5755320540136089,
    "validation_min_recall": 0.035270826507718726
}