{
    "train_loss": 0.2547769734733983,
    "train_accuracy": 0.903189750094163,
    "train_avg_precision": 0.7954012606735084,
    "train_min_precision": 0.13123378313006795,
    "train_avg_recall": 0.8633649486459029,
    "train_min_recall": 0.4054477720100138,
    "validation_loss": 0.524268139898777,
    "validation_accuracy": 0.8175781249999999,
    "validation_avg_precision": 0.8201381353093969,
    "validation_min_precision": 0.4962988434441825,
    "validation_avg_recall": 0.8151369999736875,
    "validation_min_recall": 0.507418948278062
}