{
    "train_loss": 0.346537325988736,
    "train_accuracy": 0.8722658617454658,
    "train_avg_precision": 0.7615792568091129,
    "train_min_precision": 0.06636494332093959,
    "train_avg_recall": 0.8080105974127374,
    "train_min_recall": 0.32379994661341416,
    "validation_loss": 0.5740401167422532,
    "validation_accuracy": 0.7877929687499999,
    "validation_avg_precision": 0.8020085767359016,
    "validation_min_precision": 0.40125847345499993,
    "validation_avg_recall": 0.7877727008104853,
    "validation_min_recall": 0.48397322720132374
}