{
    "train_loss": 2.2378652765039804,
    "train_accuracy": 0.34904576916443686,
    "train_avg_precision": 0.27335860549653157,
    "train_min_precision": 0.0,
    "train_avg_recall": 0.33404911496964185,
    "train_min_recall": 0.0,
    "validation_loss": 2.262195557355881,
    "validation_accuracy": 0.31884765625,
    "validation_avg_precision": 0.262638276028045,
    "validation_min_precision": 0.0,
    "validation_avg_recall": 0.3206175842137931,
    "validation_min_recall": 0.0
}