{
    "train_loss": 0.23538514278959813,
    "train_accuracy": 0.911429976162158,
    "train_avg_precision": 0.8041326594895764,
    "train_min_precision": 0.15997355471039676,
    "train_avg_recall": 0.8750931976749404,
    "train_min_recall": 0.46110029557609894,
    "validation_loss": 0.5095720209181308,
    "validation_accuracy": 0.8269531249999998,
    "validation_avg_precision": 0.8263161890719903,
    "validation_min_precision": 0.5084268421548842,
    "validation_avg_recall": 0.8238475334947782,
    "validation_min_recall": 0.49375654215709497
}