{
    "train_loss": 0.33033059302129236,
    "train_accuracy": 0.8764060610219049,
    "train_avg_precision": 0.7584378545716327,
    "train_min_precision": 0.08542950501480727,
    "train_avg_recall": 0.8333542373618327,
    "train_min_recall": 0.3404508362194721,
    "validation_loss": 0.5183560080826283,
    "validation_accuracy": 0.8061523437499998,
    "validation_avg_precision": 0.8057779122075011,
    "validation_min_precision": 0.4382405076517817,
    "validation_avg_recall": 0.8021036160984615,
    "validation_min_recall": 0.45672950445300886
}