{
    "train_loss": 0.2830807255548343,
    "train_accuracy": 0.892910144831005,
    "train_avg_precision": 0.8002018578367003,
    "train_min_precision": 0.09523827038084817,
    "train_avg_recall": 0.837115809548929,
    "train_min_recall": 0.4096147195563231,
    "validation_loss": 0.5329295992851257,
    "validation_accuracy": 0.8068359374999998,
    "validation_avg_precision": 0.8268433243412195,
    "validation_min_precision": 0.444949760564304,
    "validation_avg_recall": 0.8076280567062185,
    "validation_min_recall": 0.5520444047136588
}