{
    "train_loss": 0.22887922718859557,
    "train_accuracy": 0.9153078679452867,
    "train_avg_precision": 0.8068852164322005,
    "train_min_precision": 0.1922513760749055,
    "train_avg_recall": 0.8910106675419084,
    "train_min_recall": 0.5004481067550018,
    "validation_loss": 0.49727904871106143,
    "validation_accuracy": 0.8358398437500003,
    "validation_avg_precision": 0.8340494254487766,
    "validation_min_precision": 0.5606442815628015,
    "validation_avg_recall": 0.8356597646072627,
    "validation_min_recall": 0.500424937953279
}