{
    "train_loss": 0.3064929335786585,
    "train_accuracy": 0.887370973302607,
    "train_avg_precision": 0.75806730676768,
    "train_min_precision": 0.09221918432444748,
    "train_avg_recall": 0.8056777278723815,
    "train_min_recall": 0.22231724339567477,
    "validation_loss": 0.567705136537552,
    "validation_accuracy": 0.78515625,
    "validation_avg_precision": 0.7808727787283218,
    "validation_min_precision": 0.4299492173942474,
    "validation_avg_recall": 0.7819213588236699,
    "validation_min_recall": 0.286515463676821
}