{
    "train_loss": 0.36374087213424217,
    "train_accuracy": 0.8604171391119032,
    "train_avg_precision": 0.7730739227859812,
    "train_min_precision": 0.07332695125839717,
    "train_avg_recall": 0.8432061369407711,
    "train_min_recall": 0.3713724193836596,
    "validation_loss": 0.5321023471653461,
    "validation_accuracy": 0.80712890625,
    "validation_avg_precision": 0.8266905553082562,
    "validation_min_precision": 0.42569653790186635,
    "validation_avg_recall": 0.8071954657846803,
    "validation_min_recall": 0.43174732141057354
}