{
    "train_loss": 0.41992415461623883,
    "train_accuracy": 0.8376413144563368,
    "train_avg_precision": 0.7546896515436958,
    "train_min_precision": 0.05760729181260505,
    "train_avg_recall": 0.782457606276777,
    "train_min_recall": 0.26244425360516227,
    "validation_loss": 0.6659755811095237,
    "validation_accuracy": 0.7439453125,
    "validation_avg_precision": 0.7675787426596683,
    "validation_min_precision": 0.3375170192411008,
    "validation_avg_recall": 0.7423442715105337,
    "validation_min_recall": 0.34068976418984775
}