{
    "train_loss": 0.2582473665998693,
    "train_accuracy": 0.9037498110219054,
    "train_avg_precision": 0.7968321326567656,
    "train_min_precision": 0.1369302481144586,
    "train_avg_recall": 0.8765587306895614,
    "train_min_recall": 0.4369787668800374,
    "validation_loss": 0.5201762132346629,
    "validation_accuracy": 0.8198242187499998,
    "validation_avg_precision": 0.8180347220331586,
    "validation_min_precision": 0.5201907232535528,
    "validation_avg_recall": 0.818664786520517,
    "validation_min_recall": 0.46981973027707663
}