{
    "train_loss": 0.3186974167300944,
    "train_accuracy": 0.879421411899098,
    "train_avg_precision": 0.7710126114076133,
    "train_min_precision": 0.07518291439641628,
    "train_avg_recall": 0.8266937701871157,
    "train_min_recall": 0.41627940558560156,
    "validation_loss": 0.5538507133722305,
    "validation_accuracy": 0.7919921874999998,
    "validation_avg_precision": 0.7977837443554254,
    "validation_min_precision": 0.4150418489825656,
    "validation_avg_recall": 0.7868373183067345,
    "validation_min_recall": 0.49325443566305455
}