{
    "train_loss": 0.8133619333568376,
    "train_accuracy": 0.6694740621667159,
    "train_avg_precision": 0.5555845251541874,
    "train_min_precision": 0.002123401194608625,
    "train_avg_recall": 0.5545581107911561,
    "train_min_recall": 0.0038442626938039277,
    "validation_loss": 1.130484688282013,
    "validation_accuracy": 0.546875,
    "validation_avg_precision": 0.5318260283759639,
    "validation_min_precision": 0.0,
    "validation_avg_recall": 0.5455356831798696,
    "validation_min_recall": 0.0
}