{
    "train_loss": 0.4743230792514065,
    "train_accuracy": 0.8106851180394486,
    "train_avg_precision": 0.7140092398598075,
    "train_min_precision": 0.030753056233872478,
    "train_avg_recall": 0.7398908533756301,
    "train_min_recall": 0.18624249889593386,
    "validation_loss": 0.6844206079840658,
    "validation_accuracy": 0.7277343749999999,
    "validation_avg_precision": 0.7398815164634457,
    "validation_min_precision": 0.29086944342393195,
    "validation_avg_recall": 0.724861185911502,
    "validation_min_recall": 0.3259314751567097
}