{
    "train_loss": 0.4343633787673815,
    "train_accuracy": 0.8303770600703718,
    "train_avg_precision": 0.720724110719382,
    "train_min_precision": 0.036629919904851295,
    "train_avg_recall": 0.7631018906445091,
    "train_min_recall": 0.20594381588813618,
    "validation_loss": 0.6312554858624934,
    "validation_accuracy": 0.7491210937500001,
    "validation_avg_precision": 0.7586011262062217,
    "validation_min_precision": 0.31467066640210845,
    "validation_avg_recall": 0.7468538681248361,
    "validation_min_recall": 0.3388272437261182
}