{
    "train_loss": 0.28748788932959224,
    "train_accuracy": 0.890043670671028,
    "train_avg_precision": 0.7710842665783667,
    "train_min_precision": 0.08950673652686035,
    "train_avg_recall": 0.8433759609311573,
    "train_min_recall": 0.353914315742191,
    "validation_loss": 0.5383389517664908,
    "validation_accuracy": 0.8071289062500003,
    "validation_avg_precision": 0.8134238876752484,
    "validation_min_precision": 0.4513097656653043,
    "validation_avg_recall": 0.8056674611554191,
    "validation_min_recall": 0.48136177371130645
}