{
    "train_loss": 0.2469296244937077,
    "train_accuracy": 0.9105107188224797,
    "train_avg_precision": 0.7951493733463978,
    "train_min_precision": 0.17507346454714878,
    "train_avg_recall": 0.8629291357113842,
    "train_min_recall": 0.41435526177132986,
    "validation_loss": 0.5324176803231241,
    "validation_accuracy": 0.81455078125,
    "validation_avg_precision": 0.8189220610900227,
    "validation_min_precision": 0.5015118170765696,
    "validation_avg_recall": 0.810810148646739,
    "validation_min_recall": 0.46632868886132073
}