{
    "train_accuracy": 0.46875,
    "train_loss": 1.590478539466858,
    "validation_accuracy": 0.4921875,
    "validation_loss": 1.5324039459228516
}