{
    "train_accuracy": 0.3046875,
    "train_loss": 1.8453369140625,
    "validation_accuracy": 0.34375,
    "validation_loss": 1.7991560697555542
}