{
    "train_accuracy": 0.6484375,
    "train_loss": 1.1024128198623657,
    "validation_accuracy": 0.7265625,
    "validation_loss": 0.7238442897796631
}