{
    "train_accuracy": 0.46875,
    "train_loss": 1.5398365259170532,
    "validation_accuracy": 0.4140625,
    "validation_loss": 1.5725456476211548
}