{
    "train_accuracy": 0.5625,
    "train_loss": 1.2117825746536255,
    "validation_accuracy": 0.5703125,
    "validation_loss": 1.2250524759292603
}