{
    "train_accuracy": 0.6484375,
    "train_loss": 1.107155442237854,
    "validation_accuracy": 0.6328125,
    "validation_loss": 1.1121618747711182
}