{
    "train_accuracy": 0.609375,
    "train_loss": 1.1918383836746216,
    "validation_accuracy": 0.7109375,
    "validation_loss": 0.911829948425293
}