{
    "train_accuracy": 0.7265625,
    "train_loss": 0.8269991874694824,
    "validation_accuracy": 0.75,
    "validation_loss": 0.7418488264083862
}