{
    "train_loss": 0.1948104155691047,
    "train_accuracy": 0.9328470020963442,
    "train_avg_precision": 0.802707868209243,
    "train_min_precision": 0.0706140350877193,
    "train_avg_recall": 0.7751566384344689,
    "train_min_recall": 0.049874686716791974,
    "validation_loss": 0.6924418516457083,
    "validation_accuracy": 0.7618164062499998,
    "validation_avg_precision": 0.7559075495338372,
    "validation_min_precision": 0.2802417665519923,
    "validation_avg_recall": 0.7638953108618611,
    "validation_min_recall": 0.040761342748223156
}