{
    "train_loss": 0.8710599207041556,
    "train_accuracy": 0.7181072287392203,
    "train_avg_precision": 0.34269976099843,
    "train_min_precision": 0.0,
    "train_avg_recall": 0.32886228805321815,
    "train_min_recall": 0.0,
    "validation_loss": 2.4872560322284696,
    "validation_accuracy": 0.31318359374999993,
    "validation_avg_precision": 0.20675882462695766,
    "validation_min_precision": 0.0,
    "validation_avg_recall": 0.3131412969354869,
    "validation_min_recall": 0.0
}