{
    "train_loss": 0.5125250690861752,
    "train_accuracy": 0.8192632710724542,
    "train_avg_precision": 0.527222844791133,
    "train_min_precision": 0.0,
    "train_avg_recall": 0.5256162854514702,
    "train_min_recall": 0.0,
    "validation_loss": 1.5956672757863999,
    "validation_accuracy": 0.4886718750000001,
    "validation_avg_precision": 0.41045472583383097,
    "validation_min_precision": 0.0,
    "validation_avg_recall": 0.4899095556967642,
    "validation_min_recall": 0.0
}