{
    "train_loss": 0.014358008157854017,
    "train_accuracy": 0.9978755482456148,
    "train_avg_precision": 0.9928407703232658,
    "train_min_precision": 0.9411803924790667,
    "train_avg_recall": 0.9896655745582468,
    "train_min_recall": 0.906138425938122,
    "validation_loss": 0.6303249716758729,
    "validation_accuracy": 0.8499023437500001,
    "validation_avg_precision": 0.8542347538017329,
    "validation_min_precision": 0.6133243279526706,
    "validation_avg_recall": 0.851544375444817,
    "validation_min_recall": 0.3964863126158077
}