{
    "train_loss": 0.1728574404852432,
    "train_accuracy": 0.9401277983397776,
    "train_avg_precision": 0.824609426949885,
    "train_min_precision": 0.15891786812839442,
    "train_avg_recall": 0.7935855554679232,
    "train_min_recall": 0.10033037138300296,
    "validation_loss": 0.6727978736162185,
    "validation_accuracy": 0.7720703124999999,
    "validation_avg_precision": 0.7715189927468179,
    "validation_min_precision": 0.36667078265670305,
    "validation_avg_recall": 0.7729114399502656,
    "validation_min_recall": 0.0790023926904697
}