{
    "train_loss": 0.14079377669514273,
    "train_accuracy": 0.9527539893200532,
    "train_avg_precision": 0.8481007136260736,
    "train_min_precision": 0.17665845901302962,
    "train_avg_recall": 0.8252932720335425,
    "train_min_recall": 0.12656641604010024,
    "validation_loss": 0.63127531260252,
    "validation_accuracy": 0.7916015625,
    "validation_avg_precision": 0.7888038529031677,
    "validation_min_precision": 0.4224947655227258,
    "validation_avg_recall": 0.7897654679789795,
    "validation_min_recall": 0.08924950049112432
}