{
    "train_loss": 0.1066244933427426,
    "train_accuracy": 0.962690941074439,
    "train_avg_precision": 0.9004209583047974,
    "train_min_precision": 0.4357050894218909,
    "train_avg_recall": 0.8764260992190442,
    "train_min_recall": 0.36536011258707973,
    "validation_loss": 0.5705731861293317,
    "validation_accuracy": 0.80869140625,
    "validation_avg_precision": 0.8128679718316935,
    "validation_min_precision": 0.486973770076071,
    "validation_avg_recall": 0.8105692679409952,
    "validation_min_recall": 0.26295562920915666
}