{
    "train_loss": 0.3338276043272856,
    "train_accuracy": 0.8878790453860633,
    "train_avg_precision": 0.6859304900583539,
    "train_min_precision": 0.030994152046783623,
    "train_avg_recall": 0.6591790969561467,
    "train_min_recall": 0.024644945697577275,
    "validation_loss": 1.1216487631201744,
    "validation_accuracy": 0.6265625,
    "validation_avg_precision": 0.5554800215575111,
    "validation_min_precision": 0.0,
    "validation_avg_recall": 0.625894322282976,
    "validation_min_recall": 0.0
}