{
    "train_loss": 0.24154146015644073,
    "train_accuracy": 0.9219553460154623,
    "train_avg_precision": 0.7911366933816947,
    "train_min_precision": 0.0894580625004245,
    "train_avg_recall": 0.773458327663373,
    "train_min_recall": 0.07296017822333611,
    "validation_loss": 0.8155443161725999,
    "validation_accuracy": 0.7325195312499997,
    "validation_avg_precision": 0.7081782367473003,
    "validation_min_precision": 0.1068996834845049,
    "validation_avg_recall": 0.7327259152187254,
    "validation_min_recall": 0.02179907354766071
}