{
    "train_loss": 0.17367656032244366,
    "train_accuracy": 0.9412242895678478,
    "train_avg_precision": 0.8078624768869471,
    "train_min_precision": 0.09367031709709056,
    "train_avg_recall": 0.7880048797352082,
    "train_min_recall": 0.07959019370090151,
    "validation_loss": 0.6984113052487374,
    "validation_accuracy": 0.7731445312499999,
    "validation_avg_precision": 0.7526780833869722,
    "validation_min_precision": 0.2087917829554954,
    "validation_avg_recall": 0.772435837602429,
    "validation_min_recall": 0.024464871813998323
}