{
    "train_loss": 0.08392579507148057,
    "train_accuracy": 0.9711202173902286,
    "train_avg_precision": 0.9090714668640636,
    "train_min_precision": 0.47897411049604655,
    "train_avg_recall": 0.8931833912501634,
    "train_min_recall": 0.3765894802079014,
    "validation_loss": 0.5275159351527692,
    "validation_accuracy": 0.8270507812500002,
    "validation_avg_precision": 0.8320478034790467,
    "validation_min_precision": 0.5315325986093072,
    "validation_avg_recall": 0.8250968364080076,
    "validation_min_recall": 0.18381487520412468
}