{
    "train_loss": 0.20547205601867874,
    "train_accuracy": 0.9292881311031818,
    "train_avg_precision": 0.789250893357666,
    "train_min_precision": 0.08583073846231741,
    "train_avg_recall": 0.7763348590119193,
    "train_min_recall": 0.05952380952380953,
    "validation_loss": 0.7824055939912796,
    "validation_accuracy": 0.7537109375000001,
    "validation_avg_precision": 0.7404022929231364,
    "validation_min_precision": 0.220974008863341,
    "validation_avg_recall": 0.7503906666245354,
    "validation_min_recall": 0.02502584781332494
}