{
    "train_loss": 0.17727651721552798,
    "train_accuracy": 0.9403617476162165,
    "train_avg_precision": 0.8117542585512257,
    "train_min_precision": 0.09736842105263158,
    "train_avg_recall": 0.7880203181047446,
    "train_min_recall": 0.07547715442452284,
    "validation_loss": 0.7166301518678664,
    "validation_accuracy": 0.76611328125,
    "validation_avg_precision": 0.7600669369423705,
    "validation_min_precision": 0.3601954440464522,
    "validation_avg_recall": 0.7652484229841777,
    "validation_min_recall": 0.07688677249514632
}