{
    "train_loss": 0.12372603411214392,
    "train_accuracy": 0.9538339386906548,
    "train_avg_precision": 0.8464232866478144,
    "train_min_precision": 0.2249105966497271,
    "train_avg_recall": 0.8476027422880029,
    "train_min_recall": 0.179013177782935,
    "validation_loss": 0.5970821879804135,
    "validation_accuracy": 0.8085937500000001,
    "validation_avg_precision": 0.8079785267291456,
    "validation_min_precision": 0.3426186600477258,
    "validation_avg_recall": 0.8071273716156102,
    "validation_min_recall": 0.039651432963984705
}