{
    "train_loss": 0.15355186804867627,
    "train_accuracy": 0.9467351028793743,
    "train_avg_precision": 0.8319952702324269,
    "train_min_precision": 0.13151997641161728,
    "train_avg_recall": 0.8173772788988974,
    "train_min_recall": 0.09280324467081683,
    "validation_loss": 0.6260590538382532,
    "validation_accuracy": 0.7919921874999998,
    "validation_avg_precision": 0.7865037656099991,
    "validation_min_precision": 0.37715228855031085,
    "validation_avg_recall": 0.7901416582935473,
    "validation_min_recall": 0.06524778710356101
}