{
    "train_loss": 0.17302522141682478,
    "train_accuracy": 0.9407729318267428,
    "train_avg_precision": 0.8103073081551431,
    "train_min_precision": 0.11893033866718077,
    "train_avg_recall": 0.8022031040842199,
    "train_min_recall": 0.08924394319131161,
    "validation_loss": 0.7438538059592247,
    "validation_accuracy": 0.7732421874999998,
    "validation_avg_precision": 0.7769183852781737,
    "validation_min_precision": 0.3526704741564209,
    "validation_avg_recall": 0.7718544979094764,
    "validation_min_recall": 0.06953167828433643
}