{
    "train_loss": 0.23941939337211743,
    "train_accuracy": 0.9205965483397774,
    "train_avg_precision": 0.7770156118310881,
    "train_min_precision": 0.08099623265828253,
    "train_avg_recall": 0.7532226567688134,
    "train_min_recall": 0.05412014885699096,
    "validation_loss": 0.8650393337011338,
    "validation_accuracy": 0.7230468749999998,
    "validation_avg_precision": 0.6838626569882024,
    "validation_min_precision": 0.026190476190476195,
    "validation_avg_recall": 0.7192175555776572,
    "validation_min_recall": 0.002357456140350877
}