{
    "train_loss": 0.014800422101918804,
    "train_accuracy": 0.9978070175438605,
    "train_avg_precision": 0.9907739101467317,
    "train_min_precision": 0.9195062063546462,
    "train_avg_recall": 0.9906197433306505,
    "train_min_recall": 0.9112955376856062,
    "validation_loss": 0.5915822923649101,
    "validation_accuracy": 0.8534179687499999,
    "validation_avg_precision": 0.8547221690345824,
    "validation_min_precision": 0.6314216169405218,
    "validation_avg_recall": 0.8517779678253067,
    "validation_min_recall": 0.4266991943017069
}