{
    "train_loss": 0.14593756042028727,
    "train_accuracy": 0.949629934210527,
    "train_avg_precision": 0.8302201014492339,
    "train_min_precision": 0.12660818713450292,
    "train_avg_recall": 0.8251122426783462,
    "train_min_recall": 0.0976608187134503,
    "validation_loss": 0.6123690232634543,
    "validation_accuracy": 0.7946289062499999,
    "validation_avg_precision": 0.7935827803184924,
    "validation_min_precision": 0.3953333412765303,
    "validation_avg_recall": 0.795505502990391,
    "validation_min_recall": 0.06893850902491372
}