{
    "train_loss": 0.32953378505874104,
    "train_accuracy": 0.8861374206710279,
    "train_avg_precision": 0.76104241535827,
    "train_min_precision": 0.0790248948944369,
    "train_avg_recall": 0.702552332178085,
    "train_min_recall": 0.0526729281115246,
    "validation_loss": 1.0432265669107434,
    "validation_accuracy": 0.66328125,
    "validation_avg_precision": 0.6530068292314136,
    "validation_min_precision": 0.009848484848484848,
    "validation_avg_recall": 0.657819278805579,
    "validation_min_recall": 0.0011363636363636363
}