{
    "train_loss": 0.018595268949866302,
    "train_accuracy": 0.9957510964912293,
    "train_avg_precision": 0.988101858319695,
    "train_min_precision": 0.9056187796779105,
    "train_avg_recall": 0.9829837632712586,
    "train_min_recall": 0.856918632489645,
    "validation_loss": 0.6053798414766789,
    "validation_accuracy": 0.8474609375,
    "validation_avg_precision": 0.8542113170971741,
    "validation_min_precision": 0.6193826494576655,
    "validation_avg_recall": 0.8493522107001518,
    "validation_min_recall": 0.3621991896251051
}