{
    "train_loss": 0.14629110615504418,
    "train_accuracy": 0.9495448616513043,
    "train_avg_precision": 0.8334112823371835,
    "train_min_precision": 0.11291771094402672,
    "train_avg_recall": 0.8284643115924265,
    "train_min_recall": 0.10264297106402369,
    "validation_loss": 0.6261342622339726,
    "validation_accuracy": 0.794921875,
    "validation_avg_precision": 0.7875476245757131,
    "validation_min_precision": 0.38808627246932553,
    "validation_avg_recall": 0.7949712175341189,
    "validation_min_recall": 0.05505540184986807
}