{
    "train_loss": 0.016063391345373372,
    "train_accuracy": 0.9967105263157903,
    "train_avg_precision": 0.988722009241396,
    "train_min_precision": 0.8974537449943933,
    "train_avg_recall": 0.9844184627068264,
    "train_min_recall": 0.8606310756109119,
    "validation_loss": 0.6344677902758123,
    "validation_accuracy": 0.8455078124999998,
    "validation_avg_precision": 0.8493380349775185,
    "validation_min_precision": 0.6077649471200526,
    "validation_avg_recall": 0.8433262937319179,
    "validation_min_recall": 0.35894946460050875
}