{
    "train_loss": 0.23576517638407252,
    "train_accuracy": 0.921704854881555,
    "train_avg_precision": 0.782936501709546,
    "train_min_precision": 0.08288202390033053,
    "train_avg_recall": 0.7768040365625544,
    "train_min_recall": 0.0842189608636977,
    "validation_loss": 0.7549619510769844,
    "validation_accuracy": 0.7537109375000001,
    "validation_avg_precision": 0.7405040079573832,
    "validation_min_precision": 0.1716273312336832,
    "validation_avg_recall": 0.7514864719105238,
    "validation_min_recall": 0.020197667123249084
}