{
    "train_loss": 0.23935718311552417,
    "train_accuracy": 0.9167021136534846,
    "train_avg_precision": 0.7729062779997128,
    "train_min_precision": 0.05953654461356643,
    "train_avg_recall": 0.7443084726846044,
    "train_min_recall": 0.035672514619883036,
    "validation_loss": 0.8299876943230629,
    "validation_accuracy": 0.7229492187500001,
    "validation_avg_precision": 0.7050285764365003,
    "validation_min_precision": 0.1403894348894349,
    "validation_avg_recall": 0.7206544924451646,
    "validation_min_recall": 0.016377463639343847
}