{
    "train_loss": 0.11298173051654246,
    "train_accuracy": 0.9616747958618305,
    "train_avg_precision": 0.8818439106536989,
    "train_min_precision": 0.3491113172493221,
    "train_avg_recall": 0.853764453233143,
    "train_min_recall": 0.2540891711944343,
    "validation_loss": 0.6079234972596168,
    "validation_accuracy": 0.8005859374999998,
    "validation_avg_precision": 0.8011268181447603,
    "validation_min_precision": 0.48984639380623957,
    "validation_avg_recall": 0.7977491507634322,
    "validation_min_recall": 0.12097956520307158
}