{
    "train_loss": 0.16279133736041557,
    "train_accuracy": 0.9419379537565674,
    "train_avg_precision": 0.799030967747638,
    "train_min_precision": 0.062531328320802,
    "train_avg_recall": 0.8155170826039607,
    "train_min_recall": 0.061228829649882285,
    "validation_loss": 0.5961800165474416,
    "validation_accuracy": 0.7990234374999999,
    "validation_avg_precision": 0.7968752583447075,
    "validation_min_precision": 0.3778902190543316,
    "validation_avg_recall": 0.7946089614560958,
    "validation_min_recall": 0.051273678765917
}