{
    "train_loss": 0.19088185565513474,
    "train_accuracy": 0.9359190673158888,
    "train_avg_precision": 0.8017132171122334,
    "train_min_precision": 0.09175236942932043,
    "train_avg_recall": 0.7983548496559082,
    "train_min_recall": 0.07894736842105263,
    "validation_loss": 0.7178895160555839,
    "validation_accuracy": 0.77041015625,
    "validation_avg_precision": 0.7478775343304496,
    "validation_min_precision": 0.20072269664941336,
    "validation_avg_recall": 0.767036540225499,
    "validation_min_recall": 0.015286555988389813
}