{
    "train_loss": 0.25519517586942303,
    "train_accuracy": 0.9133322939538123,
    "train_avg_precision": 0.7693440448343591,
    "train_min_precision": 0.06518189412926255,
    "train_avg_recall": 0.7501290969810828,
    "train_min_recall": 0.05388471177944862,
    "validation_loss": 0.840953654050827,
    "validation_accuracy": 0.7226562500000001,
    "validation_avg_precision": 0.6923487685493865,
    "validation_min_precision": 0.04868140698401617,
    "validation_avg_recall": 0.7217593261140806,
    "validation_min_recall": 0.0041681391933408056
}