{
    "train_loss": 0.10504142913902013,
    "train_accuracy": 0.9647185039101993,
    "train_avg_precision": 0.8959663505168823,
    "train_min_precision": 0.3802800161303467,
    "train_avg_recall": 0.8790213413535144,
    "train_min_recall": 0.32635215913346594,
    "validation_loss": 0.5541858389973641,
    "validation_accuracy": 0.8181640624999997,
    "validation_avg_precision": 0.822464994806562,
    "validation_min_precision": 0.517787223756879,
    "validation_avg_recall": 0.8160073348568397,
    "validation_min_recall": 0.21213113221211094
}