{
    "train_loss": 0.22259370878077397,
    "train_accuracy": 0.9226122958618302,
    "train_avg_precision": 0.7916271442038999,
    "train_min_precision": 0.08140082005780735,
    "train_avg_recall": 0.7442999246384645,
    "train_min_recall": 0.04137426900584795,
    "validation_loss": 0.8158909596502784,
    "validation_accuracy": 0.7231445312499999,
    "validation_avg_precision": 0.7081615948765929,
    "validation_min_precision": 0.1509855205903675,
    "validation_avg_recall": 0.7219673421684183,
    "validation_min_recall": 0.0171689916641191
}