{
    "train_loss": 0.01666821788571644,
    "train_accuracy": 0.9971217105263168,
    "train_avg_precision": 0.992016662220577,
    "train_min_precision": 0.9272798882960605,
    "train_avg_recall": 0.9871142321157966,
    "train_min_recall": 0.8819882921067517,
    "validation_loss": 0.6296470545232297,
    "validation_accuracy": 0.8458007812500001,
    "validation_avg_precision": 0.8479546571873544,
    "validation_min_precision": 0.5976169823405496,
    "validation_avg_recall": 0.8453245773480541,
    "validation_min_recall": 0.3565875425509784
}