{
    "train_loss": 0.015506209037675153,
    "train_accuracy": 0.9970531798245623,
    "train_avg_precision": 0.9881668286920111,
    "train_min_precision": 0.8969543243794278,
    "train_avg_recall": 0.9843029676682418,
    "train_min_recall": 0.8610708526954252,
    "validation_loss": 0.6245065726339817,
    "validation_accuracy": 0.8474609375,
    "validation_avg_precision": 0.8507057953520848,
    "validation_min_precision": 0.5901517878539563,
    "validation_avg_recall": 0.8446601368578093,
    "validation_min_recall": 0.3593563304026615
}