{
    "train_loss": 0.23093394359998537,
    "train_accuracy": 0.9202137213004269,
    "train_avg_precision": 0.7791019856829667,
    "train_min_precision": 0.025730994152046785,
    "train_avg_recall": 0.7245676716022763,
    "train_min_recall": 0.011695906432748537,
    "validation_loss": 0.8813264384865763,
    "validation_accuracy": 0.7119140625,
    "validation_avg_precision": 0.7110678009997458,
    "validation_min_precision": 0.18117725147173708,
    "validation_avg_recall": 0.7126947109688263,
    "validation_min_recall": 0.01885141413879291
}