{
    "train_loss": 0.3806389392467968,
    "train_accuracy": 0.8516097623005244,
    "train_avg_precision": 0.6228720246513377,
    "train_min_precision": 0.018596491228070174,
    "train_avg_recall": 0.6153886642116948,
    "train_min_recall": 0.01023391812865497,
    "validation_loss": 1.1934428364038465,
    "validation_accuracy": 0.57978515625,
    "validation_avg_precision": 0.550089088239147,
    "validation_min_precision": 0.0,
    "validation_avg_recall": 0.5796624710378478,
    "validation_min_recall": 0.0
}