{
    "train_loss": 0.020168860720699282,
    "train_accuracy": 0.995408442982457,
    "train_avg_precision": 0.9846182354008794,
    "train_min_precision": 0.8927891993902761,
    "train_avg_recall": 0.9783170494060751,
    "train_min_recall": 0.82513722257187,
    "validation_loss": 0.603169311583042,
    "validation_accuracy": 0.84482421875,
    "validation_avg_precision": 0.8520843230540238,
    "validation_min_precision": 0.611681173845758,
    "validation_avg_recall": 0.8461396499998713,
    "validation_min_recall": 0.39715642691599623
}