{
    "train_loss": 0.02629507416369099,
    "train_accuracy": 0.9931871033551414,
    "train_avg_precision": 0.9784937372909297,
    "train_min_precision": 0.814660178460502,
    "train_avg_recall": 0.9740080988923535,
    "train_min_recall": 0.7887788366464771,
    "validation_loss": 0.5734611943364143,
    "validation_accuracy": 0.84853515625,
    "validation_avg_precision": 0.8513918520166931,
    "validation_min_precision": 0.6019645575376632,
    "validation_avg_recall": 0.8460926603122012,
    "validation_min_recall": 0.36300026759232606
}