{
    "train_loss": 0.018932561112339038,
    "train_accuracy": 0.9958196271929833,
    "train_avg_precision": 0.9876306722033794,
    "train_min_precision": 0.8921985811687132,
    "train_avg_recall": 0.9797107204871625,
    "train_min_recall": 0.8325745632053683,
    "validation_loss": 0.6214616857469082,
    "validation_accuracy": 0.8464843749999998,
    "validation_avg_precision": 0.8477193519042273,
    "validation_min_precision": 0.6089123012064033,
    "validation_avg_recall": 0.844657693582155,
    "validation_min_recall": 0.34482532992370624
}