{
    "train_loss": 0.15233281215554786,
    "train_accuracy": 0.94766617553276,
    "train_avg_precision": 0.8204828381634566,
    "train_min_precision": 0.10114849534165399,
    "train_avg_recall": 0.8171933383054428,
    "train_min_recall": 0.07223942208462332,
    "validation_loss": 0.6169363752007487,
    "validation_accuracy": 0.795703125,
    "validation_avg_precision": 0.783984679104576,
    "validation_min_precision": 0.3356252327458112,
    "validation_avg_recall": 0.7962804867367322,
    "validation_min_recall": 0.0564260748367456
}