{
    "train_loss": 0.012308715348409716,
    "train_accuracy": 0.998081140350878,
    "train_avg_precision": 0.991378688794504,
    "train_min_precision": 0.9235747262321514,
    "train_avg_recall": 0.986214239946966,
    "train_min_recall": 0.8715728928457767,
    "validation_loss": 0.6659610427916051,
    "validation_accuracy": 0.840234375,
    "validation_avg_precision": 0.84587322781111,
    "validation_min_precision": 0.5977008874140852,
    "validation_avg_recall": 0.8398681296690885,
    "validation_min_recall": 0.35368003667760395
}