{
    "train_loss": 0.1900192606344558,
    "train_accuracy": 0.9352219449846376,
    "train_avg_precision": 0.7925628108479277,
    "train_min_precision": 0.08829338303022513,
    "train_avg_recall": 0.8126905443401192,
    "train_min_recall": 0.09569757727652464,
    "validation_loss": 0.6177036210894584,
    "validation_accuracy": 0.78857421875,
    "validation_avg_precision": 0.7731253502152148,
    "validation_min_precision": 0.23838955348643287,
    "validation_avg_recall": 0.7853889484201547,
    "validation_min_recall": 0.024556330178738185
}