{
    "train_loss": 0.04759415931868973,
    "train_accuracy": 0.9819315264099533,
    "train_avg_precision": 0.9430390824953164,
    "train_min_precision": 0.622848880957491,
    "train_avg_recall": 0.9362130876418366,
    "train_min_recall": 0.5504836142974018,
    "validation_loss": 0.6117533490061758,
    "validation_accuracy": 0.8354492187499998,
    "validation_avg_precision": 0.8493415437751526,
    "validation_min_precision": 0.5492778978081235,
    "validation_avg_recall": 0.8324665230809872,
    "validation_min_recall": 0.24758089424881835
}