{
    "train_loss": 0.19699279349624066,
    "train_accuracy": 0.9335204927544851,
    "train_avg_precision": 0.7896972806684013,
    "train_min_precision": 0.07821637426900585,
    "train_avg_recall": 0.794381851992962,
    "train_min_recall": 0.05852826510721247,
    "validation_loss": 0.6826214842498303,
    "validation_accuracy": 0.77880859375,
    "validation_avg_precision": 0.7715305470460118,
    "validation_min_precision": 0.2761899228786441,
    "validation_avg_recall": 0.7787907339211837,
    "validation_min_recall": 0.03270848707834841
}