{
    "train_loss": 0.15326343280704396,
    "train_accuracy": 0.9475172977698484,
    "train_avg_precision": 0.8212118802385788,
    "train_min_precision": 0.13248592619068894,
    "train_avg_recall": 0.820317767321163,
    "train_min_recall": 0.12685995385486049,
    "validation_loss": 0.6216794222593307,
    "validation_accuracy": 0.7898437499999997,
    "validation_avg_precision": 0.7843617944998992,
    "validation_min_precision": 0.3908514654485336,
    "validation_avg_recall": 0.7893710213765496,
    "validation_min_recall": 0.07412967666955883
}