{
    "train_loss": 0.21026883274316785,
    "train_accuracy": 0.9275866799187248,
    "train_avg_precision": 0.7801781689886197,
    "train_min_precision": 0.09393971038707881,
    "train_avg_recall": 0.7694351026890969,
    "train_min_recall": 0.06733120680489102,
    "validation_loss": 0.7745404541492462,
    "validation_accuracy": 0.7448242187499998,
    "validation_avg_precision": 0.7327466038210451,
    "validation_min_precision": 0.20304414503071744,
    "validation_avg_recall": 0.7400910763377815,
    "validation_min_recall": 0.016782957732074166
}