{
    "train_loss": 0.13517344782226967,
    "train_accuracy": 0.9523829775944098,
    "train_avg_precision": 0.8508304524792837,
    "train_min_precision": 0.17692201771149138,
    "train_avg_recall": 0.8263307218965799,
    "train_min_recall": 0.14762065419960155,
    "validation_loss": 0.634360808134079,
    "validation_accuracy": 0.7897460937500002,
    "validation_avg_precision": 0.786793786694936,
    "validation_min_precision": 0.4281288309871166,
    "validation_avg_recall": 0.7885630159673,
    "validation_min_recall": 0.10203662638962256
}