{
    "train_loss": 0.1483222710197432,
    "train_accuracy": 0.9489162700218075,
    "train_avg_precision": 0.821480153241943,
    "train_min_precision": 0.12093672619988409,
    "train_avg_recall": 0.8202686066639783,
    "train_min_recall": 0.09505847953216373,
    "validation_loss": 0.6192022331058982,
    "validation_accuracy": 0.7966796874999998,
    "validation_avg_precision": 0.7983912430535808,
    "validation_min_precision": 0.4109840978709003,
    "validation_avg_recall": 0.7956639923054533,
    "validation_min_recall": 0.05930201733922735
}