{
    "train_loss": 0.3263814940787198,
    "train_accuracy": 0.8884556492169698,
    "train_avg_precision": 0.7084073345129285,
    "train_min_precision": 0.04122807017543859,
    "train_avg_recall": 0.6795946347065298,
    "train_min_recall": 0.026900584795321637,
    "validation_loss": 1.0558301910758017,
    "validation_accuracy": 0.6408203125000002,
    "validation_avg_precision": 0.6344301933742381,
    "validation_min_precision": 0.0,
    "validation_avg_recall": 0.6402228156322771,
    "validation_min_recall": 0.0
}