{
    "train_loss": 0.14910256261365457,
    "train_accuracy": 0.9480088290415318,
    "train_avg_precision": 0.8283488593490725,
    "train_min_precision": 0.15959595959595957,
    "train_avg_recall": 0.8189293655306127,
    "train_min_recall": 0.11772486772486772,
    "validation_loss": 0.6543659411370752,
    "validation_accuracy": 0.7875000000000001,
    "validation_avg_precision": 0.7842494709995119,
    "validation_min_precision": 0.39441184534432133,
    "validation_avg_recall": 0.7898325577826809,
    "validation_min_recall": 0.05475098530172371
}