{
    "train_loss": 0.44207236275338285,
    "train_accuracy": 0.8352427398949334,
    "train_avg_precision": 0.6177767296018601,
    "train_min_precision": 0.0,
    "train_avg_recall": 0.581300846743238,
    "train_min_recall": 0.0,
    "validation_loss": 1.320108753442764,
    "validation_accuracy": 0.5602539062500002,
    "validation_avg_precision": 0.5302723312431261,
    "validation_min_precision": 0.0,
    "validation_avg_recall": 0.556909321571431,
    "validation_min_recall": 0.0
}