{
    "train_loss": 0.14953452727773736,
    "train_accuracy": 0.9480655433838835,
    "train_avg_precision": 0.8390490999010832,
    "train_min_precision": 0.1620300751879699,
    "train_avg_recall": 0.8162826076347848,
    "train_min_recall": 0.11384015594541909,
    "validation_loss": 0.643688426911831,
    "validation_accuracy": 0.7859375000000002,
    "validation_avg_precision": 0.7844165396598924,
    "validation_min_precision": 0.37535926135056097,
    "validation_avg_recall": 0.7862352812983859,
    "validation_min_recall": 0.05905077460848385
}