{
    "train_loss": 0.22481293819452594,
    "train_accuracy": 0.9253653392457132,
    "train_avg_precision": 0.7841036075500935,
    "train_min_precision": 0.0926482873851295,
    "train_avg_recall": 0.7726943654532571,
    "train_min_recall": 0.061988304093567245,
    "validation_loss": 0.745465325564146,
    "validation_accuracy": 0.7506835937499999,
    "validation_avg_precision": 0.7136706718941026,
    "validation_min_precision": 0.07373473936968285,
    "validation_avg_recall": 0.7511765173721721,
    "validation_min_recall": 0.007052080983532597
}