{
    "train_loss": 0.13092363403554544,
    "train_accuracy": 0.9558780433838836,
    "train_avg_precision": 0.8512168201996874,
    "train_min_precision": 0.2598498865877217,
    "train_avg_recall": 0.8383252814549222,
    "train_min_recall": 0.1787736886074836,
    "validation_loss": 0.6054902419447898,
    "validation_accuracy": 0.7985351562499999,
    "validation_avg_precision": 0.7956391525744569,
    "validation_min_precision": 0.39702321091493153,
    "validation_avg_recall": 0.7950852060216329,
    "validation_min_recall": 0.08930084469014839
}