{
    "train_loss": 0.011551486875600462,
    "train_accuracy": 0.9981496710526323,
    "train_avg_precision": 0.9949465887896678,
    "train_min_precision": 0.9534999467552954,
    "train_avg_recall": 0.9916794776153863,
    "train_min_recall": 0.9222693116793295,
    "validation_loss": 0.7108847677707673,
    "validation_accuracy": 0.8419921875000003,
    "validation_avg_precision": 0.8441040323309594,
    "validation_min_precision": 0.6049728485129569,
    "validation_avg_recall": 0.8409811436906268,
    "validation_min_recall": 0.3609626208339664
}