{
    "train_loss": 0.14620843581986004,
    "train_accuracy": 0.9493676267172169,
    "train_avg_precision": 0.8306865037309472,
    "train_min_precision": 0.11685333357159983,
    "train_avg_recall": 0.8245895168963366,
    "train_min_recall": 0.08680033416875522,
    "validation_loss": 0.609487497061491,
    "validation_accuracy": 0.7949218749999998,
    "validation_avg_precision": 0.7884792591315333,
    "validation_min_precision": 0.40871030832338234,
    "validation_avg_recall": 0.7950526885026502,
    "validation_min_recall": 0.06978083759558314
}