{
    "train_loss": 0.014165185432750407,
    "train_accuracy": 0.9974643640350889,
    "train_avg_precision": 0.9924652847409248,
    "train_min_precision": 0.9510410804412983,
    "train_avg_recall": 0.9866055634509381,
    "train_min_recall": 0.8925054907730352,
    "validation_loss": 0.6351188726723194,
    "validation_accuracy": 0.8475585937499999,
    "validation_avg_precision": 0.8524877829302558,
    "validation_min_precision": 0.6206431957917259,
    "validation_avg_recall": 0.8484440260720663,
    "validation_min_recall": 0.38828926009785286
}