{
    "train_loss": 0.14741329260562597,
    "train_accuracy": 0.9494763309495499,
    "train_avg_precision": 0.8290709944141581,
    "train_min_precision": 0.158892601875058,
    "train_avg_recall": 0.8207562895879131,
    "train_min_recall": 0.1206140350877193,
    "validation_loss": 0.6144858866930009,
    "validation_accuracy": 0.79658203125,
    "validation_avg_precision": 0.7948663222569056,
    "validation_min_precision": 0.377284259196024,
    "validation_avg_recall": 0.7946785965257622,
    "validation_min_recall": 0.06008713303256723
}