{
    "train_loss": 0.1651302547308437,
    "train_accuracy": 0.9432400370899008,
    "train_avg_precision": 0.8298710121002064,
    "train_min_precision": 0.2014222648123577,
    "train_avg_recall": 0.817049160651507,
    "train_min_recall": 0.15806688438267386,
    "validation_loss": 0.6329066902399062,
    "validation_accuracy": 0.7846679687500002,
    "validation_avg_precision": 0.778049634893326,
    "validation_min_precision": 0.3653891508078847,
    "validation_avg_recall": 0.7827805584833205,
    "validation_min_recall": 0.05513962252861106
}