{
    "train_loss": 0.059115056340631675,
    "train_accuracy": 0.9798236165130357,
    "train_avg_precision": 0.9088385322545979,
    "train_min_precision": 0.3897523977015997,
    "train_avg_recall": 0.8960469001481088,
    "train_min_recall": 0.2650019238658175,
    "validation_loss": 0.6241553917527201,
    "validation_accuracy": 0.82373046875,
    "validation_avg_precision": 0.829308789247574,
    "validation_min_precision": 0.49335548003970625,
    "validation_avg_recall": 0.82327585175344,
    "validation_min_recall": 0.07101002696868455
}