{
    "train_loss": 0.14413523425658545,
    "train_accuracy": 0.9498993304737834,
    "train_avg_precision": 0.825583960342064,
    "train_min_precision": 0.12701577175261386,
    "train_avg_recall": 0.8179541689765492,
    "train_min_recall": 0.10321637426900583,
    "validation_loss": 0.6310483522713185,
    "validation_accuracy": 0.7891601562499999,
    "validation_avg_precision": 0.7824999599093423,
    "validation_min_precision": 0.3459205326401653,
    "validation_avg_recall": 0.7867511619244535,
    "validation_min_recall": 0.05687135581761649
}