{
    "train_loss": 0.14660442437519106,
    "train_accuracy": 0.9492305653137081,
    "train_avg_precision": 0.8342826011330046,
    "train_min_precision": 0.1485209235209235,
    "train_avg_recall": 0.824041341321338,
    "train_min_recall": 0.12259816207184628,
    "validation_loss": 0.6310276091098783,
    "validation_accuracy": 0.7890625000000003,
    "validation_avg_precision": 0.7811999895662515,
    "validation_min_precision": 0.38766117521073434,
    "validation_avg_recall": 0.7905947438418972,
    "validation_min_recall": 0.07154935225744985
}