{
    "train_loss": 0.16209214664342117,
    "train_accuracy": 0.9436110477698484,
    "train_avg_precision": 0.8276905394381217,
    "train_min_precision": 0.14743275858234306,
    "train_avg_recall": 0.8016685139158942,
    "train_min_recall": 0.12179058758006125,
    "validation_loss": 0.6798528745770454,
    "validation_accuracy": 0.7719726562499999,
    "validation_avg_precision": 0.7637250051481796,
    "validation_min_precision": 0.3805529684164355,
    "validation_avg_recall": 0.7692987578130346,
    "validation_min_recall": 0.06079743057142818
}