{
    "train_loss": 0.015828676611642563,
    "train_accuracy": 0.9967105263157905,
    "train_avg_precision": 0.9898209964330797,
    "train_min_precision": 0.9084161876295651,
    "train_avg_recall": 0.9850983423285009,
    "train_min_recall": 0.8801905207227645,
    "validation_loss": 0.63663441054523,
    "validation_accuracy": 0.8455078125,
    "validation_avg_precision": 0.8521072653994654,
    "validation_min_precision": 0.6153469511634483,
    "validation_avg_recall": 0.8441005773892143,
    "validation_min_recall": 0.3242449536999466
}