{
    "train_loss": 0.3943360704079009,
    "train_accuracy": 0.8610268266577464,
    "train_avg_precision": 0.6420888769582871,
    "train_min_precision": 0.007017543859649123,
    "train_avg_recall": 0.6257455230479264,
    "train_min_recall": 0.007017543859649123,
    "validation_loss": 1.2229072198271755,
    "validation_accuracy": 0.5946289062499999,
    "validation_avg_precision": 0.5322050557889372,
    "validation_min_precision": 0.0,
    "validation_avg_recall": 0.5941910881408536,
    "validation_min_recall": 0.0
}