{
    "train_loss": 0.014250929344837604,
    "train_accuracy": 0.9976014254385976,
    "train_avg_precision": 0.9884772243328435,
    "train_min_precision": 0.8967296605876707,
    "train_avg_recall": 0.9849963034059954,
    "train_min_recall": 0.8656019088527214,
    "validation_loss": 0.6474064961075783,
    "validation_accuracy": 0.8432617187500001,
    "validation_avg_precision": 0.8474014049872958,
    "validation_min_precision": 0.6004354654372255,
    "validation_avg_recall": 0.8420111500145361,
    "validation_min_recall": 0.3580756290861498
}