{
    "train_loss": 0.17891700069109595,
    "train_accuracy": 0.9375803460154625,
    "train_avg_precision": 0.8197050618751565,
    "train_min_precision": 0.10242272347535505,
    "train_avg_recall": 0.79464550266975,
    "train_min_recall": 0.08741360978203083,
    "validation_loss": 0.6862241744995118,
    "validation_accuracy": 0.7746093749999997,
    "validation_avg_precision": 0.7564352281960435,
    "validation_min_precision": 0.21136496315524722,
    "validation_avg_recall": 0.7698431817198872,
    "validation_min_recall": 0.02057821923609091
}