{
    "train_loss": 0.18142157845329818,
    "train_accuracy": 0.9390880214540589,
    "train_avg_precision": 0.8096941897330078,
    "train_min_precision": 0.12039142426954061,
    "train_avg_recall": 0.7950363124783129,
    "train_min_recall": 0.07903091060985798,
    "validation_loss": 0.681076203286648,
    "validation_accuracy": 0.7709960937499999,
    "validation_avg_precision": 0.751424755216126,
    "validation_min_precision": 0.2226094022884027,
    "validation_avg_recall": 0.7692204999353466,
    "validation_min_recall": 0.02554036034292172
}