{
    "train_loss": 0.14437992583241385,
    "train_accuracy": 0.950338872901181,
    "train_avg_precision": 0.8354527738565879,
    "train_min_precision": 0.15974996413592904,
    "train_avg_recall": 0.8275534889333019,
    "train_min_recall": 0.12980367585630742,
    "validation_loss": 0.5974048107862473,
    "validation_accuracy": 0.79775390625,
    "validation_avg_precision": 0.7896876695778546,
    "validation_min_precision": 0.38255157238815435,
    "validation_avg_recall": 0.7987379958903859,
    "validation_min_recall": 0.07303216143037146
}