{
    "train_loss": 0.15304032281825417,
    "train_accuracy": 0.9472715331797025,
    "train_avg_precision": 0.831254820201269,
    "train_min_precision": 0.17521579779275212,
    "train_avg_recall": 0.8231163532171062,
    "train_min_recall": 0.12174506779769936,
    "validation_loss": 0.6085828758776186,
    "validation_accuracy": 0.7941406249999998,
    "validation_avg_precision": 0.7805081169647569,
    "validation_min_precision": 0.3729165059133871,
    "validation_avg_recall": 0.7891038083925944,
    "validation_min_recall": 0.06422265174490074
}