{
    "train_loss": 0.15375997492095878,
    "train_accuracy": 0.9477914205768659,
    "train_avg_precision": 0.8296491481876354,
    "train_min_precision": 0.14023306658531534,
    "train_avg_recall": 0.818084317846947,
    "train_min_recall": 0.09227234753550542,
    "validation_loss": 0.6404227912425995,
    "validation_accuracy": 0.7889648437499999,
    "validation_avg_precision": 0.7830487496761303,
    "validation_min_precision": 0.3849806349968425,
    "validation_avg_recall": 0.7860235343569917,
    "validation_min_recall": 0.06490806126698746
}