{
    "train_loss": 0.011451960512714686,
    "train_accuracy": 0.9980126096491235,
    "train_avg_precision": 0.9966270082391138,
    "train_min_precision": 0.9678314530343921,
    "train_avg_recall": 0.9895891231378389,
    "train_min_recall": 0.9037316528153005,
    "validation_loss": 0.6865332208573816,
    "validation_accuracy": 0.8436523437499999,
    "validation_avg_precision": 0.8520066697231052,
    "validation_min_precision": 0.6031527220529079,
    "validation_avg_recall": 0.8439309582291595,
    "validation_min_recall": 0.3595244964124058
}