{
    "train_loss": 0.14714393738591883,
    "train_accuracy": 0.9492589235305794,
    "train_avg_precision": 0.8288783390310853,
    "train_min_precision": 0.1395800106326422,
    "train_avg_recall": 0.823884760350262,
    "train_min_recall": 0.12849157206742345,
    "validation_loss": 0.6130120880901813,
    "validation_accuracy": 0.79560546875,
    "validation_avg_precision": 0.7873772710876306,
    "validation_min_precision": 0.4132820741929002,
    "validation_avg_recall": 0.7926897928851546,
    "validation_min_recall": 0.06168175834571149
}