{
    "train_loss": 0.08903826113071357,
    "train_accuracy": 0.9696928879670939,
    "train_avg_precision": 0.8964792842806282,
    "train_min_precision": 0.39396710826909803,
    "train_avg_recall": 0.8969280450608181,
    "train_min_recall": 0.38014064685513754,
    "validation_loss": 0.5068585991859436,
    "validation_accuracy": 0.8333984375000001,
    "validation_avg_precision": 0.8354037720985299,
    "validation_min_precision": 0.5625561334471616,
    "validation_avg_recall": 0.8313857811650058,
    "validation_min_recall": 0.32764959413415506
}