{
    "train_loss": 0.19524858460614555,
    "train_accuracy": 0.9351652295965905,
    "train_avg_precision": 0.8053769266469977,
    "train_min_precision": 0.10555555555555556,
    "train_avg_recall": 0.8032546890708256,
    "train_min_recall": 0.09036226930963773,
    "validation_loss": 0.6512745670974256,
    "validation_accuracy": 0.7781250000000002,
    "validation_avg_precision": 0.7729432294516095,
    "validation_min_precision": 0.35636048199125653,
    "validation_avg_recall": 0.7782644993803359,
    "validation_min_recall": 0.05552833519496243
}