{
    "train_loss": 0.013383505735219566,
    "train_accuracy": 0.9979440789473695,
    "train_avg_precision": 0.9951078075722444,
    "train_min_precision": 0.9568748113998382,
    "train_avg_recall": 0.9925200969934895,
    "train_min_recall": 0.92956454998499,
    "validation_loss": 0.6589227139949799,
    "validation_accuracy": 0.8438476562500001,
    "validation_avg_precision": 0.8458298244035902,
    "validation_min_precision": 0.6014377937576374,
    "validation_avg_recall": 0.8446440737608257,
    "validation_min_recall": 0.37395624748093664
}