{
    "train_loss": 0.07556544466499696,
    "train_accuracy": 0.9735589644365151,
    "train_avg_precision": 0.9337919238794482,
    "train_min_precision": 0.5526204566360577,
    "train_avg_recall": 0.916410733316961,
    "train_min_recall": 0.4566087491129864,
    "validation_loss": 0.628438927978277,
    "validation_accuracy": 0.819140625,
    "validation_avg_precision": 0.8315811793810772,
    "validation_min_precision": 0.5159894562852748,
    "validation_avg_recall": 0.8169259990256625,
    "validation_min_recall": 0.22750760308477375
}