{
    "train_loss": 0.14730880925791306,
    "train_accuracy": 0.9493558114035094,
    "train_avg_precision": 0.8309815977729378,
    "train_min_precision": 0.15861876914508494,
    "train_avg_recall": 0.8180641258622963,
    "train_min_recall": 0.13026315789473686,
    "validation_loss": 0.6203861817717552,
    "validation_accuracy": 0.7952148437499998,
    "validation_avg_precision": 0.7898780465094012,
    "validation_min_precision": 0.39230868023502596,
    "validation_avg_recall": 0.7969812842998737,
    "validation_min_recall": 0.08054928855501858
}