{
    "train_loss": 0.03969956052146459,
    "train_accuracy": 0.986293859649124,
    "train_avg_precision": 0.9649136442668851,
    "train_min_precision": 0.7176556116173065,
    "train_avg_recall": 0.9416839224432398,
    "train_min_recall": 0.6232730404557032,
    "validation_loss": 0.6186727531254291,
    "validation_accuracy": 0.8320312499999999,
    "validation_avg_precision": 0.840093503542045,
    "validation_min_precision": 0.5914633200242629,
    "validation_avg_recall": 0.8299623680457268,
    "validation_min_recall": 0.33001424459716
}