{
    "train_loss": 0.013761169366996014,
    "train_accuracy": 0.9978070175438605,
    "train_avg_precision": 0.9905233759724268,
    "train_min_precision": 0.9113666782130943,
    "train_avg_recall": 0.9862519023851588,
    "train_min_recall": 0.8775436637665746,
    "validation_loss": 0.6512817256152632,
    "validation_accuracy": 0.8445312500000002,
    "validation_avg_precision": 0.8472224771970709,
    "validation_min_precision": 0.6187899952073004,
    "validation_avg_recall": 0.8425135593070628,
    "validation_min_recall": 0.3767917458724712
}