{
    "train_loss": 0.19116171096500598,
    "train_accuracy": 0.9352337602983448,
    "train_avg_precision": 0.7995730357873253,
    "train_min_precision": 0.07041910331384016,
    "train_avg_recall": 0.7931571446605575,
    "train_min_recall": 0.06548948127895496,
    "validation_loss": 0.750142991542816,
    "validation_accuracy": 0.7705078124999999,
    "validation_avg_precision": 0.7565310311708218,
    "validation_min_precision": 0.2486178204231347,
    "validation_avg_recall": 0.766294479349054,
    "validation_min_recall": 0.030069406977808816
}