{
    "train_loss": 0.14825452158325592,
    "train_accuracy": 0.948887911804936,
    "train_avg_precision": 0.8304900488166782,
    "train_min_precision": 0.14130751715891032,
    "train_avg_recall": 0.8141397262936441,
    "train_min_recall": 0.094416597048176,
    "validation_loss": 0.6270206190645695,
    "validation_accuracy": 0.79169921875,
    "validation_avg_precision": 0.7794900331324742,
    "validation_min_precision": 0.339798089088312,
    "validation_avg_recall": 0.7922610449375456,
    "validation_min_recall": 0.07372940707494233
}