{
    "train_loss": 0.019565232751662272,
    "train_accuracy": 0.9957510964912293,
    "train_avg_precision": 0.9807165895739738,
    "train_min_precision": 0.8312199086665832,
    "train_avg_recall": 0.972605235348341,
    "train_min_recall": 0.7750813881680221,
    "validation_loss": 0.6054476618766785,
    "validation_accuracy": 0.8474609375,
    "validation_avg_precision": 0.8507688588966545,
    "validation_min_precision": 0.6044839987057615,
    "validation_avg_recall": 0.844986427451365,
    "validation_min_recall": 0.36063929686794616
}