{
    "train_loss": 0.17760307446383602,
    "train_accuracy": 0.938197122331252,
    "train_avg_precision": 0.7990514103684925,
    "train_min_precision": 0.09619883040935671,
    "train_avg_recall": 0.8056890066615998,
    "train_min_recall": 0.07602339181286549,
    "validation_loss": 0.6202086731791497,
    "validation_accuracy": 0.7890625,
    "validation_avg_precision": 0.7776355062638579,
    "validation_min_precision": 0.3453284470339815,
    "validation_avg_recall": 0.7882843103606002,
    "validation_min_recall": 0.05335001807322129
}