{
    "train_loss": 0.012433499628841356,
    "train_accuracy": 0.9980811403508785,
    "train_avg_precision": 0.9884900750630154,
    "train_min_precision": 0.9045820333146624,
    "train_avg_recall": 0.9865043178789825,
    "train_min_recall": 0.8797388990584207,
    "validation_loss": 0.7270835787057878,
    "validation_accuracy": 0.8435546875000003,
    "validation_avg_precision": 0.8475320393657165,
    "validation_min_precision": 0.6140477841313978,
    "validation_avg_recall": 0.8425989412635712,
    "validation_min_recall": 0.3533125184180873
}