{
    "train_loss": 0.1510563964645068,
    "train_accuracy": 0.9475172977698485,
    "train_avg_precision": 0.8312006772241356,
    "train_min_precision": 0.16002324652210237,
    "train_avg_recall": 0.8243501829806813,
    "train_min_recall": 0.12301587301587301,
    "validation_loss": 0.6237395301461218,
    "validation_accuracy": 0.7918945312500001,
    "validation_avg_precision": 0.7846794245720606,
    "validation_min_precision": 0.4046164965763097,
    "validation_avg_recall": 0.7912124008298301,
    "validation_min_recall": 0.06640469064474395
}