{
    "train_loss": 0.14588604344610578,
    "train_accuracy": 0.949681923054813,
    "train_avg_precision": 0.8254877075358564,
    "train_min_precision": 0.1804789002676814,
    "train_avg_recall": 0.8236002100338695,
    "train_min_recall": 0.14082428292954607,
    "validation_loss": 0.6079034771770239,
    "validation_accuracy": 0.7996093750000002,
    "validation_avg_precision": 0.7882475305877953,
    "validation_min_precision": 0.3498758979942331,
    "validation_avg_recall": 0.7982584823858909,
    "validation_min_recall": 0.04854922337106521
}