{
    "train_loss": 0.23401301236529098,
    "train_accuracy": 0.9221562126226598,
    "train_avg_precision": 0.7833616136342942,
    "train_min_precision": 0.08419116897935897,
    "train_avg_recall": 0.7629562635824044,
    "train_min_recall": 0.06292815371762739,
    "validation_loss": 0.8321522340178489,
    "validation_accuracy": 0.7362304687499999,
    "validation_avg_precision": 0.7091364353454775,
    "validation_min_precision": 0.042314302919080116,
    "validation_avg_recall": 0.7334603648023716,
    "validation_min_recall": 0.0039054330065359474
}