{
    "train_loss": 0.05569460886742986,
    "train_accuracy": 0.9811658723312522,
    "train_avg_precision": 0.9385489369872189,
    "train_min_precision": 0.5602632369656135,
    "train_avg_recall": 0.9207183121720486,
    "train_min_recall": 0.4782609293621879,
    "validation_loss": 0.5670756675302983,
    "validation_accuracy": 0.8337890625000002,
    "validation_avg_precision": 0.8435498733954707,
    "validation_min_precision": 0.5554701726533995,
    "validation_avg_recall": 0.8335038570512707,
    "validation_min_recall": 0.2728831332969252
}