{
    "train_loss": 0.013269430255157902,
    "train_accuracy": 0.9979440789473695,
    "train_avg_precision": 0.9930350631766152,
    "train_min_precision": 0.9450588936056601,
    "train_avg_recall": 0.9900028260963964,
    "train_min_recall": 0.9099467737717537,
    "validation_loss": 0.6402295060455802,
    "validation_accuracy": 0.8489257812500001,
    "validation_avg_precision": 0.8561641193004501,
    "validation_min_precision": 0.6268462164528403,
    "validation_avg_recall": 0.8509856992557264,
    "validation_min_recall": 0.37109367181626013
}