{
    "train_loss": 0.15123276438629416,
    "train_accuracy": 0.9473235220239881,
    "train_avg_precision": 0.818095816264351,
    "train_min_precision": 0.11403508771929825,
    "train_avg_recall": 0.8112091853044477,
    "train_min_recall": 0.08546915879039291,
    "validation_loss": 0.6262809678912161,
    "validation_accuracy": 0.7892578124999998,
    "validation_avg_precision": 0.7839984259879477,
    "validation_min_precision": 0.37261100625306764,
    "validation_avg_recall": 0.7898125716388695,
    "validation_min_recall": 0.062360163550372286
}