{
    "train_loss": 0.07059493909279506,
    "train_accuracy": 0.9766546623748655,
    "train_avg_precision": 0.9369642347313862,
    "train_min_precision": 0.5598200068935609,
    "train_avg_recall": 0.905003203060901,
    "train_min_recall": 0.3951598670520593,
    "validation_loss": 0.5796656981110573,
    "validation_accuracy": 0.8166015625,
    "validation_avg_precision": 0.8246689695038686,
    "validation_min_precision": 0.5456557137548328,
    "validation_avg_recall": 0.814744553698356,
    "validation_min_recall": 0.17607166845122507
}