{
    "train_loss": 0.2651950322222291,
    "train_accuracy": 0.9127958636534846,
    "train_avg_precision": 0.7472188303710888,
    "train_min_precision": 0.010964912280701754,
    "train_avg_recall": 0.742046317762099,
    "train_min_recall": 0.012531328320802006,
    "validation_loss": 0.8655894860625266,
    "validation_accuracy": 0.7226562499999999,
    "validation_avg_precision": 0.6913035882943429,
    "validation_min_precision": 0.007954545454545454,
    "validation_avg_recall": 0.7205804463288976,
    "validation_min_recall": 0.0008620689655172414
}