{
    "train_loss": 0.05145380729319233,
    "train_accuracy": 0.9839638157894748,
    "train_avg_precision": 0.9520642997391224,
    "train_min_precision": 0.6522887697494788,
    "train_avg_recall": 0.9308994084614317,
    "train_min_recall": 0.4930698701596535,
    "validation_loss": 0.5778098460286857,
    "validation_accuracy": 0.8316406250000002,
    "validation_avg_precision": 0.8428760376167176,
    "validation_min_precision": 0.5594403072158841,
    "validation_avg_recall": 0.8316277934158844,
    "validation_min_recall": 0.20686396794143158
}