{
    "train_loss": 0.02382290737474697,
    "train_accuracy": 0.9940378289473697,
    "train_avg_precision": 0.9844664912817007,
    "train_min_precision": 0.8745999454786084,
    "train_avg_recall": 0.975585427469311,
    "train_min_recall": 0.8141686603635656,
    "validation_loss": 0.5673576802015305,
    "validation_accuracy": 0.8496093750000001,
    "validation_avg_precision": 0.8530358972904895,
    "validation_min_precision": 0.6295368442780346,
    "validation_avg_recall": 0.8498537756976042,
    "validation_min_recall": 0.39967548734037855
}