{
    "train_loss": 0.25956951029468,
    "train_accuracy": 0.916279114129251,
    "train_avg_precision": 0.7664643602997873,
    "train_min_precision": 0.050955165692007795,
    "train_avg_recall": 0.7323467828076973,
    "train_min_recall": 0.03968253968253968,
    "validation_loss": 0.8783325031399725,
    "validation_accuracy": 0.7126953125000002,
    "validation_avg_precision": 0.6806494082365498,
    "validation_min_precision": 0.007894736842105263,
    "validation_avg_recall": 0.7099080495067422,
    "validation_min_recall": 0.0007352941176470588
}