{
    "train_loss": 0.022436317971401044,
    "train_accuracy": 0.9939409410744393,
    "train_avg_precision": 0.9848382682864288,
    "train_min_precision": 0.8743510921397724,
    "train_avg_recall": 0.9712246672573199,
    "train_min_recall": 0.7667129559538242,
    "validation_loss": 0.625335993617773,
    "validation_accuracy": 0.8444335937500003,
    "validation_avg_precision": 0.8467933365098935,
    "validation_min_precision": 0.5828394259788525,
    "validation_avg_recall": 0.8399594604543914,
    "validation_min_recall": 0.3434210262577668
}