{
    "train_loss": 0.1445199737423345,
    "train_accuracy": 0.9496417495242345,
    "train_avg_precision": 0.841102049529769,
    "train_min_precision": 0.1904223571406234,
    "train_avg_recall": 0.8304664133414207,
    "train_min_recall": 0.16104333689473008,
    "validation_loss": 0.634012557566166,
    "validation_accuracy": 0.7875,
    "validation_avg_precision": 0.7840068811561132,
    "validation_min_precision": 0.39193128430094387,
    "validation_avg_recall": 0.7891710291580657,
    "validation_min_recall": 0.06427011051861299
}