{
    "train_loss": 0.2766418187764653,
    "train_accuracy": 0.9053827325503034,
    "train_avg_precision": 0.7314743838689052,
    "train_min_precision": 0.03167641325536062,
    "train_avg_recall": 0.7393531569622062,
    "train_min_recall": 0.027777777777777776,
    "validation_loss": 0.8527978152036668,
    "validation_accuracy": 0.7161132812499998,
    "validation_avg_precision": 0.6815663913779695,
    "validation_min_precision": 0.0125,
    "validation_avg_recall": 0.711325581249475,
    "validation_min_recall": 0.0013157894736842105
}