{
    "train_loss": 0.2311299696826099,
    "train_accuracy": 0.9203625980176428,
    "train_avg_precision": 0.7872822289942726,
    "train_min_precision": 0.048470535312640575,
    "train_avg_recall": 0.7543501369532728,
    "train_min_recall": 0.03968253968253968,
    "validation_loss": 0.8329319447278976,
    "validation_accuracy": 0.7284179687499999,
    "validation_avg_precision": 0.7178241098949392,
    "validation_min_precision": 0.14861087123323416,
    "validation_avg_recall": 0.7292950169921552,
    "validation_min_recall": 0.01594790027979683
}