{
    "train_loss": 0.47060670403012067,
    "train_accuracy": 0.8413537887104764,
    "train_avg_precision": 0.5856332382239434,
    "train_min_precision": 0.0,
    "train_avg_recall": 0.5712214687778014,
    "train_min_recall": 0.0,
    "validation_loss": 1.4185744762420658,
    "validation_accuracy": 0.5533203125,
    "validation_avg_precision": 0.5039162381518543,
    "validation_min_precision": 0.0,
    "validation_avg_recall": 0.554998500937924,
    "validation_min_recall": 0.0
}