{
    "train_loss": 0.016668749768940505,
    "train_accuracy": 0.9967105263157903,
    "train_avg_precision": 0.9906636134280711,
    "train_min_precision": 0.915649088788165,
    "train_avg_recall": 0.9855629571489535,
    "train_min_recall": 0.8801139634682393,
    "validation_loss": 0.6282256834208967,
    "validation_accuracy": 0.84443359375,
    "validation_avg_precision": 0.8480524160307472,
    "validation_min_precision": 0.5880352018459349,
    "validation_avg_recall": 0.8444705181960265,
    "validation_min_recall": 0.36582336970301804
}