{
    "train_loss": 0.19428402446863943,
    "train_accuracy": 0.9347422300723568,
    "train_avg_precision": 0.8074046425466483,
    "train_min_precision": 0.12842194250862982,
    "train_avg_recall": 0.803142745107563,
    "train_min_recall": 0.10290878711931344,
    "validation_loss": 0.7075521234422921,
    "validation_accuracy": 0.7740234375000001,
    "validation_avg_precision": 0.7642340452836723,
    "validation_min_precision": 0.2571923616010175,
    "validation_avg_recall": 0.7745597972592467,
    "validation_min_recall": 0.04577134472646803
}