{
    "train_loss": 0.14809526359302957,
    "train_accuracy": 0.949533046337597,
    "train_avg_precision": 0.8263200187322834,
    "train_min_precision": 0.16109022556390976,
    "train_avg_recall": 0.8178938287319761,
    "train_min_recall": 0.1264667043953971,
    "validation_loss": 0.6162246473133565,
    "validation_accuracy": 0.7935546875000002,
    "validation_avg_precision": 0.7871921636972218,
    "validation_min_precision": 0.40181629759955106,
    "validation_avg_recall": 0.7913811266902473,
    "validation_min_recall": 0.06621865562651696
}