{
    "train_loss": 0.02249795680440831,
    "train_accuracy": 0.9946546052631589,
    "train_avg_precision": 0.9861657223178208,
    "train_min_precision": 0.8868484644315515,
    "train_avg_recall": 0.9762465384968584,
    "train_min_recall": 0.8011159727154171,
    "validation_loss": 0.6176495857536792,
    "validation_accuracy": 0.8444335937499999,
    "validation_avg_precision": 0.8509360025644114,
    "validation_min_precision": 0.5997757283022114,
    "validation_avg_recall": 0.8442269357742087,
    "validation_min_recall": 0.3513572615975449
}