{
    "train_loss": 0.1740320209871259,
    "train_accuracy": 0.9411557588660935,
    "train_avg_precision": 0.8055728376412733,
    "train_min_precision": 0.09335016835016835,
    "train_avg_recall": 0.799617256089383,
    "train_min_recall": 0.06725146198830409,
    "validation_loss": 0.6350746750831605,
    "validation_accuracy": 0.7828125000000001,
    "validation_avg_precision": 0.776312896568595,
    "validation_min_precision": 0.3398227480000354,
    "validation_avg_recall": 0.7818062948619804,
    "validation_min_recall": 0.06490608822979124
}