{
    "train_loss": 0.15198025329594028,
    "train_accuracy": 0.9479402983397776,
    "train_avg_precision": 0.8247394456459263,
    "train_min_precision": 0.14078812077427036,
    "train_avg_recall": 0.8201409832958819,
    "train_min_recall": 0.1165001033422086,
    "validation_loss": 0.6234323434531688,
    "validation_accuracy": 0.7915039062500002,
    "validation_avg_precision": 0.7850787718915936,
    "validation_min_precision": 0.4354657068620227,
    "validation_avg_recall": 0.7903322370150673,
    "validation_min_recall": 0.06748790093220032
}