{
    "train_loss": 0.07495317630992647,
    "train_accuracy": 0.9742442714540591,
    "train_avg_precision": 0.9322042591658092,
    "train_min_precision": 0.5408599862323001,
    "train_avg_recall": 0.902085147288884,
    "train_min_recall": 0.44307225778187664,
    "validation_loss": 0.5779105164110659,
    "validation_accuracy": 0.8216796875000002,
    "validation_avg_precision": 0.8263539479318772,
    "validation_min_precision": 0.5216623890785681,
    "validation_avg_recall": 0.8199941508460123,
    "validation_min_recall": 0.23848493522897943
}