{
    "train_loss": 0.1458030861982128,
    "train_accuracy": 0.9501616379670937,
    "train_avg_precision": 0.8376157208580943,
    "train_min_precision": 0.20314893769015555,
    "train_avg_recall": 0.8230807887234348,
    "train_min_recall": 0.15584795321637424,
    "validation_loss": 0.6082738943397997,
    "validation_accuracy": 0.7941406249999999,
    "validation_avg_precision": 0.7933027359956775,
    "validation_min_precision": 0.40424781048749425,
    "validation_avg_recall": 0.7921608803488918,
    "validation_min_recall": 0.07904241159942053
}