{
    "train_loss": 0.02141987900004575,
    "train_accuracy": 0.9949003708990009,
    "train_avg_precision": 0.9847921941274412,
    "train_min_precision": 0.8738772405507906,
    "train_avg_recall": 0.974767396055659,
    "train_min_recall": 0.7940778338121152,
    "validation_loss": 0.6051643647253514,
    "validation_accuracy": 0.8430664062499998,
    "validation_avg_precision": 0.8494139019608227,
    "validation_min_precision": 0.604196670187577,
    "validation_avg_recall": 0.8434613949487058,
    "validation_min_recall": 0.3595822575318117
}