{
    "train_loss": 0.2085881322099451,
    "train_accuracy": 0.928683171146795,
    "train_avg_precision": 0.7994657963083203,
    "train_min_precision": 0.09247600813977291,
    "train_avg_recall": 0.7776214792230041,
    "train_min_recall": 0.06081871345029239,
    "validation_loss": 0.740452554821968,
    "validation_accuracy": 0.75625,
    "validation_avg_precision": 0.7531284424366647,
    "validation_min_precision": 0.30785778910778916,
    "validation_avg_recall": 0.7561223747410256,
    "validation_min_recall": 0.05336515291087178
}