{
    "train_loss": 0.019963297731520835,
    "train_accuracy": 0.9952713815789485,
    "train_avg_precision": 0.9870395557734728,
    "train_min_precision": 0.8865753049332183,
    "train_avg_recall": 0.9770286317874066,
    "train_min_recall": 0.7983145130697231,
    "validation_loss": 0.6088853605091572,
    "validation_accuracy": 0.8422851562499999,
    "validation_avg_precision": 0.8459838157573288,
    "validation_min_precision": 0.6104218779124901,
    "validation_avg_recall": 0.8420825953593511,
    "validation_min_recall": 0.3587259802072242
}