{
    "train_loss": 0.14924539991638117,
    "train_accuracy": 0.9478552257805547,
    "train_avg_precision": 0.8192697604545112,
    "train_min_precision": 0.08808479532163742,
    "train_avg_recall": 0.8161164815961526,
    "train_min_recall": 0.07602339181286549,
    "validation_loss": 0.6213674321770669,
    "validation_accuracy": 0.7927734374999998,
    "validation_avg_precision": 0.7881137377232035,
    "validation_min_precision": 0.40276232770089004,
    "validation_avg_recall": 0.7905272130794956,
    "validation_min_recall": 0.06690473199714908
}