{
    "train_loss": 0.15242388386998262,
    "train_accuracy": 0.947997012682129,
    "train_avg_precision": 0.8222783159014482,
    "train_min_precision": 0.14587409250438776,
    "train_avg_recall": 0.8105407687105081,
    "train_min_recall": 0.09663742690058477,
    "validation_loss": 0.6180049836635588,
    "validation_accuracy": 0.7922851562500003,
    "validation_avg_precision": 0.7893226349066829,
    "validation_min_precision": 0.3962137390872602,
    "validation_avg_recall": 0.7905674436973362,
    "validation_min_recall": 0.06301538636403765
}