{
    "train_loss": 0.1458604018154897,
    "train_accuracy": 0.9497788109277431,
    "train_avg_precision": 0.8295918544560228,
    "train_min_precision": 0.15618853898030097,
    "train_avg_recall": 0.8177313535559807,
    "train_min_recall": 0.11059276980329613,
    "validation_loss": 0.624836767464876,
    "validation_accuracy": 0.78916015625,
    "validation_avg_precision": 0.7807840851207072,
    "validation_min_precision": 0.38639100335209353,
    "validation_avg_recall": 0.7876908844797564,
    "validation_min_recall": 0.068470693248791
}