{
    "train_loss": 0.14795886855899243,
    "train_accuracy": 0.9491903928288251,
    "train_avg_precision": 0.832412710743316,
    "train_min_precision": 0.17681262777540055,
    "train_avg_recall": 0.8201361380502342,
    "train_min_recall": 0.10728383458646616,
    "validation_loss": 0.6033826503902675,
    "validation_accuracy": 0.7974609374999997,
    "validation_avg_precision": 0.7895915414907382,
    "validation_min_precision": 0.39915652609741104,
    "validation_avg_recall": 0.7964793605698364,
    "validation_min_recall": 0.06842707155205605
}