{
    "train_loss": 0.18646562190955143,
    "train_accuracy": 0.9343026886906547,
    "train_avg_precision": 0.800244159107775,
    "train_min_precision": 0.09708298524087997,
    "train_avg_recall": 0.8223069490110906,
    "train_min_recall": 0.0906015037593985,
    "validation_loss": 0.6357275277376173,
    "validation_accuracy": 0.7932617187499998,
    "validation_avg_precision": 0.7687819533821929,
    "validation_min_precision": 0.19567732514321645,
    "validation_avg_recall": 0.7926195902530653,
    "validation_min_recall": 0.017964745139319036
}