{
    "train_loss": 3.0770527364648124,
    "train_zero_shot_top_1": 0.0,
    "train_zero_shot_top_2": 0.0,
    "validation_loss": 9.590561606667256,
    "validation_zero_shot_top_1": 0.13811920667856034,
    "validation_zero_shot_top_2": 0.4180881312053986,
    "train_variance": 1.297451138496399,
    "validation_variance": 399.3068542480469
}