{
    "train_loss": 3.0887395709144823,
    "train_zero_shot_top_1": 0.0,
    "train_zero_shot_top_2": 0.0,
    "validation_loss": 9.05185690793124,
    "validation_zero_shot_top_1": 0.13878277226186783,
    "validation_zero_shot_top_2": 0.41893470757058643,
    "train_variance": 2.5557217597961426,
    "validation_variance": 243.7003936767578
}