{
    "train_loss": 3.101163942899023,
    "train_zero_shot_top_1": 0.0,
    "train_zero_shot_top_2": 0.0,
    "validation_loss": 7.19050897251476,
    "validation_zero_shot_top_1": 0.28236139660254417,
    "validation_zero_shot_top_2": 0.5265644391870928,
    "train_variance": 2.7470648288726807,
    "validation_variance": 36.68842697143555
}