{
    "train_loss": 3.147198740316897,
    "train_zero_shot_top_1": 0.0,
    "train_zero_shot_top_2": 0.0,
    "validation_loss": 7.143667091022839,
    "validation_zero_shot_top_1": 0.16572838291188335,
    "validation_zero_shot_top_2": 0.4488000067871548,
    "train_variance": 1.0555083751678467,
    "validation_variance": 20.40456199645996
}