{
    "train_loss": 9.281982772204339,
    "train_zero_shot_top_1": 0.0,
    "train_zero_shot_top_2": 0.0,
    "validation_loss": 14.500629251653498,
    "validation_zero_shot_top_1": 0.18934525771796465,
    "validation_zero_shot_top_2": 0.21348571303909403
}