{
    "train_loss": 10.151601801113204,
    "train_zero_shot_top_1": 0.0,
    "train_zero_shot_top_2": 0.0,
    "validation_loss": 19.315770409323953,
    "validation_zero_shot_top_1": 0.2809482140086876,
    "validation_zero_shot_top_2": 0.4788949784750233,
    "train_variance": 672.828857421875,
    "validation_variance": 254.43353271484375
}