{
    "train_loss": 10.197695386653047,
    "train_zero_shot_top_1": 0.0,
    "train_zero_shot_top_2": 0.0,
    "validation_loss": 18.065366918390446,
    "validation_zero_shot_top_1": 0.2820099189419796,
    "validation_zero_shot_top_2": 0.47902769159168485,
    "train_variance": 1187.0950927734375,
    "validation_variance": 225.32481384277344
}