{
    "train_loss": 11.876761309954581,
    "train_zero_shot_top_1": 0.0,
    "train_zero_shot_top_2": 0.0,
    "validation_loss": 16.98396110534668,
    "validation_zero_shot_top_1": 0.28307162387527146,
    "validation_zero_shot_top_2": 0.47907253529320515,
    "train_variance": 8.23218059539795,
    "validation_variance": 55.0184440612793
}