{
    "train_loss": 12.282424518040244,
    "train_zero_shot_top_1": 0.0,
    "train_zero_shot_top_2": 0.0,
    "validation_loss": 17.17984997142445,
    "validation_zero_shot_top_1": 0.28240805829196397,
    "validation_zero_shot_top_2": 0.4790725352932052
}