{
    "train_loss": 9.36454401210863,
    "train_zero_shot_top_1": 0.0,
    "train_zero_shot_top_2": 0.0,
    "validation_loss": 14.453733877702192,
    "validation_zero_shot_top_1": 0.1904069626512566,
    "validation_zero_shot_top_2": 0.21152895206329506
}