{
    "train_loss": 9.412371868989904,
    "train_zero_shot_top_1": 0.0,
    "train_zero_shot_top_2": 0.0,
    "validation_loss": 14.182803847573021,
    "validation_zero_shot_top_1": 0.19253219050574,
    "validation_zero_shot_top_2": 0.21649872498448652
}