{
    "train_loss": 9.37527646823805,
    "train_zero_shot_top_1": 0.0,
    "train_zero_shot_top_2": 0.0,
    "validation_loss": 14.163756197149103,
    "validation_zero_shot_top_1": 0.18773997440273038,
    "validation_zero_shot_top_2": 0.21068601167390633
}