{
    "train_accuracy": 0.65625,
    "train_avg_precision": 0.6870238095238096,
    "train_min_precision": 0.0,
    "train_avg_recall": 0.6098737373737374,
    "train_min_recall": 0.0,
    "train_loss": 1.0023287534713745,
    "validation_accuracy": 0.625,
    "validation_avg_precision": 0.537037037037037,
    "validation_min_precision": 0.0,
    "validation_avg_recall": 0.5092592592592593,
    "validation_min_recall": 0.0,
    "validation_loss": 0.9312096834182739,
    "train_variance": 106.41900634765625,
    "validation_variance": 135.85678100585938
}