{
    "train_loss": 0.1613935844879598,
    "train_accuracy": 0.9641406250000014,
    "train_avg_precision": 0.9567009096725412,
    "train_min_precision": 0.731716125839673,
    "train_avg_recall": 0.9666915770138269,
    "train_min_recall": 0.792934929653679,
    "validation_loss": 1.3222900894796772,
    "validation_accuracy": 0.6226114649681527,
    "validation_avg_precision": 0.6372379678070011,
    "validation_min_precision": 0.2514121229089381,
    "validation_avg_recall": 0.6225583369213942,
    "validation_min_recall": 0.19429187231734996,
    "train_variance": 52.789825439453125,
    "validation_variance": 454.128662109375
}