{
    "train_accuracy": 0.96875,
    "train_avg_precision": 0.9784090909090909,
    "train_min_precision": 0.875,
    "train_avg_recall": 0.9625,
    "train_min_recall": 0.75,
    "train_loss": 0.07993081212043762,
    "validation_accuracy": 0.8125,
    "validation_avg_precision": 0.7142857142857143,
    "validation_min_precision": 0.0,
    "validation_avg_recall": 0.6666666666666666,
    "validation_min_recall": 0.0,
    "validation_loss": 0.9385883808135986,
    "train_variance": 39.728668212890625,
    "validation_variance": 524.7242431640625
}