{
    "train_loss": 1.4974141675233834,
    "train_accuracy": 0.47992187499999966,
    "train_avg_precision": 0.5373331429078225,
    "train_min_precision": 0.037893520480207804,
    "train_avg_recall": 0.49271933588117134,
    "train_min_recall": 0.04888260065098301,
    "validation_loss": 1.6056679335369421,
    "validation_accuracy": 0.45402070063694294,
    "validation_avg_precision": 0.5125589602936449,
    "validation_min_precision": 0.07495544052212574,
    "validation_avg_recall": 0.45225148465594317,
    "validation_min_recall": 0.06246656740287314,
    "train_variance": 113.22718048095703,
    "validation_variance": 116.4477767944336
}