{
    "train_loss": 0.3364017098769544,
    "train_accuracy": 0.898125000000001,
    "train_avg_precision": 0.8832064683335397,
    "train_min_precision": 0.5330286137473625,
    "train_avg_recall": 0.9036345463176113,
    "train_min_recall": 0.6044576214226942,
    "validation_loss": 1.3146808553653155,
    "validation_accuracy": 0.6105692675159236,
    "validation_avg_precision": 0.6275781115107638,
    "validation_min_precision": 0.2258142600499288,
    "validation_avg_recall": 0.6095851429768625,
    "validation_min_recall": 0.19439274455198016,
    "train_variance": 101.79108428955078,
    "validation_variance": 366.6111145019531
}