{
    "train_loss": 0.4040639478340744,
    "train_accuracy": 0.8739062500000009,
    "train_avg_precision": 0.8555801635897541,
    "train_min_precision": 0.41846373642697077,
    "train_avg_recall": 0.868713980658539,
    "train_min_recall": 0.4807229298479293,
    "validation_loss": 1.2681509556284376,
    "validation_accuracy": 0.6117635350318469,
    "validation_avg_precision": 0.6263098358803684,
    "validation_min_precision": 0.21364614736664184,
    "validation_avg_recall": 0.6087818895541824,
    "validation_min_recall": 0.1928751185120611,
    "train_variance": 99.72206115722656,
    "validation_variance": 297.74017333984375
}