{
    "train_loss": 1.0009768798947334,
    "train_accuracy": 0.6510156249999993,
    "train_avg_precision": 0.6540111420993576,
    "train_min_precision": 0.11781121615312792,
    "train_avg_recall": 0.6521033123293922,
    "train_min_recall": 0.17191682969807962,
    "validation_loss": 1.302836943583883,
    "validation_accuracy": 0.5411027070063694,
    "validation_avg_precision": 0.588771201839841,
    "validation_min_precision": 0.15126853466932538,
    "validation_avg_recall": 0.5361036845909458,
    "validation_min_recall": 0.14613675425777328,
    "train_variance": 99.30513763427734,
    "validation_variance": 129.39601135253906
}