{
    "train_accuracy": 0.9375,
    "train_avg_precision": 0.9155219780219781,
    "train_min_precision": 0.5,
    "train_avg_recall": 0.9235576923076924,
    "train_min_recall": 0.5,
    "train_loss": 0.27970752120018005,
    "validation_accuracy": 0.875,
    "validation_avg_precision": 0.8333333333333333,
    "validation_min_precision": 0.0,
    "validation_avg_recall": 0.8125,
    "validation_min_recall": 0.0,
    "validation_loss": 0.6517802476882935,
    "train_variance": 91.5576400756836,
    "validation_variance": 356.22705078125
}