{
    "train_loss": 0.12796702086925496,
    "train_accuracy": 0.974960937499999,
    "train_avg_precision": 0.9704945129559118,
    "train_min_precision": 0.7947163173835954,
    "train_avg_recall": 0.9764587479833716,
    "train_min_recall": 0.8327927715666671,
    "validation_loss": 1.3595913929544445,
    "validation_accuracy": 0.6223128980891718,
    "validation_avg_precision": 0.6392214135051734,
    "validation_min_precision": 0.24315616942068788,
    "validation_avg_recall": 0.6261366081429773,
    "validation_min_recall": 0.1888000888000888,
    "train_variance": 46.42051315307617,
    "validation_variance": 518.338134765625
}