{
    "train_loss": 0.09616907749325036,
    "train_accuracy": 0.9870312499999965,
    "train_avg_precision": 0.9849648990976447,
    "train_min_precision": 0.8727458169410532,
    "train_avg_recall": 0.9887121200910077,
    "train_min_recall": 0.8995869079858023,
    "validation_loss": 1.3752929120306756,
    "validation_accuracy": 0.6257961783439494,
    "validation_avg_precision": 0.6412443153511908,
    "validation_min_precision": 0.246215514846088,
    "validation_avg_recall": 0.6253138714709838,
    "validation_min_recall": 0.1770411117544875,
    "train_variance": 33.58700180053711,
    "validation_variance": 555.1644897460938
}