{
    "train_accuracy": 1.0,
    "train_avg_precision": 1.0,
    "train_min_precision": 1.0,
    "train_avg_recall": 1.0,
    "train_min_recall": 1.0,
    "train_loss": 0.12108288705348969,
    "validation_accuracy": 0.6875,
    "validation_avg_precision": 0.6481481481481481,
    "validation_min_precision": 0.0,
    "validation_avg_recall": 0.5740740740740741,
    "validation_min_recall": 0.0,
    "validation_loss": 0.9685474038124084,
    "train_variance": 45.2357292175293,
    "validation_variance": 504.0972900390625
}