{
    "train_accuracy": 1.0,
    "train_avg_precision": 1.0,
    "train_min_precision": 1.0,
    "train_avg_recall": 1.0,
    "train_min_recall": 1.0,
    "train_loss": 0.044730231165885925,
    "validation_accuracy": 0.5625,
    "validation_avg_precision": 0.5416666666666666,
    "validation_min_precision": 0.0,
    "validation_avg_recall": 0.6041666666666666,
    "validation_min_recall": 0.0,
    "validation_loss": 1.5052878856658936,
    "train_variance": 30.302522659301758,
    "validation_variance": 552.0307006835938
}