{
    "train_loss": 0.5424584411829712,
    "train_accuracy": 0.8213281250000001,
    "train_avg_precision": 0.7927868202337401,
    "train_min_precision": 0.2973293373293369,
    "train_avg_recall": 0.8237253206345312,
    "train_min_recall": 0.4066727820790311,
    "validation_loss": 1.245542895642055,
    "validation_accuracy": 0.6003184713375793,
    "validation_avg_precision": 0.6171600274508664,
    "validation_min_precision": 0.2205376458186499,
    "validation_avg_recall": 0.6023664637265239,
    "validation_min_recall": 0.2107880442275346,
    "train_variance": 114.0097427368164,
    "validation_variance": 236.1492462158203
}