{
    "train_accuracy": 0.984375,
    "train_avg_precision": 0.9930555555555556,
    "train_min_precision": 0.9375,
    "train_avg_recall": 0.9907407407407407,
    "train_min_recall": 0.9166666666666666,
    "train_loss": 0.11485912650823593,
    "validation_accuracy": 0.375,
    "validation_avg_precision": 0.26666666666666666,
    "validation_min_precision": 0.0,
    "validation_avg_recall": 0.2583333333333333,
    "validation_min_recall": 0.0,
    "validation_loss": 2.102229118347168,
    "train_variance": 28.631546020507812,
    "validation_variance": 572.986328125
}