{
    "train_accuracy": 0.921875,
    "train_avg_precision": 0.8809090909090909,
    "train_min_precision": 0.5,
    "train_avg_recall": 0.9525252525252523,
    "train_min_recall": 0.8181818181818182,
    "train_loss": 0.29134488105773926,
    "validation_accuracy": 0.6875,
    "validation_avg_precision": 0.537037037037037,
    "validation_min_precision": 0.0,
    "validation_avg_recall": 0.6759259259259258,
    "validation_min_recall": 0.0,
    "validation_loss": 1.1973384618759155,
    "train_variance": 54.98044204711914,
    "validation_variance": 458.8857116699219
}