{
    "train_loss": 0.23564766347408284,
    "train_accuracy": 0.9352343750000016,
    "train_avg_precision": 0.9305764446610032,
    "train_min_precision": 0.6546547435407727,
    "train_avg_recall": 0.937918868197923,
    "train_min_recall": 0.692036749402558,
    "validation_loss": 1.3569064785720433,
    "validation_accuracy": 0.6130573248407644,
    "validation_avg_precision": 0.6290342178844425,
    "validation_min_precision": 0.1936553538464366,
    "validation_avg_recall": 0.6108922685594654,
    "validation_min_recall": 0.15425110982435822,
    "train_variance": 72.73719024658203,
    "validation_variance": 388.62762451171875
}