{
    "train_accuracy": 0.671875,
    "train_avg_precision": 0.5128571428571429,
    "train_min_precision": 0.0,
    "train_avg_recall": 0.5447252747252747,
    "train_min_recall": 0.0,
    "train_loss": 1.0175418853759766,
    "validation_accuracy": 0.6875,
    "validation_avg_precision": 0.6481481481481481,
    "validation_min_precision": 0.0,
    "validation_avg_recall": 0.6481481481481481,
    "validation_min_recall": 0.0,
    "validation_loss": 0.8092255592346191,
    "train_variance": 88.8625717163086,
    "validation_variance": 101.04435729980469
}