{
    "train_loss": 1.1030882993340487,
    "train_accuracy": 0.6140234374999998,
    "train_avg_precision": 0.5890029265024622,
    "train_min_precision": 0.07861366411366416,
    "train_avg_recall": 0.5856014092559728,
    "train_min_recall": 0.09947548101408404,
    "validation_loss": 1.4209061382682453,
    "validation_accuracy": 0.5051751592356688,
    "validation_avg_precision": 0.5096928278831611,
    "validation_min_precision": 0.10893635734400064,
    "validation_avg_recall": 0.5043725960286468,
    "validation_min_recall": 0.07509526920354948,
    "train_variance": 90.18775939941406,
    "validation_variance": 103.67327117919922
}