{
    "train_loss": 0.08905535803176468,
    "train_accuracy": 0.988984374999995,
    "train_avg_precision": 0.9878191410753103,
    "train_min_precision": 0.8898676327757171,
    "train_avg_recall": 0.9917061151003584,
    "train_min_recall": 0.920188179113195,
    "validation_loss": 1.3762367990366213,
    "validation_accuracy": 0.6256966560509556,
    "validation_avg_precision": 0.6377361135388486,
    "validation_min_precision": 0.21973580206064272,
    "validation_avg_recall": 0.6245155021906612,
    "validation_min_recall": 0.1652128656905727,
    "train_variance": 29.7930908203125,
    "validation_variance": 567.6456298828125
}