{
    "train_accuracy": 0.96875,
    "train_avg_precision": 0.9333333333333332,
    "train_min_precision": 0.3333333333333333,
    "train_avg_recall": 0.980952380952381,
    "train_min_recall": 0.8571428571428571,
    "train_loss": 0.1107812151312828,
    "validation_accuracy": 0.625,
    "validation_avg_precision": 0.6,
    "validation_min_precision": 0.0,
    "validation_avg_recall": 0.475,
    "validation_min_recall": 0.0,
    "validation_loss": 1.576867938041687,
    "train_variance": 33.587833404541016,
    "validation_variance": 548.4835205078125
}