{
    "train_loss": 0.08170747790485619,
    "train_accuracy": 0.9903906249999943,
    "train_avg_precision": 0.9890379807016879,
    "train_min_precision": 0.899111507977312,
    "train_avg_recall": 0.9923678288537178,
    "train_min_recall": 0.9244838367471837,
    "validation_loss": 1.4052083093649268,
    "validation_accuracy": 0.6239052547770702,
    "validation_avg_precision": 0.6321090508716963,
    "validation_min_precision": 0.23453358389664114,
    "validation_avg_recall": 0.6223637402936766,
    "validation_min_recall": 0.17045245978366994,
    "train_variance": 27.864953994750977,
    "validation_variance": 582.2813720703125
}