{
    "train_loss": 0.7472412126511334,
    "train_accuracy": 0.7494531249999994,
    "train_avg_precision": 0.7078741801871454,
    "train_min_precision": 0.1984285020535019,
    "train_avg_recall": 0.732515452196087,
    "train_min_recall": 0.2540051545676545,
    "validation_loss": 1.2472619543409655,
    "validation_accuracy": 0.5713574840764327,
    "validation_avg_precision": 0.5881994398653262,
    "validation_min_precision": 0.1990163233793806,
    "validation_avg_recall": 0.5707315437570212,
    "validation_min_recall": 0.18479192428237015,
    "train_variance": 103.18699645996094,
    "validation_variance": 169.97308349609375
}