{
    "train_loss": 0.6184575799107557,
    "train_accuracy": 0.7958203125,
    "train_avg_precision": 0.7714000504073,
    "train_min_precision": 0.3088540391389652,
    "train_avg_recall": 0.7860159925037108,
    "train_min_recall": 0.3408180812243306,
    "validation_loss": 1.2928995110426738,
    "validation_accuracy": 0.5796178343949047,
    "validation_avg_precision": 0.5988558242926544,
    "validation_min_precision": 0.18556951857320605,
    "validation_avg_recall": 0.5792594741108542,
    "validation_min_recall": 0.15655775576157735,
    "train_variance": 108.0701675415039,
    "validation_variance": 209.12896728515625
}