{
    "train_accuracy": 0.34375,
    "train_avg_precision": 0.4339237967914439,
    "train_min_precision": 0.0,
    "train_avg_recall": 0.38845238095238094,
    "train_min_recall": 0.0,
    "train_loss": 2.062325954437256,
    "validation_accuracy": 0.4375,
    "validation_avg_precision": 0.28888888888888886,
    "validation_min_precision": 0.0,
    "validation_avg_recall": 0.32407407407407407,
    "validation_min_recall": 0.0,
    "validation_loss": 1.8543970584869385,
    "train_variance": 116.9423599243164,
    "validation_variance": 117.98652648925781
}