{
    "train_accuracy": 0.703125,
    "train_avg_precision": 0.6884722222222223,
    "train_min_precision": 0.0,
    "train_avg_recall": 0.6470238095238096,
    "train_min_recall": 0.0,
    "train_loss": 0.8160186409950256,
    "validation_accuracy": 0.4375,
    "validation_avg_precision": 0.28333333333333327,
    "validation_min_precision": 0.0,
    "validation_avg_recall": 0.27499999999999997,
    "validation_min_recall": 0.0,
    "validation_loss": 1.5375523567199707,
    "train_variance": 103.56809997558594,
    "validation_variance": 173.38572692871094
}