{
    "train_loss": 0.10838809599168601,
    "train_accuracy": 0.9819921874999968,
    "train_avg_precision": 0.9803092451223112,
    "train_min_precision": 0.8464427461835519,
    "train_avg_recall": 0.9840123496416612,
    "train_min_recall": 0.8729566110489076,
    "validation_loss": 1.3937258724194428,
    "validation_accuracy": 0.6216162420382163,
    "validation_avg_precision": 0.6373679729376471,
    "validation_min_precision": 0.2361773046486422,
    "validation_avg_recall": 0.6158238612060268,
    "validation_min_recall": 0.18242924803434352,
    "train_variance": 37.88972091674805,
    "validation_variance": 535.0335693359375
}