{
    "train_loss": 0.021525711311321503,
    "train_accuracy": 0.998218201754387,
    "train_avg_precision": 0.9928462089702201,
    "train_min_precision": 0.9314427255067301,
    "train_avg_recall": 0.9889308738348923,
    "train_min_recall": 0.8927444572929804,
    "validation_loss": 0.6037507563829424,
    "validation_accuracy": 0.8162109375000001,
    "validation_avg_precision": 0.8253104997834928,
    "validation_min_precision": 0.5439139589875064,
    "validation_avg_recall": 0.815596297356207,
    "validation_min_recall": 0.23326124739574663
}