{
    "train_loss": 0.01082322135436953,
    "train_accuracy": 0.999931469298247,
    "train_avg_precision": 0.9999434069043591,
    "train_min_precision": 0.9994340690435781,
    "train_avg_recall": 0.9999484004127981,
    "train_min_recall": 0.9994840041279685,
    "validation_loss": 0.6193728007376192,
    "validation_accuracy": 0.8232421875,
    "validation_avg_precision": 0.8313020350256292,
    "validation_min_precision": 0.5523817882601377,
    "validation_avg_recall": 0.8207203715940146,
    "validation_min_recall": 0.2837960713214311
}