{
    "train_loss": 0.008756388060487156,
    "train_accuracy": 1.0000000000000016,
    "train_avg_precision": 1.0000000000000016,
    "train_min_precision": 1.0000000000000016,
    "train_avg_recall": 1.0000000000000016,
    "train_min_recall": 1.0000000000000016,
    "validation_loss": 0.6210427381098271,
    "validation_accuracy": 0.82451171875,
    "validation_avg_precision": 0.8303678746073558,
    "validation_min_precision": 0.5704335466937105,
    "validation_avg_recall": 0.8220502056437765,
    "validation_min_recall": 0.2699215813208282
}