{
    "train_loss": 0.003951864157754339,
    "train_accuracy": 1.0000000000000016,
    "train_avg_precision": 1.0000000000000016,
    "train_min_precision": 1.0000000000000016,
    "train_avg_recall": 1.0000000000000016,
    "train_min_recall": 1.0000000000000016,
    "validation_loss": 0.6792764879763128,
    "validation_accuracy": 0.8228515625000001,
    "validation_avg_precision": 0.8330948165550212,
    "validation_min_precision": 0.5642583043212082,
    "validation_avg_recall": 0.8263188921309128,
    "validation_min_recall": 0.278715929414785
}