{
    "train_loss": 0.24707468298443577,
    "train_accuracy": 0.9215276199474675,
    "train_avg_precision": 0.7786968201381508,
    "train_min_precision": 0.029452418926103136,
    "train_avg_recall": 0.7288667169077638,
    "train_min_recall": 0.02706766917293233,
    "validation_loss": 0.8811715811491013,
    "validation_accuracy": 0.6987304687500001,
    "validation_avg_precision": 0.6850978393523056,
    "validation_min_precision": 0.014285714285714285,
    "validation_avg_recall": 0.7010304606560416,
    "validation_min_recall": 0.0013888888888888887
}