{
    "train_loss": 0.012521403629267425,
    "train_accuracy": 0.9998629385964926,
    "train_avg_precision": 0.999908724513989,
    "train_min_precision": 0.999087245139878,
    "train_avg_recall": 0.9998935758513945,
    "train_min_recall": 0.9989357585139333,
    "validation_loss": 0.6122805222868921,
    "validation_accuracy": 0.8201171874999998,
    "validation_avg_precision": 0.8261366671052028,
    "validation_min_precision": 0.5718078538236749,
    "validation_avg_recall": 0.8216827852756361,
    "validation_min_recall": 0.2744093565994516
}