{
    "train_loss": 0.004101466062772823,
    "train_accuracy": 1.0000000000000016,
    "train_avg_precision": 1.0000000000000016,
    "train_min_precision": 1.0000000000000016,
    "train_avg_recall": 1.0000000000000016,
    "train_min_recall": 1.0000000000000016,
    "validation_loss": 0.6411056273616851,
    "validation_accuracy": 0.83017578125,
    "validation_avg_precision": 0.8371896579301933,
    "validation_min_precision": 0.598907078726459,
    "validation_avg_recall": 0.8284949145496001,
    "validation_min_recall": 0.30347844306391675
}