{
    "train_loss": 0.004520873142929193,
    "train_accuracy": 1.0000000000000016,
    "train_avg_precision": 1.0000000000000016,
    "train_min_precision": 1.0000000000000016,
    "train_avg_recall": 1.0000000000000016,
    "train_min_recall": 1.0000000000000016,
    "validation_loss": 0.6692143023014068,
    "validation_accuracy": 0.8224609375000002,
    "validation_avg_precision": 0.830059793525076,
    "validation_min_precision": 0.5671530119919095,
    "validation_avg_recall": 0.8225518976534826,
    "validation_min_recall": 0.2774473333335259
}