{
    "train_loss": 0.0038968907595661128,
    "train_accuracy": 1.0000000000000016,
    "train_avg_precision": 1.0000000000000016,
    "train_min_precision": 1.0000000000000016,
    "train_avg_recall": 1.0000000000000016,
    "train_min_recall": 1.0000000000000016,
    "validation_loss": 0.6576403871178628,
    "validation_accuracy": 0.8269531250000001,
    "validation_avg_precision": 0.8358707528022744,
    "validation_min_precision": 0.5582586795837505,
    "validation_avg_recall": 0.8275631245501565,
    "validation_min_recall": 0.2797062628760708
}