{
    "train_loss": 0.004330911743046161,
    "train_accuracy": 1.0000000000000016,
    "train_avg_precision": 1.0000000000000016,
    "train_min_precision": 1.0000000000000016,
    "train_avg_recall": 1.0000000000000016,
    "train_min_recall": 1.0000000000000016,
    "validation_loss": 0.6739514656364919,
    "validation_accuracy": 0.8223632812500001,
    "validation_avg_precision": 0.8314693009004938,
    "validation_min_precision": 0.5590331184846491,
    "validation_avg_recall": 0.8215305699302777,
    "validation_min_recall": 0.2740372802478924
}