{
    "train_loss": 0.02113575454017049,
    "train_accuracy": 0.9990405701754395,
    "train_avg_precision": 0.9992108523608267,
    "train_min_precision": 0.9923524567238429,
    "train_avg_recall": 0.9984538432233285,
    "train_min_recall": 0.9847288565835262,
    "validation_loss": 0.5450422840192913,
    "validation_accuracy": 0.8307617187500003,
    "validation_avg_precision": 0.8400935331550181,
    "validation_min_precision": 0.5889922630946398,
    "validation_avg_recall": 0.831410792114128,
    "validation_min_recall": 0.3456655562806209
}