{
    "train_loss": 0.005359341937787179,
    "train_accuracy": 1.0000000000000016,
    "train_avg_precision": 1.0000000000000016,
    "train_min_precision": 1.0000000000000016,
    "train_avg_recall": 1.0000000000000016,
    "train_min_recall": 1.0000000000000016,
    "validation_loss": 0.631316464021802,
    "validation_accuracy": 0.8284179687500002,
    "validation_avg_precision": 0.8350050701901811,
    "validation_min_precision": 0.5699436957889995,
    "validation_avg_recall": 0.8273127867402842,
    "validation_min_recall": 0.28724248257322504
}