{
    "train_loss": 0.004037412835219712,
    "train_accuracy": 1.0000000000000016,
    "train_avg_precision": 1.0000000000000016,
    "train_min_precision": 1.0000000000000016,
    "train_avg_recall": 1.0000000000000016,
    "train_min_recall": 1.0000000000000016,
    "validation_loss": 0.6577424608170986,
    "validation_accuracy": 0.8269531250000001,
    "validation_avg_precision": 0.8368502911234156,
    "validation_min_precision": 0.5760800941436651,
    "validation_avg_recall": 0.8282073236856254,
    "validation_min_recall": 0.29115850886260597
}