{
    "train_loss": 0.003984524496716627,
    "train_accuracy": 1.0000000000000016,
    "train_avg_precision": 1.0000000000000016,
    "train_min_precision": 1.0000000000000016,
    "train_avg_recall": 1.0000000000000016,
    "train_min_recall": 1.0000000000000016,
    "validation_loss": 0.6627104684710503,
    "validation_accuracy": 0.82890625,
    "validation_avg_precision": 0.8375342904854226,
    "validation_min_precision": 0.5888409896989885,
    "validation_avg_recall": 0.8291039171553294,
    "validation_min_recall": 0.28954982881837343
}