{
    "train_loss": 0.004465862965668764,
    "train_accuracy": 1.0000000000000016,
    "train_avg_precision": 1.0000000000000016,
    "train_min_precision": 1.0000000000000016,
    "train_avg_recall": 1.0000000000000016,
    "train_min_recall": 1.0000000000000016,
    "validation_loss": 0.6645536378026008,
    "validation_accuracy": 0.8236328125000002,
    "validation_avg_precision": 0.8314224333852608,
    "validation_min_precision": 0.5776469731813928,
    "validation_avg_recall": 0.822857377916718,
    "validation_min_recall": 0.2773994898326111
}