{
    "train_loss": 0.0039054373066807,
    "train_accuracy": 1.0000000000000016,
    "train_avg_precision": 1.0000000000000016,
    "train_min_precision": 1.0000000000000016,
    "train_avg_recall": 1.0000000000000016,
    "train_min_recall": 1.0000000000000016,
    "validation_loss": 0.6683546632528304,
    "validation_accuracy": 0.8228515624999999,
    "validation_avg_precision": 0.8322092128534314,
    "validation_min_precision": 0.567817535054271,
    "validation_avg_recall": 0.8231892195550756,
    "validation_min_recall": 0.2776916059837314
}