{
    "train_loss": 0.005479911268737754,
    "train_accuracy": 1.0000000000000016,
    "train_avg_precision": 1.0000000000000016,
    "train_min_precision": 1.0000000000000016,
    "train_avg_recall": 1.0000000000000016,
    "train_min_recall": 1.0000000000000016,
    "validation_loss": 0.6402840860188008,
    "validation_accuracy": 0.8196289062499997,
    "validation_avg_precision": 0.8307616550116458,
    "validation_min_precision": 0.5819374709894914,
    "validation_avg_recall": 0.8222962871379442,
    "validation_min_recall": 0.29022477758660664
}