{
    "train_loss": 0.09754995910222071,
    "train_accuracy": 0.9706121442610767,
    "train_avg_precision": 0.902067965509708,
    "train_min_precision": 0.36523770963436913,
    "train_avg_recall": 0.8768081764275457,
    "train_min_recall": 0.24596339333181438,
    "validation_loss": 0.6400034692138432,
    "validation_accuracy": 0.7922851562499998,
    "validation_avg_precision": 0.8056073692846191,
    "validation_min_precision": 0.4644712722771631,
    "validation_avg_recall": 0.7927562177794512,
    "validation_min_recall": 0.08674495124802081
}