{
    "train_loss": 0.00688584841657103,
    "train_accuracy": 1.0000000000000016,
    "train_avg_precision": 1.0000000000000016,
    "train_min_precision": 1.0000000000000016,
    "train_avg_recall": 1.0000000000000016,
    "train_min_recall": 1.0000000000000016,
    "validation_loss": 0.6393833234906193,
    "validation_accuracy": 0.8230468750000002,
    "validation_avg_precision": 0.8294352588952817,
    "validation_min_precision": 0.5722575565868091,
    "validation_avg_recall": 0.8207458689500301,
    "validation_min_recall": 0.2714441933661802
}