{
    "train_loss": 0.004171455859026887,
    "train_accuracy": 1.0000000000000016,
    "train_avg_precision": 1.0000000000000016,
    "train_min_precision": 1.0000000000000016,
    "train_avg_recall": 1.0000000000000016,
    "train_min_recall": 1.0000000000000016,
    "validation_loss": 0.6624235935509206,
    "validation_accuracy": 0.8255859375,
    "validation_avg_precision": 0.8306532853002738,
    "validation_min_precision": 0.5655957163575228,
    "validation_avg_recall": 0.8251053897257943,
    "validation_min_recall": 0.2770626202318546
}