{
    "train_loss": 0.022746371709856023,
    "train_accuracy": 0.9989035087719309,
    "train_avg_precision": 0.9993226164144564,
    "train_min_precision": 0.993551584786805,
    "train_avg_recall": 0.9984545599250134,
    "train_min_recall": 0.9863512830502683,
    "validation_loss": 0.5531717948615551,
    "validation_accuracy": 0.8234375,
    "validation_avg_precision": 0.8313239171938968,
    "validation_min_precision": 0.5698443160009147,
    "validation_avg_recall": 0.8227854588601132,
    "validation_min_recall": 0.33464088311309476
}