{
    "train_loss": 0.004332591579377391,
    "train_accuracy": 1.0000000000000016,
    "train_avg_precision": 1.0000000000000016,
    "train_min_precision": 1.0000000000000016,
    "train_avg_recall": 1.0000000000000016,
    "train_min_recall": 1.0000000000000016,
    "validation_loss": 0.6707513101398943,
    "validation_accuracy": 0.823046875,
    "validation_avg_precision": 0.8327382061035499,
    "validation_min_precision": 0.5784304106630774,
    "validation_avg_recall": 0.8221076189321057,
    "validation_min_recall": 0.28304607788784525
}