{
    "train_loss": 0.005857629995597037,
    "train_accuracy": 1.0000000000000016,
    "train_avg_precision": 1.0000000000000016,
    "train_min_precision": 1.0000000000000016,
    "train_avg_recall": 1.0000000000000016,
    "train_min_recall": 1.0000000000000016,
    "validation_loss": 0.6618573024868964,
    "validation_accuracy": 0.82255859375,
    "validation_avg_precision": 0.829501118019484,
    "validation_min_precision": 0.5715281715308775,
    "validation_avg_recall": 0.8226156777747063,
    "validation_min_recall": 0.2792369308006521
}