{
    "train_loss": 0.03708162577005856,
    "train_accuracy": 0.994323767068094,
    "train_avg_precision": 0.9890750394639113,
    "train_min_precision": 0.9047269362931617,
    "train_avg_recall": 0.9834210802449257,
    "train_min_recall": 0.855430807271645,
    "validation_loss": 0.5580150730907918,
    "validation_accuracy": 0.8136718750000002,
    "validation_avg_precision": 0.8203726394932779,
    "validation_min_precision": 0.5561795972155646,
    "validation_avg_recall": 0.8142768439485244,
    "validation_min_recall": 0.2998145573642075
}