{
    "train_loss": 0.007009163572403948,
    "train_accuracy": 1.0000000000000016,
    "train_avg_precision": 1.0000000000000016,
    "train_min_precision": 1.0000000000000016,
    "train_avg_recall": 1.0000000000000016,
    "train_min_recall": 1.0000000000000016,
    "validation_loss": 0.6173256397247313,
    "validation_accuracy": 0.8276367187499998,
    "validation_avg_precision": 0.8351595816199727,
    "validation_min_precision": 0.5581521168135836,
    "validation_avg_recall": 0.8292350621026138,
    "validation_min_recall": 0.3036329538831915
}