{
    "train_loss": 0.004202971786358639,
    "train_accuracy": 1.0000000000000016,
    "train_avg_precision": 1.0000000000000016,
    "train_min_precision": 1.0000000000000016,
    "train_avg_recall": 1.0000000000000016,
    "train_min_recall": 1.0000000000000016,
    "validation_loss": 0.642497355118394,
    "validation_accuracy": 0.8285156249999998,
    "validation_avg_precision": 0.8369515894368943,
    "validation_min_precision": 0.5783815389397705,
    "validation_avg_recall": 0.8287221709948147,
    "validation_min_recall": 0.29533462549200346
}