{
    "train_loss": 0.004130367291764471,
    "train_accuracy": 1.0000000000000016,
    "train_avg_precision": 1.0000000000000016,
    "train_min_precision": 1.0000000000000016,
    "train_avg_recall": 1.0000000000000016,
    "train_min_recall": 1.0000000000000016,
    "validation_loss": 0.653915224969387,
    "validation_accuracy": 0.8274414062499998,
    "validation_avg_precision": 0.8352560263482445,
    "validation_min_precision": 0.5883531078715906,
    "validation_avg_recall": 0.8253847708361359,
    "validation_min_recall": 0.27786392218579015
}