{
    "train_loss": 0.0042798423878194995,
    "train_accuracy": 1.0000000000000016,
    "train_avg_precision": 1.0000000000000016,
    "train_min_precision": 1.0000000000000016,
    "train_avg_recall": 1.0000000000000016,
    "train_min_recall": 1.0000000000000016,
    "validation_loss": 0.6692010253667832,
    "validation_accuracy": 0.8237304687500001,
    "validation_avg_precision": 0.830154114439158,
    "validation_min_precision": 0.563241860642013,
    "validation_avg_recall": 0.8242492016630404,
    "validation_min_recall": 0.2793715528359727
}