{
    "train_loss": 0.007715748794572921,
    "train_accuracy": 1.0000000000000016,
    "train_avg_precision": 1.0000000000000016,
    "train_min_precision": 1.0000000000000016,
    "train_avg_recall": 1.0000000000000016,
    "train_min_recall": 1.0000000000000016,
    "validation_loss": 0.5987354777753352,
    "validation_accuracy": 0.8288085937500003,
    "validation_avg_precision": 0.8369450798875288,
    "validation_min_precision": 0.5809909819304695,
    "validation_avg_recall": 0.829904206030109,
    "validation_min_recall": 0.3109878203665073
}