{
    "train_loss": 0.0726223213500098,
    "train_accuracy": 0.9823308942610768,
    "train_avg_precision": 0.9590023296694138,
    "train_min_precision": 0.7019201320545031,
    "train_avg_recall": 0.945532352668744,
    "train_min_recall": 0.6349176698956991,
    "validation_loss": 0.5494146957993508,
    "validation_accuracy": 0.81318359375,
    "validation_avg_precision": 0.8225346532005887,
    "validation_min_precision": 0.5576447167540223,
    "validation_avg_recall": 0.8144140668201519,
    "validation_min_recall": 0.29679781831705876
}