{
    "train_loss": 0.004264317988009569,
    "train_accuracy": 1.0000000000000016,
    "train_avg_precision": 1.0000000000000016,
    "train_min_precision": 1.0000000000000016,
    "train_avg_recall": 1.0000000000000016,
    "train_min_recall": 1.0000000000000016,
    "validation_loss": 0.6609294421970844,
    "validation_accuracy": 0.82421875,
    "validation_avg_precision": 0.8281025076836562,
    "validation_min_precision": 0.5526182175755765,
    "validation_avg_recall": 0.821747999591729,
    "validation_min_recall": 0.2777073782769801
}