{
    "train_loss": 0.003908454420110376,
    "train_accuracy": 1.0000000000000016,
    "train_avg_precision": 1.0000000000000016,
    "train_min_precision": 1.0000000000000016,
    "train_avg_recall": 1.0000000000000016,
    "train_min_recall": 1.0000000000000016,
    "validation_loss": 0.6749909691512584,
    "validation_accuracy": 0.8239257812500002,
    "validation_avg_precision": 0.8289149030472421,
    "validation_min_precision": 0.571165938256892,
    "validation_avg_recall": 0.822260436627799,
    "validation_min_recall": 0.2845598207285802
}