{
    "train_loss": 0.2102885452801721,
    "train_accuracy": 0.9166383094954913,
    "train_avg_precision": 0.8651637266112702,
    "train_min_precision": 0.26282858534835424,
    "train_avg_recall": 0.8345290795544725,
    "train_min_recall": 0.20436161179804588,
    "validation_loss": 0.7109567649662495,
    "validation_accuracy": 0.755078125,
    "validation_avg_precision": 0.8005894961280026,
    "validation_min_precision": 0.3864581993238003,
    "validation_avg_recall": 0.7532482443601396,
    "validation_min_recall": 0.1380454162326675
}