{
    "train_loss": 0.004264441404589697,
    "train_accuracy": 1.0000000000000016,
    "train_avg_precision": 1.0000000000000016,
    "train_min_precision": 1.0000000000000016,
    "train_avg_recall": 1.0000000000000016,
    "train_min_recall": 1.0000000000000016,
    "validation_loss": 0.6469600476324557,
    "validation_accuracy": 0.8284179687500001,
    "validation_avg_precision": 0.8354091984020088,
    "validation_min_precision": 0.5728708954641286,
    "validation_avg_recall": 0.8282735468657217,
    "validation_min_recall": 0.27988606672263533
}