{
    "train_loss": 0.004272334649341933,
    "train_accuracy": 1.0000000000000016,
    "train_avg_precision": 1.0000000000000016,
    "train_min_precision": 1.0000000000000016,
    "train_avg_recall": 1.0000000000000016,
    "train_min_recall": 1.0000000000000016,
    "validation_loss": 0.6466468162834647,
    "validation_accuracy": 0.8286132812499999,
    "validation_avg_precision": 0.8377238697525543,
    "validation_min_precision": 0.5525399622996208,
    "validation_avg_recall": 0.8259973432613822,
    "validation_min_recall": 0.27683082940213083
}