{
    "train_loss": 0.004129975405113217,
    "train_accuracy": 1.0000000000000016,
    "train_avg_precision": 1.0000000000000016,
    "train_min_precision": 1.0000000000000016,
    "train_avg_recall": 1.0000000000000016,
    "train_min_recall": 1.0000000000000016,
    "validation_loss": 0.6630543373525144,
    "validation_accuracy": 0.8246093750000001,
    "validation_avg_precision": 0.8316498370142243,
    "validation_min_precision": 0.5594354488901567,
    "validation_avg_recall": 0.825484501736142,
    "validation_min_recall": 0.27933607843734937
}