{
    "train_loss": 0.1256397332538638,
    "train_accuracy": 0.9615660916294976,
    "train_avg_precision": 0.8931129565806107,
    "train_min_precision": 0.3209771333802943,
    "train_avg_recall": 0.8560884734186827,
    "train_min_recall": 0.23984361747519642,
    "validation_loss": 0.6265389479696751,
    "validation_accuracy": 0.7833984375000002,
    "validation_avg_precision": 0.7849229123392452,
    "validation_min_precision": 0.41920895108911715,
    "validation_avg_recall": 0.7798437410254218,
    "validation_min_recall": 0.09720787485399766
}