{
    "train_loss": 0.010212148735789874,
    "train_accuracy": 1.0000000000000016,
    "train_avg_precision": 1.0000000000000016,
    "train_min_precision": 1.0000000000000016,
    "train_avg_recall": 1.0000000000000016,
    "train_min_recall": 1.0000000000000016,
    "validation_loss": 0.6334922939538955,
    "validation_accuracy": 0.8211914062500001,
    "validation_avg_precision": 0.8290390876239037,
    "validation_min_precision": 0.5644568502966929,
    "validation_avg_recall": 0.8169044966141105,
    "validation_min_recall": 0.26759931322040886
}