{
    "train_loss": 0.005680826517116084,
    "train_accuracy": 1.0000000000000016,
    "train_avg_precision": 1.0000000000000016,
    "train_min_precision": 1.0000000000000016,
    "train_avg_recall": 1.0000000000000016,
    "train_min_recall": 1.0000000000000016,
    "validation_loss": 0.631689804047346,
    "validation_accuracy": 0.8261718750000002,
    "validation_avg_precision": 0.8349998284630133,
    "validation_min_precision": 0.5686961463883735,
    "validation_avg_recall": 0.8256433136243151,
    "validation_min_recall": 0.28276223521053445
}