{
    "train_loss": 0.004612855163909363,
    "train_accuracy": 1.0000000000000016,
    "train_avg_precision": 1.0000000000000016,
    "train_min_precision": 1.0000000000000016,
    "train_avg_recall": 1.0000000000000016,
    "train_min_recall": 1.0000000000000016,
    "validation_loss": 0.6552866958081723,
    "validation_accuracy": 0.8249023437499999,
    "validation_avg_precision": 0.8294504249908466,
    "validation_min_precision": 0.5540025727893664,
    "validation_avg_recall": 0.8220591314641489,
    "validation_min_recall": 0.2779517788154288
}