{
    "train_loss": 0.003834501023224571,
    "train_accuracy": 1.0000000000000016,
    "train_avg_precision": 1.0000000000000016,
    "train_min_precision": 1.0000000000000016,
    "train_avg_recall": 1.0000000000000016,
    "train_min_recall": 1.0000000000000016,
    "validation_loss": 0.6885529331862926,
    "validation_accuracy": 0.82314453125,
    "validation_avg_precision": 0.8301831014559113,
    "validation_min_precision": 0.5634958199805971,
    "validation_avg_recall": 0.8238052878793785,
    "validation_min_recall": 0.28392116630322856
}