{
    "train_loss": 0.00393391437338371,
    "train_accuracy": 1.0000000000000016,
    "train_avg_precision": 1.0000000000000016,
    "train_min_precision": 1.0000000000000016,
    "train_avg_recall": 1.0000000000000016,
    "train_min_recall": 1.0000000000000016,
    "validation_loss": 0.6505727183073758,
    "validation_accuracy": 0.8286132812500002,
    "validation_avg_precision": 0.834996731763247,
    "validation_min_precision": 0.570824152041227,
    "validation_avg_recall": 0.8269040977650025,
    "validation_min_recall": 0.2750611890151035
}