{
    "train_loss": 0.004119611239028082,
    "train_accuracy": 1.0000000000000016,
    "train_avg_precision": 1.0000000000000016,
    "train_min_precision": 1.0000000000000016,
    "train_avg_recall": 1.0000000000000016,
    "train_min_recall": 1.0000000000000016,
    "validation_loss": 0.6483670160174371,
    "validation_accuracy": 0.8270507812499999,
    "validation_avg_precision": 0.8367246036824144,
    "validation_min_precision": 0.5732515877713729,
    "validation_avg_recall": 0.8262289506679561,
    "validation_min_recall": 0.27639691239058495
}