{
    "train_loss": 0.014527355933463883,
    "train_accuracy": 0.9998629385964926,
    "train_avg_precision": 0.9999048904312076,
    "train_min_precision": 0.9990489043120636,
    "train_avg_recall": 0.9997856858054239,
    "train_min_recall": 0.997856858054228,
    "validation_loss": 0.6162623770534992,
    "validation_accuracy": 0.8138671875,
    "validation_avg_precision": 0.823516435898698,
    "validation_min_precision": 0.5672376363662035,
    "validation_avg_recall": 0.8130357365462898,
    "validation_min_recall": 0.24242283342022056
}