{
    "train_loss": 0.011476823676116112,
    "train_accuracy": 1.0000000000000016,
    "train_avg_precision": 1.0000000000000016,
    "train_min_precision": 1.0000000000000016,
    "train_avg_recall": 1.0000000000000016,
    "train_min_recall": 1.0000000000000016,
    "validation_loss": 0.5840767350047829,
    "validation_accuracy": 0.82841796875,
    "validation_avg_precision": 0.8367269222809939,
    "validation_min_precision": 0.5978415196995811,
    "validation_avg_recall": 0.827822497833364,
    "validation_min_recall": 0.3132245589221839
}