{
    "train_loss": 0.003995323337189722,
    "train_accuracy": 1.0000000000000016,
    "train_avg_precision": 1.0000000000000016,
    "train_min_precision": 1.0000000000000016,
    "train_avg_recall": 1.0000000000000016,
    "train_min_recall": 1.0000000000000016,
    "validation_loss": 0.6543055348098277,
    "validation_accuracy": 0.82607421875,
    "validation_avg_precision": 0.8333098407434171,
    "validation_min_precision": 0.5714781186790575,
    "validation_avg_recall": 0.824721869995573,
    "validation_min_recall": 0.28225522808808484
}