{
    "train_loss": 0.0043287358753252465,
    "train_accuracy": 1.0000000000000016,
    "train_avg_precision": 1.0000000000000016,
    "train_min_precision": 1.0000000000000016,
    "train_avg_recall": 1.0000000000000016,
    "train_min_recall": 1.0000000000000016,
    "validation_loss": 0.6468930328264832,
    "validation_accuracy": 0.8302734374999998,
    "validation_avg_precision": 0.8397867315217191,
    "validation_min_precision": 0.60099739820947,
    "validation_avg_recall": 0.8302353425828555,
    "validation_min_recall": 0.3008730832452131
}