{
    "train_loss": 0.003839615246346384,
    "train_accuracy": 1.0000000000000016,
    "train_avg_precision": 1.0000000000000016,
    "train_min_precision": 1.0000000000000016,
    "train_avg_recall": 1.0000000000000016,
    "train_min_recall": 1.0000000000000016,
    "validation_loss": 0.6718567237257955,
    "validation_accuracy": 0.8230468750000001,
    "validation_avg_precision": 0.8303553945742176,
    "validation_min_precision": 0.5618042520220722,
    "validation_avg_recall": 0.8199300354274834,
    "validation_min_recall": 0.2745051413574501
}