{
    "train_loss": 0.004030101569042656,
    "train_accuracy": 1.0000000000000016,
    "train_avg_precision": 1.0000000000000016,
    "train_min_precision": 1.0000000000000016,
    "train_avg_recall": 1.0000000000000016,
    "train_min_recall": 1.0000000000000016,
    "validation_loss": 0.6572596214711666,
    "validation_accuracy": 0.8258789062500002,
    "validation_avg_precision": 0.8357934817412069,
    "validation_min_precision": 0.5847881171522413,
    "validation_avg_recall": 0.8277722688187076,
    "validation_min_recall": 0.2923656440338981
}