{
    "train_loss": 0.005129490370388357,
    "train_accuracy": 1.0000000000000016,
    "train_avg_precision": 1.0000000000000016,
    "train_min_precision": 1.0000000000000016,
    "train_avg_recall": 1.0000000000000016,
    "train_min_recall": 1.0000000000000016,
    "validation_loss": 0.6455936826765538,
    "validation_accuracy": 0.8232421875,
    "validation_avg_precision": 0.8256361401893563,
    "validation_min_precision": 0.5540049666344709,
    "validation_avg_recall": 0.8201275529868919,
    "validation_min_recall": 0.28178341750752467
}