{
    "train_loss": 0.006332943032152557,
    "train_accuracy": 1.0000000000000016,
    "train_avg_precision": 1.0000000000000016,
    "train_min_precision": 1.0000000000000016,
    "train_avg_recall": 1.0000000000000016,
    "train_min_recall": 1.0000000000000016,
    "validation_loss": 0.6312991917133332,
    "validation_accuracy": 0.8269531250000002,
    "validation_avg_precision": 0.8357707916680857,
    "validation_min_precision": 0.5758911440963796,
    "validation_avg_recall": 0.827168487677201,
    "validation_min_recall": 0.2921596957917693
}