{
    "train_loss": 0.005038763915204947,
    "train_accuracy": 1.0000000000000016,
    "train_avg_precision": 1.0000000000000016,
    "train_min_precision": 1.0000000000000016,
    "train_avg_recall": 1.0000000000000016,
    "train_min_recall": 1.0000000000000016,
    "validation_loss": 0.6245102375745774,
    "validation_accuracy": 0.8298828125,
    "validation_avg_precision": 0.8379529035542297,
    "validation_min_precision": 0.592100868677881,
    "validation_avg_recall": 0.830327418443865,
    "validation_min_recall": 0.2995963145322634
}