{
    "train_loss": 0.004039521876461152,
    "train_accuracy": 1.0000000000000016,
    "train_avg_precision": 1.0000000000000016,
    "train_min_precision": 1.0000000000000016,
    "train_avg_recall": 1.0000000000000016,
    "train_min_recall": 1.0000000000000016,
    "validation_loss": 0.6729965150356292,
    "validation_accuracy": 0.8243164062500001,
    "validation_avg_precision": 0.8288900170155843,
    "validation_min_precision": 0.5665299248784325,
    "validation_avg_recall": 0.821465971885549,
    "validation_min_recall": 0.28257271288426594
}