{
    "train_loss": 0.003870655978588682,
    "train_accuracy": 1.0000000000000016,
    "train_avg_precision": 1.0000000000000016,
    "train_min_precision": 1.0000000000000016,
    "train_avg_recall": 1.0000000000000016,
    "train_min_recall": 1.0000000000000016,
    "validation_loss": 0.670375504344702,
    "validation_accuracy": 0.8257812499999997,
    "validation_avg_precision": 0.8315992264254537,
    "validation_min_precision": 0.5591587670659033,
    "validation_avg_recall": 0.8226335535498073,
    "validation_min_recall": 0.27568438939561457
}