{
    "train_loss": 0.004240018421816721,
    "train_accuracy": 1.0000000000000016,
    "train_avg_precision": 1.0000000000000016,
    "train_min_precision": 1.0000000000000016,
    "train_avg_recall": 1.0000000000000016,
    "train_min_recall": 1.0000000000000016,
    "validation_loss": 0.6638761624693871,
    "validation_accuracy": 0.8243164062500001,
    "validation_avg_precision": 0.8290849092227153,
    "validation_min_precision": 0.5494584170903886,
    "validation_avg_recall": 0.823789112757284,
    "validation_min_recall": 0.2777154027722162
}