{
    "train_loss": 0.031182186122526212,
    "train_accuracy": 0.9971902412280711,
    "train_avg_precision": 0.9926902122492958,
    "train_min_precision": 0.9325163658115674,
    "train_avg_recall": 0.989503531699881,
    "train_min_recall": 0.9043472581885152,
    "validation_loss": 0.549556627124548,
    "validation_accuracy": 0.8222656249999999,
    "validation_avg_precision": 0.8305150704125349,
    "validation_min_precision": 0.5862796634405971,
    "validation_avg_recall": 0.8228144706972645,
    "validation_min_recall": 0.30058182981802667
}