{
    "train_loss": 0.003972635412458003,
    "train_accuracy": 1.0000000000000016,
    "train_avg_precision": 1.0000000000000016,
    "train_min_precision": 1.0000000000000016,
    "train_avg_recall": 1.0000000000000016,
    "train_min_recall": 1.0000000000000016,
    "validation_loss": 0.6626803286373616,
    "validation_accuracy": 0.8258789062499999,
    "validation_avg_precision": 0.8337239915868041,
    "validation_min_precision": 0.5746206088946338,
    "validation_avg_recall": 0.8272991305657535,
    "validation_min_recall": 0.283354966861824
}