{
    "train_loss": 0.004087186973999466,
    "train_accuracy": 1.0000000000000016,
    "train_avg_precision": 1.0000000000000016,
    "train_min_precision": 1.0000000000000016,
    "train_avg_recall": 1.0000000000000016,
    "train_min_recall": 1.0000000000000016,
    "validation_loss": 0.6535936936736106,
    "validation_accuracy": 0.8255859374999999,
    "validation_avg_precision": 0.8324232170202389,
    "validation_min_precision": 0.5857378175017887,
    "validation_avg_recall": 0.8226268339289746,
    "validation_min_recall": 0.28155888854638234
}