{
    "train_loss": 0.00416028150357306,
    "train_accuracy": 1.0000000000000016,
    "train_avg_precision": 1.0000000000000016,
    "train_min_precision": 1.0000000000000016,
    "train_avg_recall": 1.0000000000000016,
    "train_min_recall": 1.0000000000000016,
    "validation_loss": 0.6588249303400515,
    "validation_accuracy": 0.82548828125,
    "validation_avg_precision": 0.8341337768577302,
    "validation_min_precision": 0.5690173443105668,
    "validation_avg_recall": 0.8239018967800088,
    "validation_min_recall": 0.27888586351948735
}