{
    "train_loss": 0.004056346047212157,
    "train_accuracy": 1.0000000000000016,
    "train_avg_precision": 1.0000000000000016,
    "train_min_precision": 1.0000000000000016,
    "train_avg_recall": 1.0000000000000016,
    "train_min_recall": 1.0000000000000016,
    "validation_loss": 0.6608780860900878,
    "validation_accuracy": 0.8236328125000002,
    "validation_avg_precision": 0.8327704657215371,
    "validation_min_precision": 0.5716952985061747,
    "validation_avg_recall": 0.8231268627995826,
    "validation_min_recall": 0.27485048723677
}