{
    "train_loss": 0.06075475064286014,
    "train_accuracy": 0.9873619937060184,
    "train_avg_precision": 0.9700757892139178,
    "train_min_precision": 0.7859174748247769,
    "train_avg_recall": 0.9578626791353358,
    "train_min_recall": 0.7121361821122943,
    "validation_loss": 0.5068731393665076,
    "validation_accuracy": 0.8265625,
    "validation_avg_precision": 0.8292600179440298,
    "validation_min_precision": 0.5700816778339105,
    "validation_avg_recall": 0.8266285766908887,
    "validation_min_recall": 0.3113273398808712
}