{
    "train_loss": 0.004092414459017547,
    "train_accuracy": 1.0000000000000016,
    "train_avg_precision": 1.0000000000000016,
    "train_min_precision": 1.0000000000000016,
    "train_avg_recall": 1.0000000000000016,
    "train_min_recall": 1.0000000000000016,
    "validation_loss": 0.6432395340874794,
    "validation_accuracy": 0.8287109374999998,
    "validation_avg_precision": 0.8359085737045294,
    "validation_min_precision": 0.571874163122225,
    "validation_avg_recall": 0.8272485832228103,
    "validation_min_recall": 0.2785406291513856
}