{
    "train_loss": 0.05350281762187941,
    "train_accuracy": 0.9890067305481237,
    "train_avg_precision": 0.978194365853381,
    "train_min_precision": 0.8430824514378471,
    "train_avg_recall": 0.9641503657175954,
    "train_min_recall": 0.7399347829232992,
    "validation_loss": 0.5506704278290271,
    "validation_accuracy": 0.8120117187500002,
    "validation_avg_precision": 0.8170560666643298,
    "validation_min_precision": 0.5235515846470892,
    "validation_avg_recall": 0.80782226229952,
    "validation_min_recall": 0.24502736649688406
}