{
    "train_loss": 0.004234996795850365,
    "train_accuracy": 1.0000000000000016,
    "train_avg_precision": 1.0000000000000016,
    "train_min_precision": 1.0000000000000016,
    "train_avg_recall": 1.0000000000000016,
    "train_min_recall": 1.0000000000000016,
    "validation_loss": 0.6657914221286775,
    "validation_accuracy": 0.8257812499999999,
    "validation_avg_precision": 0.8342899399810242,
    "validation_min_precision": 0.56890571666227,
    "validation_avg_recall": 0.8265998410003875,
    "validation_min_recall": 0.2811336971665463
}