{
    "train_loss": 0.004273060746000786,
    "train_accuracy": 1.0000000000000016,
    "train_avg_precision": 1.0000000000000016,
    "train_min_precision": 1.0000000000000016,
    "train_avg_recall": 1.0000000000000016,
    "train_min_recall": 1.0000000000000016,
    "validation_loss": 0.6612753793597222,
    "validation_accuracy": 0.8245117187500001,
    "validation_avg_precision": 0.8334482125857263,
    "validation_min_precision": 0.5747406675864448,
    "validation_avg_recall": 0.8254914663445272,
    "validation_min_recall": 0.2751455627176451
}