{
    "train_loss": 0.004256204714214331,
    "train_accuracy": 1.0000000000000016,
    "train_avg_precision": 1.0000000000000016,
    "train_min_precision": 1.0000000000000016,
    "train_avg_recall": 1.0000000000000016,
    "train_min_recall": 1.0000000000000016,
    "validation_loss": 0.6624459058046341,
    "validation_accuracy": 0.8243164062500001,
    "validation_avg_precision": 0.831098741566872,
    "validation_min_precision": 0.576681712304603,
    "validation_avg_recall": 0.822564685176646,
    "validation_min_recall": 0.279489590788923
}