train_loss,train_zero_shot_top_1,train_zero_shot_top_2,validation_loss,validation_zero_shot_top_1,validation_zero_shot_top_2
6.0229146139962335,0.0,0.0,7.0446955073963515,0.19759346881787154,0.4156023357508533
5.315866701456964,0.0,0.0,7.189645290374756,0.31587842751318645,0.42168774724635427
3.6295114086598765,0.0,0.0,7.120117057453502,0.22072069888302825,0.41671979231306233
