{
    "train_loss": 3.221003283043297,
    "train_zero_shot_top_1": 0.0,
    "train_zero_shot_top_2": 0.0,
    "validation_loss": 10.513611099936746,
    "validation_zero_shot_top_1": 0.5040632029553211,
    "validation_zero_shot_top_2": 0.7270903224868135,
    "train_variance": 0.45219355821609497,
    "validation_variance": 7.004676342010498
}