{
    "train_loss": 3.653368129413954,
    "train_zero_shot_top_1": 0.0,
    "train_zero_shot_top_2": 0.0,
    "validation_loss": 9.706078095869586,
    "validation_zero_shot_top_1": 0.2554679016056469,
    "validation_zero_shot_top_2": 0.7169229221610302,
    "train_variance": 1.4843419790267944,
    "validation_variance": 5.611136436462402
}