{
    "train_loss": 5.745289345176853,
    "train_zero_shot_top_1": 0.0,
    "train_zero_shot_top_2": 0.0,
    "validation_loss": 6.216882228851318,
    "validation_zero_shot_top_1": 0.2810809271253491,
    "validation_zero_shot_top_2": 0.4992225071749922
}