{
    "train_loss": 3.082731090638102,
    "train_zero_shot_top_1": 0.0,
    "train_zero_shot_top_2": 0.0,
    "validation_loss": 6.636646270751953,
    "validation_zero_shot_top_1": 0.4681949076946944,
    "validation_zero_shot_top_2": 0.7597947128063915
}