{
    "train_loss": 3.2195910210816225,
    "train_zero_shot_top_1": 0.0,
    "train_zero_shot_top_2": 0.0,
    "validation_loss": 12.59954027696089,
    "validation_zero_shot_top_1": 0.5424960731461371,
    "validation_zero_shot_top_2": 0.6928685182671424
}