{
    "train_loss": 3.0487555411397187,
    "train_zero_shot_top_1": 0.0,
    "train_zero_shot_top_2": 0.0,
    "validation_loss": 6.430080370469526,
    "validation_zero_shot_top_1": 0.4465008580902885,
    "validation_zero_shot_top_2": 0.7632579797548866
}