{
    "train_loss": 3.237953429927632,
    "train_zero_shot_top_1": 0.0,
    "train_zero_shot_top_2": 0.0,
    "validation_loss": 10.583683620799672,
    "validation_zero_shot_top_1": 0.19785889505119456,
    "validation_zero_shot_top_2": 0.36656090017064846
}