{
    "train_loss": 3.115820337314995,
    "train_zero_shot_top_1": 0.0,
    "train_zero_shot_top_2": 0.0,
    "validation_loss": 11.701645070856268,
    "validation_zero_shot_top_1": 0.5324668399007135,
    "validation_zero_shot_top_2": 0.734536800923053
}