{
    "train_loss": 3.107254660859399,
    "train_zero_shot_top_1": 0.0,
    "train_zero_shot_top_2": 0.0,
    "validation_loss": 11.561602765863592,
    "validation_zero_shot_top_1": 0.5369003063915607,
    "validation_zero_shot_top_2": 0.7318358769004034
}