{
    "train_loss": 3.126511272119015,
    "train_zero_shot_top_1": 0.0,
    "train_zero_shot_top_2": 0.0,
    "validation_loss": 11.241839582269842,
    "validation_zero_shot_top_1": 0.5126216839900714,
    "validation_zero_shot_top_2": 0.6373344419019547,
    "train_variance": 0.48217353224754333,
    "validation_variance": 11.188952445983887
}