{
    "train_loss": 3.0575274666961363,
    "train_zero_shot_top_1": 0.0,
    "train_zero_shot_top_2": 0.0,
    "validation_loss": 6.434345028617165,
    "validation_zero_shot_top_1": 0.42998625601147994,
    "validation_zero_shot_top_2": 0.7520737181973318
}