{
    "train_loss": 3.1380629125906494,
    "train_zero_shot_top_1": 0.0,
    "train_zero_shot_top_2": 0.0,
    "validation_loss": 11.035479372197932,
    "validation_zero_shot_top_1": 0.5390794678870617,
    "validation_zero_shot_top_2": 0.7180294707958422
}