{
    "train_loss": 4.406129586453341,
    "train_zero_shot_top_1": 0.0,
    "train_zero_shot_top_2": 0.0,
    "validation_loss": 6.490557497197932,
    "validation_zero_shot_top_1": 0.3591483575085324,
    "validation_zero_shot_top_2": 0.5172884589280173
}