{
    "train_loss": 3.1158891423624397,
    "train_zero_shot_top_1": 0.0,
    "train_zero_shot_top_2": 0.0,
    "validation_loss": 6.450407244942405,
    "validation_zero_shot_top_1": 0.5210619958113559,
    "validation_zero_shot_top_2": 0.7695603378063915
}