{
    "train_loss": 3.2252420047108012,
    "train_zero_shot_top_1": 0.0,
    "train_zero_shot_top_2": 0.0,
    "validation_loss": 6.876876137473367,
    "validation_zero_shot_top_1": 0.5607844254188644,
    "validation_zero_shot_top_2": 0.7843872411185231
}