{
    "train_loss": 6.128302827173351,
    "train_zero_shot_top_1": 0.0,
    "train_zero_shot_top_2": 0.0,
    "validation_loss": 6.260266607457941,
    "validation_zero_shot_top_1": 0.28121364024201057,
    "validation_zero_shot_top_2": 0.4992225071749922
}