{
    "train_loss": 3.0820049888321326,
    "train_zero_shot_top_1": 0.0,
    "train_zero_shot_top_2": 0.0,
    "validation_loss": 11.662886186079547,
    "validation_zero_shot_top_1": 0.5369039423673596,
    "validation_zero_shot_top_2": 0.7375607207958423
}