{
    "train_loss": 3.244273573160173,
    "train_zero_shot_top_1": 0.0,
    "train_zero_shot_top_2": 0.0,
    "validation_loss": 11.814322124827992,
    "validation_zero_shot_top_1": 0.4998951626977971,
    "validation_zero_shot_top_2": 0.712001628917158,
    "train_variance": 0.7379876375198364,
    "validation_variance": 9.401995658874512
}