{
    "train_loss": 3.0865613501899096,
    "train_zero_shot_top_1": 0.0,
    "train_zero_shot_top_2": 0.0,
    "validation_loss": 6.3070429021661925,
    "validation_zero_shot_top_1": 0.5086312005507291,
    "validation_zero_shot_top_2": 0.7625065447564381
}