{
    "train_loss": 3.124972288705864,
    "train_zero_shot_top_1": 0.0,
    "train_zero_shot_top_2": 0.0,
    "validation_loss": 10.574549241499467,
    "validation_zero_shot_top_1": 0.19732804258454859,
    "validation_zero_shot_top_2": 0.30455781686317096
}