{
    "train_loss": 3.0720325088774665,
    "train_zero_shot_top_1": 0.0,
    "train_zero_shot_top_2": 0.0,
    "validation_loss": 11.365339452570135,
    "validation_zero_shot_top_1": 0.5299398367204468,
    "validation_zero_shot_top_2": 0.7034304219671115,
    "train_variance": 0.41733184456825256,
    "validation_variance": 16.529327392578125
}