{
    "train_loss": 3.0716293175153586,
    "train_zero_shot_top_1": 0.0,
    "train_zero_shot_top_2": 0.0,
    "validation_loss": 11.80677622014826,
    "validation_zero_shot_top_1": 0.53694878606888,
    "validation_zero_shot_top_2": 0.7435976526140242
}