{
    "train_loss": 3.064237571245402,
    "train_zero_shot_top_1": 0.0,
    "train_zero_shot_top_2": 0.0,
    "validation_loss": 11.571481184525922,
    "validation_zero_shot_top_1": 0.5295380613946633,
    "validation_zero_shot_top_2": 0.7068918709277071,
    "train_variance": 0.5030894875526428,
    "validation_variance": 17.33479118347168
}