{
    "train_loss": 3.33881811463103,
    "train_zero_shot_top_1": 0.0,
    "train_zero_shot_top_2": 0.0,
    "validation_loss": 9.452953598716043,
    "validation_zero_shot_top_1": 0.1962663376512566,
    "validation_zero_shot_top_2": 0.4110828178327645
}