{
    "train_loss": 3.0511322325589716,
    "train_zero_shot_top_1": 0.0,
    "train_zero_shot_top_2": 0.0,
    "validation_loss": 6.3649255579168145,
    "validation_zero_shot_top_1": 0.4650491826326404,
    "validation_zero_shot_top_2": 0.7662334199503568
}