{
    "train_loss": 3.1416475149441743,
    "train_zero_shot_top_1": 0.0,
    "train_zero_shot_top_2": 0.0,
    "validation_loss": 6.879750988700173,
    "validation_zero_shot_top_1": 0.5056127346416381,
    "validation_zero_shot_top_2": 0.7622393005352156
}