{
    "train_loss": 3.0748929503012685,
    "train_zero_shot_top_1": 0.0,
    "train_zero_shot_top_2": 0.0,
    "validation_loss": 11.830758181485262,
    "validation_zero_shot_top_1": 0.5390328061976419,
    "validation_zero_shot_top_2": 0.7425771554064536
}