{
    "train_loss": 0.6380674208700657,
    "train_accuracy": 0.8350000000000002,
    "train_avg_precision": 0.7646319847250013,
    "train_min_precision": 0.1273228715728716,
    "train_avg_recall": 0.7749579218473517,
    "train_min_recall": 0.08868091630591632,
    "validation_loss": 0.9161776680095935,
    "validation_accuracy": 0.7575636942675161,
    "validation_avg_precision": 0.7857497101989673,
    "validation_min_precision": 0.2170611901316285,
    "validation_avg_recall": 0.7567687549881256,
    "validation_min_recall": 0.13839808457642852,
    "train_variance": 52.92945861816406,
    "validation_variance": 85.93307495117188
}