{
    "train_loss": 0.3078128890693187,
    "train_accuracy": 0.8935937499999991,
    "train_avg_precision": 0.8504434686614222,
    "train_min_precision": 0.255136904761905,
    "train_avg_recall": 0.8627623426755632,
    "train_min_recall": 0.3373653984903984,
    "validation_loss": 0.41349724124950954,
    "validation_accuracy": 0.8625597133757968,
    "validation_avg_precision": 0.8614597245170496,
    "validation_min_precision": 0.5237586193000204,
    "validation_avg_recall": 0.8600399057378888,
    "validation_min_recall": 0.41893617705719627,
    "train_variance": 26.13959312438965,
    "validation_variance": 36.61704635620117
}