{
    "train_loss": 0.13891217138618234,
    "train_accuracy": 0.9542187499999996,
    "train_avg_precision": 0.9283544165370758,
    "train_min_precision": 0.5642319069819067,
    "train_avg_recall": 0.9385674132370376,
    "train_min_recall": 0.6218330280830281,
    "validation_loss": 0.33377831552628506,
    "validation_accuracy": 0.8850517515923569,
    "validation_avg_precision": 0.8843373585013715,
    "validation_min_precision": 0.5586007410848176,
    "validation_avg_recall": 0.8833882094550886,
    "validation_min_recall": 0.5549204510987952,
    "train_variance": 18.359153747558594,
    "validation_variance": 47.53461456298828
}