{
    "train_loss": 0.07773909701965749,
    "train_accuracy": 0.9769531249999994,
    "train_avg_precision": 0.9672445366248672,
    "train_min_precision": 0.7601561147186142,
    "train_avg_recall": 0.9747152249172332,
    "train_min_recall": 0.8186477514573494,
    "validation_loss": 0.3496581263792741,
    "validation_accuracy": 0.8875398089171981,
    "validation_avg_precision": 0.8919483223782584,
    "validation_min_precision": 0.5488011899636104,
    "validation_avg_recall": 0.8854491352792843,
    "validation_min_recall": 0.5488380161947042,
    "train_variance": 13.090372085571289,
    "validation_variance": 66.47888946533203
}