{
    "train_accuracy": 0.490234375,
    "train_loss": 1.4680174589157104,
    "validation_accuracy": 0.52734375,
    "validation_loss": 1.3755077123641968
}