{
    "train_accuracy": 0.83203125,
    "train_loss": 0.4954802393913269,
    "validation_accuracy": 0.76171875,
    "validation_loss": 0.6902002096176147
}