{
    "train_accuracy": 0.830078125,
    "train_loss": 0.46597856283187866,
    "validation_accuracy": 0.798828125,
    "validation_loss": 0.6301615238189697
}