{
    "train_accuracy": 0.900390625,
    "train_loss": 0.29147613048553467,
    "validation_accuracy": 0.80859375,
    "validation_loss": 0.5645619034767151
}