{
    "train_accuracy": 0.427734375,
    "train_loss": 1.618423342704773,
    "validation_accuracy": 0.421875,
    "validation_loss": 1.5577514171600342
}