{
    "train_accuracy": 0.763671875,
    "train_loss": 0.608629584312439,
    "validation_accuracy": 0.783203125,
    "validation_loss": 0.6773479580879211
}