{
    "train_accuracy": 0.888671875,
    "train_loss": 0.30630388855934143,
    "validation_accuracy": 0.822265625,
    "validation_loss": 0.4752877950668335
}