{
    "train_accuracy": 0.783203125,
    "train_loss": 0.6521553993225098,
    "validation_accuracy": 0.7890625,
    "validation_loss": 0.6409781575202942
}