{
    "train_accuracy": 0.580078125,
    "train_loss": 1.2893320322036743,
    "validation_accuracy": 0.48828125,
    "validation_loss": 1.3541346788406372
}