{
    "train_accuracy": 0.88671875,
    "train_loss": 0.34354057908058167,
    "validation_accuracy": 0.828125,
    "validation_loss": 0.5201721787452698
}