{
    "train_accuracy": 0.798828125,
    "train_loss": 0.5274965763092041,
    "validation_accuracy": 0.7578125,
    "validation_loss": 0.6850188970565796
}