{
    "train_accuracy": 0.8125,
    "train_loss": 0.5314774513244629,
    "validation_accuracy": 0.806640625,
    "validation_loss": 0.592744767665863
}