{
    "train_accuracy": 0.7222222089767456,
    "train_avg_precision": 0.6582700065672201,
    "train_min_precision": 0.3333333333333333,
    "train_avg_recall": 0.7396706454465075,
    "train_min_recall": 0.2,
    "train_loss": 0.7128313779830933,
    "validation_accuracy": 0.5625,
    "validation_avg_precision": 0.3660714285714286,
    "validation_min_precision": 0.0,
    "validation_avg_recall": 0.4375,
    "validation_min_recall": 0.0,
    "validation_loss": 1.5803816318511963,
    "train_variance": 109.8601303100586,
    "validation_variance": 226.3909912109375
}