{
    "train_accuracy": 1.0,
    "train_avg_precision": 1.0,
    "train_min_precision": 1.0,
    "train_avg_recall": 1.0,
    "train_min_recall": 1.0,
    "train_loss": 0.023739799857139587,
    "validation_accuracy": 0.8125,
    "validation_avg_precision": 0.7666666666666667,
    "validation_min_precision": 0.0,
    "validation_avg_recall": 0.875,
    "validation_min_recall": 0.0,
    "validation_loss": 0.5636629462242126,
    "train_variance": 2.208148956298828,
    "validation_variance": 688.3456420898438
}