{
    "train_loss": 0.0354997185427089,
    "train_accuracy": 0.9981468023255802,
    "train_avg_precision": 0.9978659400526413,
    "train_min_precision": 0.979857795363236,
    "train_avg_recall": 0.9987419407366713,
    "train_min_recall": 0.9883649547019848,
    "validation_loss": 1.3853625738168067,
    "validation_accuracy": 0.6336036392405064,
    "validation_avg_precision": 0.653319392530119,
    "validation_min_precision": 0.3627142435376632,
    "validation_avg_recall": 0.634588637538664,
    "validation_min_recall": 0.2549314716234809,
    "train_variance": 3.5556399822235107,
    "validation_variance": 778.6575927734375
}