{
    "train_loss": 0.5634878904320474,
    "train_accuracy": 0.8170798343281409,
    "train_avg_precision": 0.7952468845593244,
    "train_min_precision": 0.4488086902697382,
    "train_avg_recall": 0.817661971027272,
    "train_min_recall": 0.5188775790020991,
    "validation_loss": 1.2490635212463668,
    "validation_accuracy": 0.5884098101265826,
    "validation_avg_precision": 0.6193053934910799,
    "validation_min_precision": 0.3034253356058386,
    "validation_avg_recall": 0.5903848412477252,
    "validation_min_recall": 0.27513072071601685,
    "train_variance": 85.04708862304688,
    "validation_variance": 266.2591247558594
}