{
    "train_loss": 0.06574017705265862,
    "train_accuracy": 0.9929869186046517,
    "train_avg_precision": 0.9924233654651536,
    "train_min_precision": 0.9421285793930255,
    "train_avg_recall": 0.9951891860001514,
    "train_min_recall": 0.9642962117119255,
    "validation_loss": 1.3560479803930359,
    "validation_accuracy": 0.6254944620253166,
    "validation_avg_precision": 0.6414837125333932,
    "validation_min_precision": 0.3754248159820916,
    "validation_avg_recall": 0.6250849968759365,
    "validation_min_recall": 0.2617788093279923,
    "train_variance": 7.903464317321777,
    "validation_variance": 547.8244018554688
}