{
    "train_accuracy": 1.0,
    "train_avg_precision": 1.0,
    "train_min_precision": 1.0,
    "train_avg_recall": 1.0,
    "train_min_recall": 1.0,
    "train_loss": 0.028640151023864746,
    "validation_accuracy": 0.75,
    "validation_avg_precision": 0.7222222222222222,
    "validation_min_precision": 0.0,
    "validation_avg_recall": 0.7592592592592593,
    "validation_min_recall": 0.0,
    "validation_loss": 0.8037318587303162,
    "train_variance": 3.8380050659179688,
    "validation_variance": 634.6826782226562
}