{
    "train_loss": 0.030517660289309766,
    "train_accuracy": 0.9989825581395331,
    "train_avg_precision": 0.9990293647426814,
    "train_min_precision": 0.9902936474268356,
    "train_avg_recall": 0.9993581343057353,
    "train_min_recall": 0.9935813430573712,
    "validation_loss": 1.4050452528120592,
    "validation_accuracy": 0.6258900316455698,
    "validation_avg_precision": 0.6432116282433016,
    "validation_min_precision": 0.36499586751635277,
    "validation_avg_recall": 0.6244893122601118,
    "validation_min_recall": 0.2519066319023211,
    "train_variance": 2.323242664337158,
    "validation_variance": 665.1552124023438
}