{
    "train_loss": 0.9255257734032564,
    "train_accuracy": 0.6778867893440773,
    "train_avg_precision": 0.6629558785766494,
    "train_min_precision": 0.20527967591717858,
    "train_avg_recall": 0.6836486704003315,
    "train_min_recall": 0.21349445381216683,
    "validation_loss": 1.3447537754155408,
    "validation_accuracy": 0.540051424050633,
    "validation_avg_precision": 0.5645204157145001,
    "validation_min_precision": 0.21896303262660913,
    "validation_avg_recall": 0.5367035483574476,
    "validation_min_recall": 0.11537134578832273,
    "train_variance": 95.3270263671875,
    "validation_variance": 215.5016326904297
}