{
    "train_loss": 0.09111761805969618,
    "train_accuracy": 0.9862281976744199,
    "train_avg_precision": 0.9840084049745208,
    "train_min_precision": 0.894106654329496,
    "train_avg_recall": 0.9891916771705611,
    "train_min_recall": 0.9292691521068727,
    "validation_loss": 1.3519189599194101,
    "validation_accuracy": 0.6167919303797468,
    "validation_avg_precision": 0.6333466409121585,
    "validation_min_precision": 0.36962129369544056,
    "validation_avg_recall": 0.6176593337359728,
    "validation_min_recall": 0.2527484170913062,
    "train_variance": 12.271652221679688,
    "validation_variance": 521.857421875
}