{
    "train_accuracy": 0.8703703880310059,
    "train_avg_precision": 0.8725961538461537,
    "train_min_precision": 0.5384615384615384,
    "train_avg_recall": 0.8809800944669366,
    "train_min_recall": 0.625,
    "train_loss": 0.4157291054725647,
    "validation_accuracy": 0.75,
    "validation_avg_precision": 0.75,
    "validation_min_precision": 0.0,
    "validation_avg_recall": 0.75,
    "validation_min_recall": 0.0,
    "validation_loss": 1.117257833480835,
    "train_variance": 71.35159301757812,
    "validation_variance": 231.76100158691406
}