{
    "train_loss": 1.1405642431835792,
    "train_accuracy": 0.6178429157234899,
    "train_avg_precision": 0.5746860130794951,
    "train_min_precision": 0.16592043615299432,
    "train_avg_recall": 0.616142778447989,
    "train_min_recall": 0.2538015262199696,
    "validation_loss": 1.382012741475165,
    "validation_accuracy": 0.5136471518987342,
    "validation_avg_precision": 0.5203372884700663,
    "validation_min_precision": 0.24974630164422662,
    "validation_avg_recall": 0.5116694311520247,
    "validation_min_recall": 0.22331953946955718,
    "train_variance": 97.42190551757812,
    "validation_variance": 151.27598571777344
}