{
    "train_accuracy": 1.0,
    "train_avg_precision": 1.0,
    "train_min_precision": 1.0,
    "train_avg_recall": 1.0,
    "train_min_recall": 1.0,
    "train_loss": 0.060115739703178406,
    "validation_accuracy": 0.5625,
    "validation_avg_precision": 0.3814814814814815,
    "validation_min_precision": 0.0,
    "validation_avg_recall": 0.611111111111111,
    "validation_min_recall": 0.0,
    "validation_loss": 1.1168081760406494,
    "train_variance": 12.537627220153809,
    "validation_variance": 508.9027404785156
}