{
    "train_accuracy": 0.6018518805503845,
    "train_avg_precision": 0.5795598845598846,
    "train_min_precision": 0.2222222222222222,
    "train_avg_recall": 0.6077777777777778,
    "train_min_recall": 0.3,
    "train_loss": 1.123681664466858,
    "validation_accuracy": 0.5625,
    "validation_avg_precision": 0.5433333333333332,
    "validation_min_precision": 0.0,
    "validation_avg_recall": 0.525,
    "validation_min_recall": 0.0,
    "validation_loss": 1.3777625560760498,
    "train_variance": 91.05000305175781,
    "validation_variance": 134.28250122070312
}