{
    "train_loss": 0.03706479726662471,
    "train_accuracy": 0.9975654069767433,
    "train_avg_precision": 0.9974081713394595,
    "train_min_precision": 0.976359606133615,
    "train_avg_recall": 0.9984270777670996,
    "train_min_recall": 0.9851693850170674,
    "validation_loss": 1.4032150718230236,
    "validation_accuracy": 0.6275712025316453,
    "validation_avg_precision": 0.6443455752777456,
    "validation_min_precision": 0.36052864730511025,
    "validation_avg_recall": 0.6258421719895932,
    "validation_min_recall": 0.2566631966571224,
    "train_variance": 3.915924549102783,
    "validation_variance": 757.5776977539062
}