{
    "train_accuracy": 0.944444477558136,
    "train_avg_precision": 0.9537698412698412,
    "train_min_precision": 0.7777777777777778,
    "train_avg_recall": 0.9348809523809524,
    "train_min_recall": 0.6666666666666666,
    "train_loss": 0.2118760198354721,
    "validation_accuracy": 0.625,
    "validation_avg_precision": 0.45,
    "validation_min_precision": 0.0,
    "validation_avg_recall": 0.5666666666666665,
    "validation_min_recall": 0.0,
    "validation_loss": 1.4539756774902344,
    "train_variance": 53.37260818481445,
    "validation_variance": 408.5942687988281
}