{
    "train_loss": 0.8781024727710453,
    "train_accuracy": 0.6952627046163693,
    "train_avg_precision": 0.663667633001514,
    "train_min_precision": 0.2210780141730896,
    "train_avg_recall": 0.7071098825573493,
    "train_min_recall": 0.2269271370104764,
    "validation_loss": 1.3211620351936244,
    "validation_accuracy": 0.5453916139240508,
    "validation_avg_precision": 0.5535106047917858,
    "validation_min_precision": 0.22616750836160412,
    "validation_avg_recall": 0.5435293124716077,
    "validation_min_recall": 0.1301279177533244,
    "train_variance": 93.3500747680664,
    "validation_variance": 205.51394653320312
}