{
    "train_loss": 0.03263411711641524,
    "train_accuracy": 0.9984374999999984,
    "train_avg_precision": 0.9983419069268428,
    "train_min_precision": 0.9844884350724938,
    "train_avg_recall": 0.9989775418242275,
    "train_min_recall": 0.9906965843342859,
    "validation_loss": 1.4091623402849023,
    "validation_accuracy": 0.6303401898734178,
    "validation_avg_precision": 0.6472960705777082,
    "validation_min_precision": 0.35333093641476326,
    "validation_avg_recall": 0.6279559755842827,
    "validation_min_recall": 0.23329918971746003,
    "train_variance": 3.1316909790039062,
    "validation_variance": 796.426513671875
}