{
    "train_loss": 0.027541273485782527,
    "train_accuracy": 0.9992005813953468,
    "train_avg_precision": 0.9990378047497075,
    "train_min_precision": 0.9904847543357492,
    "train_avg_recall": 0.9994956119733144,
    "train_min_recall": 0.995027322062097,
    "validation_loss": 1.4090342936636522,
    "validation_accuracy": 0.6291534810126581,
    "validation_avg_precision": 0.6449668959542015,
    "validation_min_precision": 0.3525892506381431,
    "validation_avg_recall": 0.6247250955003739,
    "validation_min_recall": 0.23423882575428617,
    "train_variance": 1.8780772686004639,
    "validation_variance": 687.9461669921875
}