{
    "train_accuracy": 1.0,
    "train_avg_precision": 1.0,
    "train_min_precision": 1.0,
    "train_avg_recall": 1.0,
    "train_min_recall": 1.0,
    "train_loss": 0.027460621669888496,
    "validation_accuracy": 0.6875,
    "validation_avg_precision": 0.7523809523809524,
    "validation_min_precision": 0.5,
    "validation_avg_recall": 0.7023809523809523,
    "validation_min_recall": 0.5,
    "validation_loss": 1.2549424171447754,
    "train_variance": 3.063825845718384,
    "validation_variance": 617.3722534179688
}