{
    "train_loss": 0.041674311060545054,
    "train_accuracy": 0.9969113372093016,
    "train_avg_precision": 0.9967437710923577,
    "train_min_precision": 0.9719070724471315,
    "train_avg_recall": 0.9978711384707083,
    "train_min_recall": 0.9819905841509781,
    "validation_loss": 1.4099978065188925,
    "validation_accuracy": 0.6237143987341773,
    "validation_avg_precision": 0.6434018961592105,
    "validation_min_precision": 0.35863540397282606,
    "validation_avg_recall": 0.6227874337737798,
    "validation_min_recall": 0.2536649180636524,
    "train_variance": 4.952175617218018,
    "validation_variance": 708.7431640625
}