{
    "train_loss": 0.4571256579354753,
    "train_accuracy": 0.8520887166954749,
    "train_avg_precision": 0.8152180028197874,
    "train_min_precision": 0.4354237708555873,
    "train_avg_recall": 0.8631409564999181,
    "train_min_recall": 0.5995824239551251,
    "validation_loss": 1.2290692993357204,
    "validation_accuracy": 0.6024525316455697,
    "validation_avg_precision": 0.6095974480684755,
    "validation_min_precision": 0.31793984690566013,
    "validation_avg_recall": 0.6015975680024923,
    "validation_min_recall": 0.30277224223612925,
    "train_variance": 68.98184204101562,
    "validation_variance": 317.5018310546875
}