{
    "train_accuracy": 0.9907407760620117,
    "train_avg_precision": 0.9900000000000001,
    "train_min_precision": 0.9,
    "train_avg_recall": 0.9952380952380953,
    "train_min_recall": 0.9523809523809523,
    "train_loss": 0.06220685690641403,
    "validation_accuracy": 0.5625,
    "validation_avg_precision": 0.465,
    "validation_min_precision": 0.0,
    "validation_avg_recall": 0.48333333333333334,
    "validation_min_recall": 0.0,
    "validation_loss": 1.7502130270004272,
    "train_variance": 4.943110942840576,
    "validation_variance": 600.0165405273438
}