{
    "train_loss": 0.029498775606585106,
    "train_accuracy": 0.9990552325581377,
    "train_avg_precision": 0.9990418639587363,
    "train_min_precision": 0.9910194147811818,
    "train_avg_recall": 0.9993350220782103,
    "train_min_recall": 0.9936767186627514,
    "validation_loss": 1.3848232566555845,
    "validation_accuracy": 0.6324169303797469,
    "validation_avg_precision": 0.6520376578219906,
    "validation_min_precision": 0.364789949601695,
    "validation_avg_recall": 0.6329558144622538,
    "validation_min_recall": 0.24449153396972512,
    "train_variance": 2.106584310531616,
    "validation_variance": 677.244140625
}