{
    "train_loss": 0.03917978875512302,
    "train_accuracy": 0.9978924418604639,
    "train_avg_precision": 0.9976886855369104,
    "train_min_precision": 0.9793765942188223,
    "train_avg_recall": 0.9985251616960567,
    "train_min_recall": 0.9871866702260762,
    "validation_loss": 1.3803407021715672,
    "validation_accuracy": 0.6271756329113923,
    "validation_avg_precision": 0.645124539267248,
    "validation_min_precision": 0.3598776854272766,
    "validation_avg_recall": 0.6286122758209782,
    "validation_min_recall": 0.25469830073476674,
    "train_variance": 3.6608970165252686,
    "validation_variance": 637.1405029296875
}