{
    "train_loss": 1.1189645509387172,
    "train_accuracy": 0.6284964469976201,
    "train_avg_precision": 0.5898000217930518,
    "train_min_precision": 0.1598949412800303,
    "train_avg_recall": 0.6080967491306322,
    "train_min_recall": 0.23339760575656132,
    "validation_loss": 1.4316309690475462,
    "validation_accuracy": 0.5025712025316456,
    "validation_avg_precision": 0.5250191444382803,
    "validation_min_precision": 0.2337386101616812,
    "validation_avg_recall": 0.5013991959675486,
    "validation_min_recall": 0.19604443951888803,
    "train_variance": 97.05361938476562,
    "validation_variance": 134.19229125976562
}