{
    "train_loss": 0.272730774588363,
    "train_accuracy": 0.915462155397548,
    "train_avg_precision": 0.9272874013613258,
    "train_min_precision": 0.6848696683716423,
    "train_avg_recall": 0.9200769892095941,
    "train_min_recall": 0.7049732124624508,
    "validation_loss": 1.4960520659820942,
    "validation_accuracy": 0.5800039556962028,
    "validation_avg_precision": 0.6332944253498403,
    "validation_min_precision": 0.29168129867972586,
    "validation_avg_recall": 0.5808887238558695,
    "validation_min_recall": 0.16279389636024438,
    "train_variance": 62.41109085083008,
    "validation_variance": 429.5992126464844
}