{
    "train_loss": 0.17337004292842959,
    "train_accuracy": 0.9553146534187842,
    "train_avg_precision": 0.957739939043967,
    "train_min_precision": 0.8255290666978408,
    "train_avg_recall": 0.9596428045724471,
    "train_min_recall": 0.8284678712286682,
    "validation_loss": 1.4487657728074472,
    "validation_accuracy": 0.5925632911392406,
    "validation_avg_precision": 0.6127253026918987,
    "validation_min_precision": 0.32276375803647067,
    "validation_avg_recall": 0.5928018422663123,
    "validation_min_recall": 0.18705553018609034,
    "train_variance": 45.958473205566406,
    "validation_variance": 553.2896118164062
}