{
    "train_loss": 0.13523464525161785,
    "train_accuracy": 0.9729449288789613,
    "train_avg_precision": 0.9722372332670355,
    "train_min_precision": 0.8555188533173256,
    "train_avg_recall": 0.9779704402919001,
    "train_min_recall": 0.8861829928099295,
    "validation_loss": 1.3737276098396207,
    "validation_accuracy": 0.6079905063291142,
    "validation_avg_precision": 0.6293855144490973,
    "validation_min_precision": 0.3344127079357047,
    "validation_avg_recall": 0.6083344069622,
    "validation_min_recall": 0.21062337590779423,
    "train_variance": 23.04412078857422,
    "validation_variance": 461.5240478515625
}