{
    "train_loss": 0.061433070326267304,
    "train_accuracy": 0.992550872093024,
    "train_avg_precision": 0.9913938038556132,
    "train_min_precision": 0.933060896347241,
    "train_avg_recall": 0.9941957596222718,
    "train_min_recall": 0.9546457575098514,
    "validation_loss": 1.3726336390157285,
    "validation_accuracy": 0.6234177215189873,
    "validation_avg_precision": 0.6413171963927766,
    "validation_min_precision": 0.3501165297852886,
    "validation_avg_recall": 0.6208524074080151,
    "validation_min_recall": 0.24918954215305672,
    "train_variance": 8.915472984313965,
    "validation_variance": 670.4321899414062
}