{
    "train_loss": 0.04970528762354406,
    "train_accuracy": 0.9954941860465116,
    "train_avg_precision": 0.995230444183275,
    "train_min_precision": 0.9605558465400328,
    "train_avg_recall": 0.9967868631002874,
    "train_min_recall": 0.9752557406159874,
    "validation_loss": 1.3920242801497251,
    "validation_accuracy": 0.62559335443038,
    "validation_avg_precision": 0.6448205605194552,
    "validation_min_precision": 0.35608786539234877,
    "validation_avg_recall": 0.6265987024530649,
    "validation_min_recall": 0.2591558457544859,
    "train_variance": 6.862189292907715,
    "validation_variance": 716.2218017578125
}