{
    "train_loss": 0.03414163866708446,
    "train_accuracy": 0.9985828488372077,
    "train_avg_precision": 0.9986882592349975,
    "train_min_precision": 0.9869567735747233,
    "train_avg_recall": 0.9990602600771915,
    "train_min_recall": 0.9906467633277247,
    "validation_loss": 1.4059488260293314,
    "validation_accuracy": 0.6252966772151899,
    "validation_avg_precision": 0.6452875521704241,
    "validation_min_precision": 0.36366005257038697,
    "validation_avg_recall": 0.6242489417869858,
    "validation_min_recall": 0.2535553757072745,
    "train_variance": 2.9565012454986572,
    "validation_variance": 628.9297485351562
}