{
    "train_loss": 0.046670481129441124,
    "train_accuracy": 0.9965479651162784,
    "train_avg_precision": 0.9959570201096098,
    "train_min_precision": 0.964813834400702,
    "train_avg_recall": 0.997467702013653,
    "train_min_recall": 0.9790923033039811,
    "validation_loss": 1.3860912285273586,
    "validation_accuracy": 0.6248022151898736,
    "validation_avg_precision": 0.643434630677336,
    "validation_min_precision": 0.34874231043615567,
    "validation_avg_recall": 0.6234027144835991,
    "validation_min_recall": 0.23969663372120564,
    "train_variance": 4.969269275665283,
    "validation_variance": 613.9552001953125
}