{
    "train_loss": 0.11228866638615725,
    "train_accuracy": 0.9647656249999997,
    "train_avg_precision": 0.9509516172099507,
    "train_min_precision": 0.6864851676101671,
    "train_avg_recall": 0.9588720595898291,
    "train_min_recall": 0.7262810551376729,
    "validation_loss": 0.37323801161329817,
    "validation_accuracy": 0.8838574840764336,
    "validation_avg_precision": 0.8896979100163817,
    "validation_min_precision": 0.5697635167380393,
    "validation_avg_recall": 0.8847849284473487,
    "validation_min_recall": 0.5687932909270488,
    "train_variance": 17.52923583984375,
    "validation_variance": 65.04042053222656
}