{
    "train_loss": 0.0850164605677128,
    "train_accuracy": 0.9745312499999995,
    "train_avg_precision": 0.9681259562865868,
    "train_min_precision": 0.7780473970473971,
    "train_avg_recall": 0.9698003940441893,
    "train_min_recall": 0.7942497903498293,
    "validation_loss": 0.37725328540156594,
    "validation_accuracy": 0.8828622611464978,
    "validation_avg_precision": 0.8926599752767483,
    "validation_min_precision": 0.5421485096644335,
    "validation_avg_recall": 0.881018170513924,
    "validation_min_recall": 0.5297092857602415,
    "train_variance": 12.600557327270508,
    "validation_variance": 71.01182556152344
}