{
    "train_loss": 0.3691406417311283,
    "train_accuracy": 0.8724832691644365,
    "train_avg_precision": 0.7432692859517752,
    "train_min_precision": 0.09459641876539382,
    "train_avg_recall": 0.8049256190958434,
    "train_min_recall": 0.31018750409332135,
    "validation_loss": 0.5851677909493446,
    "validation_accuracy": 0.7861328124999999,
    "validation_avg_precision": 0.7971637591319062,
    "validation_min_precision": 0.425380612331444,
    "validation_avg_recall": 0.7854092648116927,
    "validation_min_recall": 0.47093787497595574
}