{
    "train_loss": 0.25020298570917365,
    "train_accuracy": 0.9164445327039356,
    "train_avg_precision": 0.7874040825913433,
    "train_min_precision": 0.20160920950394634,
    "train_avg_recall": 0.8782995259821333,
    "train_min_recall": 0.42613179047479544,
    "validation_loss": 0.4582931332290174,
    "validation_accuracy": 0.8385742187499999,
    "validation_avg_precision": 0.8348015659862497,
    "validation_min_precision": 0.5771084368210575,
    "validation_avg_recall": 0.8377969754831649,
    "validation_min_recall": 0.4889330380134431
}