{
    "train_loss": 0.23905562308796668,
    "train_accuracy": 0.9190203421994265,
    "train_avg_precision": 0.7939673578521647,
    "train_min_precision": 0.18350041771094402,
    "train_avg_recall": 0.8816037058023062,
    "train_min_recall": 0.42145488953554033,
    "validation_loss": 0.4601539582014084,
    "validation_accuracy": 0.8369140625,
    "validation_avg_precision": 0.8304395771367068,
    "validation_min_precision": 0.5694490181252381,
    "validation_avg_recall": 0.8355000716745006,
    "validation_min_recall": 0.49819949093732296
}