{
    "train_loss": 0.31706170554746654,
    "train_accuracy": 0.8949660658836365,
    "train_avg_precision": 0.7476725673799538,
    "train_min_precision": 0.1400325308220045,
    "train_avg_recall": 0.8284962221221818,
    "train_min_recall": 0.36829557257188844,
    "validation_loss": 0.5404821537435056,
    "validation_accuracy": 0.8054687499999998,
    "validation_avg_precision": 0.8074873912282359,
    "validation_min_precision": 0.47139940936095265,
    "validation_avg_recall": 0.8015804473263782,
    "validation_min_recall": 0.4488923324769934
}