{
    "train_loss": 0.24222247642383235,
    "train_accuracy": 0.9198828831053623,
    "train_avg_precision": 0.7849111584484794,
    "train_min_precision": 0.2199874686716792,
    "train_avg_recall": 0.8721629934094113,
    "train_min_recall": 0.38145283675843955,
    "validation_loss": 0.4645487099885941,
    "validation_accuracy": 0.8337890625000003,
    "validation_avg_precision": 0.8274423008121237,
    "validation_min_precision": 0.5755423891299305,
    "validation_avg_recall": 0.8275203764445326,
    "validation_min_recall": 0.3827305243166417
}