{
    "train_loss": 0.4295022660180143,
    "train_accuracy": 0.8574112413222326,
    "train_avg_precision": 0.6911180456069368,
    "train_min_precision": 0.057140009113693324,
    "train_avg_recall": 0.7529157099067099,
    "train_min_recall": 0.11742267789968278,
    "validation_loss": 0.6803705722093584,
    "validation_accuracy": 0.7443359374999999,
    "validation_avg_precision": 0.7327250965580401,
    "validation_min_precision": 0.3524341281116871,
    "validation_avg_recall": 0.74165492240167,
    "validation_min_recall": 0.18456121794520808
}