{
    "train_loss": 0.2359759418065087,
    "train_accuracy": 0.9207336097432861,
    "train_avg_precision": 0.7938918344332858,
    "train_min_precision": 0.2440018315018315,
    "train_avg_recall": 0.8831531340248017,
    "train_min_recall": 0.48103460586514185,
    "validation_loss": 0.4497110303491353,
    "validation_accuracy": 0.8447265624999998,
    "validation_avg_precision": 0.8430431919081952,
    "validation_min_precision": 0.6178420167320037,
    "validation_avg_recall": 0.8449955086322355,
    "validation_min_recall": 0.4737793832927822
}