{
    "train_loss": 0.25414082146527484,
    "train_accuracy": 0.91453748836852,
    "train_avg_precision": 0.788502070209977,
    "train_min_precision": 0.20687485029590297,
    "train_avg_recall": 0.8771935498171548,
    "train_min_recall": 0.4615083733151605,
    "validation_loss": 0.4573429726064203,
    "validation_accuracy": 0.8361328124999998,
    "validation_avg_precision": 0.8332740983819996,
    "validation_min_precision": 0.5684800517769081,
    "validation_avg_recall": 0.8351831144886369,
    "validation_min_recall": 0.4790252555663361
}