{
    "train_loss": 0.2998307378668535,
    "train_accuracy": 0.8982791701952617,
    "train_avg_precision": 0.746495897407173,
    "train_min_precision": 0.11576274316212395,
    "train_avg_recall": 0.8488158295135216,
    "train_min_recall": 0.3260929201224252,
    "validation_loss": 0.48947524651885027,
    "validation_accuracy": 0.83046875,
    "validation_avg_precision": 0.8251824805602882,
    "validation_min_precision": 0.552145593774475,
    "validation_avg_recall": 0.8275923207554915,
    "validation_min_recall": 0.39022515850305756
}