{
    "train_loss": 0.3611776190891601,
    "train_accuracy": 0.8802555956338579,
    "train_avg_precision": 0.7233175516751476,
    "train_min_precision": 0.11281007004691214,
    "train_avg_recall": 0.8042257358420475,
    "train_min_recall": 0.20902550135984616,
    "validation_loss": 0.5621490076184272,
    "validation_accuracy": 0.7906249999999997,
    "validation_avg_precision": 0.784031303751325,
    "validation_min_precision": 0.45117124978174455,
    "validation_avg_recall": 0.7888640643659468,
    "validation_min_recall": 0.2550283005730166
}