{
    "train_loss": 0.22671029154668776,
    "train_accuracy": 0.9238458484934094,
    "train_avg_precision": 0.8043080028144072,
    "train_min_precision": 0.2701102503734083,
    "train_avg_recall": 0.8924637705463783,
    "train_min_recall": 0.5017637029284782,
    "validation_loss": 0.45254681184887885,
    "validation_accuracy": 0.8424804687499999,
    "validation_avg_precision": 0.8406974639776584,
    "validation_min_precision": 0.5931939753216164,
    "validation_avg_recall": 0.8417933561735729,
    "validation_min_recall": 0.4680207875759785
}