{
    "train_loss": 0.24050746204560258,
    "train_accuracy": 0.9191574036029352,
    "train_avg_precision": 0.7923259147856576,
    "train_min_precision": 0.1949561403508772,
    "train_avg_recall": 0.8714318688336263,
    "train_min_recall": 0.40758896109532117,
    "validation_loss": 0.4674186117947102,
    "validation_accuracy": 0.8335937500000002,
    "validation_avg_precision": 0.8293631368581946,
    "validation_min_precision": 0.5679692870073366,
    "validation_avg_recall": 0.8339839244843846,
    "validation_min_recall": 0.4313690935940044
}