{
    "train_loss": 0.2401343840256072,
    "train_accuracy": 0.9181814319209055,
    "train_avg_precision": 0.7923014769911239,
    "train_min_precision": 0.2086883876357561,
    "train_avg_recall": 0.8792449651609778,
    "train_min_recall": 0.4262949304732915,
    "validation_loss": 0.4577261969447136,
    "validation_accuracy": 0.8397460937500001,
    "validation_avg_precision": 0.8372358321517531,
    "validation_min_precision": 0.5854567406076358,
    "validation_avg_recall": 0.841055894335801,
    "validation_min_recall": 0.4684308944720843
}