{
    "train_loss": 0.25913617354735996,
    "train_accuracy": 0.9122759752106252,
    "train_avg_precision": 0.7866806875075141,
    "train_min_precision": 0.1842306815991026,
    "train_avg_recall": 0.8532599671866308,
    "train_min_recall": 0.334560034804833,
    "validation_loss": 0.4919924005866051,
    "validation_accuracy": 0.82607421875,
    "validation_avg_precision": 0.8219074542922714,
    "validation_min_precision": 0.5549132156599373,
    "validation_avg_recall": 0.8226538311155395,
    "validation_min_recall": 0.38434952662633604
}