{
    "train_loss": 0.2290628756347455,
    "train_accuracy": 0.9230518372435323,
    "train_avg_precision": 0.7975783922905009,
    "train_min_precision": 0.24784499126604387,
    "train_avg_recall": 0.8853083121606125,
    "train_min_recall": 0.47453277644037806,
    "validation_loss": 0.46561772227287296,
    "validation_accuracy": 0.83916015625,
    "validation_avg_precision": 0.83393984146204,
    "validation_min_precision": 0.5718894718009407,
    "validation_avg_recall": 0.8378370517404111,
    "validation_min_recall": 0.4397480713910098
}