{
    "train_loss": 0.23381652199385455,
    "train_accuracy": 0.9205114757805545,
    "train_avg_precision": 0.7949629632212234,
    "train_min_precision": 0.22145641882483985,
    "train_avg_recall": 0.8879888801002158,
    "train_min_recall": 0.472588866473037,
    "validation_loss": 0.44865218847990035,
    "validation_accuracy": 0.8441406250000001,
    "validation_avg_precision": 0.8416123209609578,
    "validation_min_precision": 0.6129783414548385,
    "validation_avg_recall": 0.8445585156664049,
    "validation_min_recall": 0.47040678950487974
}