{
    "train_loss": 0.23845883550351132,
    "train_accuracy": 0.9222294688224799,
    "train_avg_precision": 0.7830449858533834,
    "train_min_precision": 0.19840573656363134,
    "train_avg_recall": 0.8488889690929448,
    "train_min_recall": 0.3014404107383235,
    "validation_loss": 0.5129920437932013,
    "validation_accuracy": 0.8244140625000002,
    "validation_avg_precision": 0.8280061755150826,
    "validation_min_precision": 0.580080694502981,
    "validation_avg_recall": 0.8216826827948417,
    "validation_min_recall": 0.2410762959467782
}