{
    "train_loss": 0.3323603277666528,
    "train_accuracy": 0.8870566769650108,
    "train_avg_precision": 0.7503866189624505,
    "train_min_precision": 0.13083613575303324,
    "train_avg_recall": 0.8430824870966217,
    "train_min_recall": 0.3482019448995398,
    "validation_loss": 0.5042931303381921,
    "validation_accuracy": 0.8170898437499999,
    "validation_avg_precision": 0.8184438671488908,
    "validation_min_precision": 0.5345552916301505,
    "validation_avg_recall": 0.8178401079648597,
    "validation_min_recall": 0.4518660517661741
}