{
    "train_loss": 0.24587808078841156,
    "train_accuracy": 0.9176450016205777,
    "train_avg_precision": 0.7887277061902649,
    "train_min_precision": 0.20132650001071056,
    "train_avg_recall": 0.8801761247399534,
    "train_min_recall": 0.45944640878348064,
    "validation_loss": 0.45186786577105525,
    "validation_accuracy": 0.8411132812500001,
    "validation_avg_precision": 0.8363723845684007,
    "validation_min_precision": 0.5761389731096197,
    "validation_avg_recall": 0.8401090223378255,
    "validation_min_recall": 0.4580145000148538
}