{
    "train_loss": 0.5119576077712209,
    "train_accuracy": 0.8086528276142316,
    "train_avg_precision": 0.6835964044530155,
    "train_min_precision": 0.05085042050413649,
    "train_avg_recall": 0.7597274616298328,
    "train_min_recall": 0.2402764488953869,
    "validation_loss": 0.659601566195488,
    "validation_accuracy": 0.7501953124999999,
    "validation_avg_precision": 0.7557356823325997,
    "validation_min_precision": 0.36129371242692626,
    "validation_avg_recall": 0.7455860644652454,
    "validation_min_recall": 0.3758889945117164
}