{
    "train_loss": 0.24198979296182335,
    "train_accuracy": 0.9187344030330061,
    "train_avg_precision": 0.7939900660678194,
    "train_min_precision": 0.22226243542033017,
    "train_avg_recall": 0.8911239379005451,
    "train_min_recall": 0.4953932151335667,
    "validation_loss": 0.45458128899335865,
    "validation_accuracy": 0.8421875000000001,
    "validation_avg_precision": 0.8397355375939997,
    "validation_min_precision": 0.584931431601185,
    "validation_avg_recall": 0.8409708070590884,
    "validation_min_recall": 0.4808603722268919
}