{
    "train_loss": 0.23874622661816444,
    "train_accuracy": 0.9197174645306776,
    "train_avg_precision": 0.7987942177595074,
    "train_min_precision": 0.22553659790501895,
    "train_avg_recall": 0.8870071171063083,
    "train_min_recall": 0.495284935111028,
    "validation_loss": 0.4564257219433785,
    "validation_accuracy": 0.8408203125,
    "validation_avg_precision": 0.839218955723041,
    "validation_min_precision": 0.5859439410991959,
    "validation_avg_recall": 0.8408159142468795,
    "validation_min_recall": 0.5047879922112758
}