{
    "train_loss": 0.23761589772868574,
    "train_accuracy": 0.9208021404450405,
    "train_avg_precision": 0.7949126862196244,
    "train_min_precision": 0.2113219626377521,
    "train_avg_recall": 0.8860450249577032,
    "train_min_recall": 0.464534437043454,
    "validation_loss": 0.45958854109048847,
    "validation_accuracy": 0.8390625,
    "validation_avg_precision": 0.8338266039327134,
    "validation_min_precision": 0.5847817336230505,
    "validation_avg_recall": 0.8363973620707827,
    "validation_min_recall": 0.4686212602108612
}