{
    "train_loss": 0.25704528809639443,
    "train_accuracy": 0.9125335561601743,
    "train_avg_precision": 0.7751531418981386,
    "train_min_precision": 0.16992437100796234,
    "train_avg_recall": 0.8608385687439771,
    "train_min_recall": 0.3738513608755094,
    "validation_loss": 0.46484300419688224,
    "validation_accuracy": 0.8339843749999998,
    "validation_avg_precision": 0.8330166151975293,
    "validation_min_precision": 0.5615809337579095,
    "validation_avg_recall": 0.8322804952896243,
    "validation_min_recall": 0.4893096341167901
}