{
    "train_loss": 0.30913440700162914,
    "train_accuracy": 0.8978159971404496,
    "train_avg_precision": 0.7347381920245792,
    "train_min_precision": 0.1279914043071938,
    "train_avg_recall": 0.8148253757559836,
    "train_min_recall": 0.17735893788525364,
    "validation_loss": 0.5261006847023966,
    "validation_accuracy": 0.8017578124999998,
    "validation_avg_precision": 0.7934704469101633,
    "validation_min_precision": 0.44239427146355936,
    "validation_avg_recall": 0.8012568330218937,
    "validation_min_recall": 0.15797301045833342
}