{
    "train_loss": 0.23794074042847282,
    "train_accuracy": 0.9190486993706023,
    "train_avg_precision": 0.7966921223718008,
    "train_min_precision": 0.20785549732918152,
    "train_avg_recall": 0.8916773575314985,
    "train_min_recall": 0.4869412839770242,
    "validation_loss": 0.4648160427808763,
    "validation_accuracy": 0.84169921875,
    "validation_avg_precision": 0.8419302307479651,
    "validation_min_precision": 0.5833726394748991,
    "validation_avg_recall": 0.8435124314150465,
    "validation_min_recall": 0.5324770025528861
}