{
    "train_loss": 2.204902121895238,
    "train_accuracy": 0.6287384681534348,
    "train_avg_precision": 0.26784419284974564,
    "train_min_precision": 0.0,
    "train_avg_recall": 0.3828803549436987,
    "train_min_recall": 0.0,
    "validation_loss": 2.2486413717269893,
    "validation_accuracy": 0.36533203124999986,
    "validation_avg_precision": 0.2288941025465696,
    "validation_min_precision": 0.0,
    "validation_avg_recall": 0.36749267593510526,
    "validation_min_recall": 0.0
}