{
    "train_loss": 0.25063270434998636,
    "train_accuracy": 0.9159530024779476,
    "train_avg_precision": 0.7902091306899295,
    "train_min_precision": 0.2101978430925799,
    "train_avg_recall": 0.8904157763042099,
    "train_min_recall": 0.5245700844212876,
    "validation_loss": 0.44873756505548934,
    "validation_accuracy": 0.8433593750000001,
    "validation_avg_precision": 0.8400712449911276,
    "validation_min_precision": 0.5609766605967823,
    "validation_avg_recall": 0.8413674483012408,
    "validation_min_recall": 0.5079915781959449
}