{
    "train_loss": 0.39719948172569275,
    "train_accuracy": 0.8702784713945888,
    "train_avg_precision": 0.7076124589825717,
    "train_min_precision": 0.08301639880587248,
    "train_avg_recall": 0.7901305814771936,
    "train_min_recall": 0.20803375043426392,
    "validation_loss": 0.5806503571569921,
    "validation_accuracy": 0.7832031250000001,
    "validation_avg_precision": 0.774492628122253,
    "validation_min_precision": 0.44202241672800896,
    "validation_avg_recall": 0.7815366529253919,
    "validation_min_recall": 0.2503941849192014
}