{
    "train_loss": 0.8170773251014846,
    "train_accuracy": 0.6960001702894247,
    "train_avg_precision": 0.4835862318009974,
    "train_min_precision": 0.0,
    "train_avg_recall": 0.6083701717204413,
    "train_min_recall": 0.0,
    "validation_loss": 1.0154842391610146,
    "validation_accuracy": 0.5962890625000001,
    "validation_avg_precision": 0.565326728528867,
    "validation_min_precision": 0.0,
    "validation_avg_recall": 0.5957023671183114,
    "validation_min_recall": 0.0
}