{
    "train_loss": 0.31263571167201337,
    "train_accuracy": 0.895634831043712,
    "train_avg_precision": 0.755766875860036,
    "train_min_precision": 0.14571588255798779,
    "train_avg_recall": 0.8241928314747317,
    "train_min_recall": 0.3075600049567968,
    "validation_loss": 0.5310513347387315,
    "validation_accuracy": 0.8024414062499999,
    "validation_avg_precision": 0.7994648546258115,
    "validation_min_precision": 0.48734525092722264,
    "validation_avg_recall": 0.7977120986440582,
    "validation_min_recall": 0.3307504768299373
}