{
    "train_loss": 0.25327935448864053,
    "train_accuracy": 0.9145209465110515,
    "train_avg_precision": 0.7818718340492496,
    "train_min_precision": 0.21922218420170966,
    "train_avg_recall": 0.8796366798891367,
    "train_min_recall": 0.44943717572311825,
    "validation_loss": 0.46125063225626944,
    "validation_accuracy": 0.8385742187499999,
    "validation_avg_precision": 0.8374759588709629,
    "validation_min_precision": 0.6033029147211023,
    "validation_avg_recall": 0.8396618830300615,
    "validation_min_recall": 0.45981001542331684
}