{
    "train_loss": 0.2495088917121552,
    "train_accuracy": 0.9151424493706022,
    "train_avg_precision": 0.7888176796079119,
    "train_min_precision": 0.1830016961595909,
    "train_avg_recall": 0.882856149840231,
    "train_min_recall": 0.46059920653738323,
    "validation_loss": 0.4634476326406001,
    "validation_accuracy": 0.8340820312500002,
    "validation_avg_precision": 0.8307502673565884,
    "validation_min_precision": 0.587310317191267,
    "validation_avg_recall": 0.8331077669740214,
    "validation_min_recall": 0.4862898360969805
}