{
    "train_loss": 0.2667227042348761,
    "train_accuracy": 0.9089817749826536,
    "train_avg_precision": 0.7819571253699308,
    "train_min_precision": 0.17379822906138698,
    "train_avg_recall": 0.8909509754580431,
    "train_min_recall": 0.5381826998173449,
    "validation_loss": 0.4605912692844868,
    "validation_accuracy": 0.8386718750000001,
    "validation_avg_precision": 0.8395603187778314,
    "validation_min_precision": 0.5393439042509471,
    "validation_avg_recall": 0.8372606195535492,
    "validation_min_recall": 0.5452775999316051
}