{
    "train_loss": 0.3069943100736852,
    "train_accuracy": 0.8982224548072147,
    "train_avg_precision": 0.7400342975418678,
    "train_min_precision": 0.15156483380167585,
    "train_avg_recall": 0.8271136705225269,
    "train_min_recall": 0.3080154365758081,
    "validation_loss": 0.5267120979726313,
    "validation_accuracy": 0.8160156249999998,
    "validation_avg_precision": 0.8191626554321981,
    "validation_min_precision": 0.5493936749772095,
    "validation_avg_recall": 0.8155995321253181,
    "validation_min_recall": 0.45464350926377173
}