{
    "train_loss": 0.24603227251454396,
    "train_accuracy": 0.9172267275944096,
    "train_avg_precision": 0.787644888232422,
    "train_min_precision": 0.2047586916007969,
    "train_avg_recall": 0.8784764066940655,
    "train_min_recall": 0.4361990871904186,
    "validation_loss": 0.4572159804403781,
    "validation_accuracy": 0.8425781250000001,
    "validation_avg_precision": 0.8373970893502598,
    "validation_min_precision": 0.5708415547880064,
    "validation_avg_recall": 0.8394993275009055,
    "validation_min_recall": 0.4922150194808623
}