{
    "train_loss": 0.22866463242915647,
    "train_accuracy": 0.9224019772128061,
    "train_avg_precision": 0.7993551926170638,
    "train_min_precision": 0.24128376496797552,
    "train_avg_recall": 0.887134214932359,
    "train_min_recall": 0.5010774473518884,
    "validation_loss": 0.4591905333101749,
    "validation_accuracy": 0.8390625000000002,
    "validation_avg_precision": 0.8363399295868943,
    "validation_min_precision": 0.5857330334016966,
    "validation_avg_recall": 0.837764150775349,
    "validation_min_recall": 0.44354608740592927
}