{
    "train_loss": 0.24137317036327566,
    "train_accuracy": 0.9182665044801281,
    "train_avg_precision": 0.7891142128033047,
    "train_min_precision": 0.20516788279946174,
    "train_avg_recall": 0.8766221620570464,
    "train_min_recall": 0.4274533635219183,
    "validation_loss": 0.4811774298548697,
    "validation_accuracy": 0.8377929687500001,
    "validation_avg_precision": 0.8327437604798339,
    "validation_min_precision": 0.5831187836076085,
    "validation_avg_recall": 0.83646183404934,
    "validation_min_recall": 0.4597177981558555
}