{
    "train_loss": 0.24771287305313244,
    "train_accuracy": 0.9166737564823089,
    "train_avg_precision": 0.788112199663978,
    "train_min_precision": 0.1874135124135124,
    "train_avg_recall": 0.8757018852651319,
    "train_min_recall": 0.4256684188981036,
    "validation_loss": 0.4652146898210048,
    "validation_accuracy": 0.8369140624999999,
    "validation_avg_precision": 0.8333669610341006,
    "validation_min_precision": 0.5650933715219236,
    "validation_avg_recall": 0.8354115275791326,
    "validation_min_recall": 0.4763677617537758
}