{
    "train_loss": 0.3401841207554465,
    "train_accuracy": 0.8863713699474669,
    "train_avg_precision": 0.7250650992931733,
    "train_min_precision": 0.10492962203488518,
    "train_avg_recall": 0.8123245586281498,
    "train_min_recall": 0.2587165547899926,
    "validation_loss": 0.5643105775117873,
    "validation_accuracy": 0.7932617187500002,
    "validation_avg_precision": 0.7894767733417756,
    "validation_min_precision": 0.44553896422064065,
    "validation_avg_recall": 0.7948030900283839,
    "validation_min_recall": 0.2706615271232443
}