{
    "train_loss": 0.5490102799315201,
    "train_accuracy": 0.807842275552582,
    "train_avg_precision": 0.6549689456281488,
    "train_min_precision": 0.0365054571527604,
    "train_avg_recall": 0.7274092808709561,
    "train_min_recall": 0.11267088851024948,
    "validation_loss": 0.7658717587590215,
    "validation_accuracy": 0.71025390625,
    "validation_avg_precision": 0.7157049246253844,
    "validation_min_precision": 0.29774252944555973,
    "validation_avg_recall": 0.7128633407271491,
    "validation_min_recall": 0.2670985201704842
}