{
    "train_loss": 0.24787595057696635,
    "train_accuracy": 0.9155489070373674,
    "train_avg_precision": 0.7864237651132343,
    "train_min_precision": 0.2006632743474849,
    "train_avg_recall": 0.8795000654151209,
    "train_min_recall": 0.4500210611422733,
    "validation_loss": 0.46869127526879306,
    "validation_accuracy": 0.8338867187500001,
    "validation_avg_precision": 0.8296034390914504,
    "validation_min_precision": 0.5699025526045186,
    "validation_avg_recall": 0.8317473095238105,
    "validation_min_recall": 0.48342970931029683
}