{
    "train_loss": 0.6544171603102436,
    "train_accuracy": 0.753669937451681,
    "train_avg_precision": 0.6363512638039417,
    "train_min_precision": 0.03992561646565323,
    "train_avg_recall": 0.7229268762011736,
    "train_min_recall": 0.07826670237083147,
    "validation_loss": 0.7866023257374765,
    "validation_accuracy": 0.7038085937499999,
    "validation_avg_precision": 0.7386789787879113,
    "validation_min_precision": 0.29398416001817035,
    "validation_avg_recall": 0.7021061992375557,
    "validation_min_recall": 0.14031084069547525
}