{
    "train_loss": 0.2583537985358322,
    "train_accuracy": 0.9143318962632568,
    "train_avg_precision": 0.783537884043219,
    "train_min_precision": 0.18562992448441362,
    "train_avg_recall": 0.8775673111665974,
    "train_min_recall": 0.42875929211738717,
    "validation_loss": 0.4550747908651828,
    "validation_accuracy": 0.8416015625000002,
    "validation_avg_precision": 0.8362238400731706,
    "validation_min_precision": 0.5655055755122871,
    "validation_avg_recall": 0.8413774119637734,
    "validation_min_recall": 0.47469108038240077
}