{
    "train_loss": 0.24359374663286046,
    "train_accuracy": 0.9169242476162162,
    "train_avg_precision": 0.7880935413419843,
    "train_min_precision": 0.19117738986160038,
    "train_avg_recall": 0.869910526731279,
    "train_min_recall": 0.4226847217636714,
    "validation_loss": 0.4640330731868743,
    "validation_accuracy": 0.8369140625000001,
    "validation_avg_precision": 0.835698466909931,
    "validation_min_precision": 0.5806032864641191,
    "validation_avg_recall": 0.8371112024460591,
    "validation_min_recall": 0.49880005551897816
}