{
    "train_loss": 0.40769227345784487,
    "train_accuracy": 0.8656585561601735,
    "train_avg_precision": 0.702162806218824,
    "train_min_precision": 0.07386205412521202,
    "train_avg_recall": 0.7735350822106152,
    "train_min_recall": 0.13952110004741583,
    "validation_loss": 0.6355431467294692,
    "validation_accuracy": 0.7659179687500001,
    "validation_avg_precision": 0.7599121612847574,
    "validation_min_precision": 0.39271673731150153,
    "validation_avg_recall": 0.7657625613219935,
    "validation_min_recall": 0.20315924316662018
}