{
    "train_loss": 0.28579950620207883,
    "train_accuracy": 0.9030006998463683,
    "train_avg_precision": 0.7545751074992116,
    "train_min_precision": 0.1333259089838037,
    "train_avg_recall": 0.8490491227493738,
    "train_min_recall": 0.36105474468681253,
    "validation_loss": 0.4953112535178661,
    "validation_accuracy": 0.8208007812499999,
    "validation_avg_precision": 0.8276438324708579,
    "validation_min_precision": 0.510208394905066,
    "validation_avg_recall": 0.8226806610143134,
    "validation_min_recall": 0.5068341567776234
}