{
    "train_loss": 0.5769482260210472,
    "train_accuracy": 0.8043873822479916,
    "train_avg_precision": 0.6473332898405196,
    "train_min_precision": 0.05795497562443953,
    "train_avg_recall": 0.7429611070106995,
    "train_min_recall": 0.19434678063800423,
    "validation_loss": 0.7173005014657976,
    "validation_accuracy": 0.737890625,
    "validation_avg_precision": 0.738481123472995,
    "validation_min_precision": 0.3694889201016517,
    "validation_avg_recall": 0.7377480472976679,
    "validation_min_recall": 0.3196435277216211
}