{
    "train_loss": 0.24355799979285184,
    "train_accuracy": 0.9181294430766196,
    "train_avg_precision": 0.7838132482016794,
    "train_min_precision": 0.2128933444722918,
    "train_avg_recall": 0.8784035509167736,
    "train_min_recall": 0.42654789817617383,
    "validation_loss": 0.4498281925916672,
    "validation_accuracy": 0.841796875,
    "validation_avg_precision": 0.8393184731370212,
    "validation_min_precision": 0.6007120872537931,
    "validation_avg_recall": 0.8415947264141673,
    "validation_min_recall": 0.4458595641194769
}