{
    "train_loss": 1.908936964838129,
    "train_accuracy": 0.6948989525175934,
    "train_avg_precision": 0.4283495884530413,
    "train_min_precision": 0.0,
    "train_avg_recall": 0.40246041083582246,
    "train_min_recall": 0.0,
    "validation_loss": 2.0517188251018523,
    "validation_accuracy": 0.38564453125000003,
    "validation_avg_precision": 0.35513251795051054,
    "validation_min_precision": 0.0,
    "validation_avg_recall": 0.38568734166066804,
    "validation_min_recall": 0.0
}