{
    "train_loss": 0.24165051940240354,
    "train_accuracy": 0.9187698500198235,
    "train_avg_precision": 0.7955708772327825,
    "train_min_precision": 0.23940713282818546,
    "train_avg_recall": 0.8899223171726319,
    "train_min_recall": 0.5120118454269923,
    "validation_loss": 0.4723415262997149,
    "validation_accuracy": 0.8392578125000001,
    "validation_avg_precision": 0.833688395913834,
    "validation_min_precision": 0.5858318397384275,
    "validation_avg_recall": 0.837980661335779,
    "validation_min_recall": 0.5051895513698362
}