{
    "train_loss": 0.40878791871823755,
    "train_accuracy": 0.8584628324759629,
    "train_avg_precision": 0.7196135427104905,
    "train_min_precision": 0.061284050110023705,
    "train_avg_recall": 0.7839280209484407,
    "train_min_recall": 0.24026643562654648,
    "validation_loss": 0.6094455771148204,
    "validation_accuracy": 0.7749999999999999,
    "validation_avg_precision": 0.7758749673157682,
    "validation_min_precision": 0.4005687840012068,
    "validation_avg_recall": 0.7735347437949,
    "validation_min_recall": 0.3779872373322913
}