{
    "train_loss": 0.2542785259715297,
    "train_accuracy": 0.9147312651600759,
    "train_avg_precision": 0.7852743471097289,
    "train_min_precision": 0.18904706404706406,
    "train_avg_recall": 0.8715761986369507,
    "train_min_recall": 0.43025778309744034,
    "validation_loss": 0.4549729943275452,
    "validation_accuracy": 0.8404296875,
    "validation_avg_precision": 0.8354206030887731,
    "validation_min_precision": 0.5594400437968584,
    "validation_avg_recall": 0.8394283542959878,
    "validation_min_recall": 0.4906899737071527
}