{
    "train_loss": 0.2981792165521989,
    "train_accuracy": 0.9021854201952618,
    "train_avg_precision": 0.7565023105840191,
    "train_min_precision": 0.16258151320070824,
    "train_avg_recall": 0.8452172783194886,
    "train_min_recall": 0.3526396081568496,
    "validation_loss": 0.497180787473917,
    "validation_accuracy": 0.8219726562499998,
    "validation_avg_precision": 0.81606358901887,
    "validation_min_precision": 0.5096308199770703,
    "validation_avg_recall": 0.8206979132570436,
    "validation_min_recall": 0.42558915169024153
}