{
    "train_accuracy": 0.7250000238418579,
    "train_loss": 0.7283892631530762,
    "validation_accuracy": 0.5625,
    "validation_loss": 1.2748605012893677,
    "train_variance": 81.88442993164062,
    "validation_variance": 123.44552612304688
}