{
    "train_accuracy": 1.0,
    "train_loss": 0.07257836312055588,
    "validation_accuracy": 0.6875,
    "validation_loss": 1.4838379621505737,
    "train_variance": 20.85795783996582,
    "validation_variance": 387.2064514160156
}