{
    "train_accuracy": 0.9375,
    "train_loss": 0.3193201422691345,
    "validation_accuracy": 0.4375,
    "validation_loss": 1.6402467489242554,
    "train_variance": 71.35505676269531,
    "validation_variance": 170.18421936035156
}