{
    "train_accuracy": 0.887499988079071,
    "train_loss": 0.34885263442993164,
    "validation_accuracy": 0.75,
    "validation_loss": 0.6123854517936707,
    "train_variance": 69.26490783691406,
    "validation_variance": 221.2312469482422
}