{
    "train_accuracy": 1.0,
    "train_loss": 0.10262419283390045,
    "validation_accuracy": 0.8125,
    "validation_loss": 0.6358239650726318,
    "validation_variance": 388.4844055175781
}