{
    "train_accuracy": 1.0,
    "train_loss": 0.036072440445423126,
    "validation_accuracy": 0.875,
    "validation_loss": 0.4857405424118042
}