{
    "train_accuracy": 1.0,
    "train_loss": 0.07730957865715027,
    "validation_accuracy": 0.6875,
    "validation_loss": 0.9448202848434448,
    "validation_variance": 428.09429931640625
}