{
    "train_accuracy": 0.675000011920929,
    "train_loss": 0.9508575201034546,
    "validation_accuracy": 0.875,
    "validation_loss": 0.5576685070991516,
    "train_variance": 72.40464782714844,
    "validation_variance": 95.17701721191406
}