{
    "train_accuracy": 0.9750000238418579,
    "train_loss": 0.18143507838249207,
    "validation_accuracy": 0.6875,
    "validation_loss": 0.8170963525772095,
    "train_variance": 53.122806549072266,
    "validation_variance": 248.38772583007812
}