{
    "train_accuracy": 0.9750000238418579,
    "train_loss": 0.16935418546199799,
    "validation_accuracy": 0.6875,
    "validation_loss": 0.8443098664283752,
    "train_variance": 27.910465240478516,
    "validation_variance": 347.1109313964844
}