{
    "train_loss": 0.14365626212209456,
    "train_accuracy": 0.951328125,
    "train_avg_precision": 0.9208376641876642,
    "train_min_precision": 0.5143808968808968,
    "train_avg_recall": 0.93690129071183,
    "train_min_recall": 0.6130962509712509,
    "validation_loss": 0.34107280446655425,
    "validation_accuracy": 0.8884355095541407,
    "validation_avg_precision": 0.8869293035933169,
    "validation_min_precision": 0.5732844826793871,
    "validation_avg_recall": 0.887583926747939,
    "validation_min_recall": 0.5444984774602607,
    "train_variance": 27.876047134399414,
    "validation_variance": 108.35432434082031
}