{
    "train_loss": 0.07272723374888303,
    "train_accuracy": 0.9803124999999998,
    "train_avg_precision": 0.9731208849293412,
    "train_min_precision": 0.8006325896325898,
    "train_avg_recall": 0.9793829582726641,
    "train_min_recall": 0.8477430327025919,
    "validation_loss": 0.3473911437852558,
    "validation_accuracy": 0.8896297770700645,
    "validation_avg_precision": 0.8957011062186223,
    "validation_min_precision": 0.5648841781007387,
    "validation_avg_recall": 0.8886253997241258,
    "validation_min_recall": 0.568570831150449,
    "train_variance": 14.06495475769043,
    "validation_variance": 123.58374786376953
}