{
    "train_loss": 0.11573474400676784,
    "train_accuracy": 0.9638281249999995,
    "train_avg_precision": 0.9469451357284694,
    "train_min_precision": 0.6601114302364303,
    "train_avg_recall": 0.9542184056490748,
    "train_min_recall": 0.7035657079848255,
    "validation_loss": 0.3486915038079971,
    "validation_accuracy": 0.8868431528662428,
    "validation_avg_precision": 0.8937573519898365,
    "validation_min_precision": 0.5543333700977013,
    "validation_avg_recall": 0.8881976392326715,
    "validation_min_recall": 0.5719072505696712,
    "train_variance": 22.552724838256836,
    "validation_variance": 104.93534088134766
}