{
    "train_loss": 0.06689042813144624,
    "train_accuracy": 0.9822656249999998,
    "train_avg_precision": 0.9730349746975975,
    "train_min_precision": 0.7882874070374072,
    "train_avg_recall": 0.9805037746476475,
    "train_min_recall": 0.8484196359196363,
    "validation_loss": 0.3472352621092158,
    "validation_accuracy": 0.8916202229299376,
    "validation_avg_precision": 0.8998102843723867,
    "validation_min_precision": 0.5813330158871559,
    "validation_avg_recall": 0.8917016140264546,
    "validation_min_recall": 0.5776004957533619,
    "train_variance": 12.167638778686523,
    "validation_variance": 106.27852630615234
}