{
    "train_loss": 0.07673308181576426,
    "train_accuracy": 0.9786718749999991,
    "train_avg_precision": 0.9723107026075775,
    "train_min_precision": 0.8036485458985461,
    "train_avg_recall": 0.9763642816226006,
    "train_min_recall": 0.8285419470235651,
    "validation_loss": 0.3676286885740272,
    "validation_accuracy": 0.8851512738853511,
    "validation_avg_precision": 0.8965816260879959,
    "validation_min_precision": 0.5488568756084681,
    "validation_avg_recall": 0.885506228653787,
    "validation_min_recall": 0.5579971691436659,
    "train_variance": 18.337772369384766,
    "validation_variance": 124.45612335205078
}