{
    "train_loss": 0.29205878492444765,
    "train_accuracy": 0.8961718749999995,
    "train_avg_precision": 0.8536153997870941,
    "train_min_precision": 0.3667546897546898,
    "train_avg_recall": 0.8673371627418226,
    "train_min_recall": 0.41873125485625495,
    "validation_loss": 0.45399198989579614,
    "validation_accuracy": 0.8457404458598735,
    "validation_avg_precision": 0.8501985708912461,
    "validation_min_precision": 0.4800623562566238,
    "validation_avg_recall": 0.8438729752397482,
    "validation_min_recall": 0.458547715554085,
    "train_variance": 63.33567810058594,
    "validation_variance": 110.63224792480469
}