{
    "train_loss": 0.06482275214511901,
    "train_accuracy": 0.9824999999999995,
    "train_avg_precision": 0.9752182664603009,
    "train_min_precision": 0.8069442620288213,
    "train_avg_recall": 0.9799548463683716,
    "train_min_recall": 0.8464361402486404,
    "validation_loss": 0.3503337973242352,
    "validation_accuracy": 0.8890326433121024,
    "validation_avg_precision": 0.8948287802666783,
    "validation_min_precision": 0.5540153759898981,
    "validation_avg_recall": 0.8876548451548452,
    "validation_min_recall": 0.5360649258738431,
    "train_variance": 14.052200317382812,
    "validation_variance": 141.27967834472656
}