{
    "train_loss": 0.17344683365896343,
    "train_accuracy": 0.9416406249999996,
    "train_avg_precision": 0.9090627186947036,
    "train_min_precision": 0.4702280636030636,
    "train_avg_recall": 0.9219546821878677,
    "train_min_recall": 0.5306559274059274,
    "validation_loss": 0.36152980633222376,
    "validation_accuracy": 0.8798765923566885,
    "validation_avg_precision": 0.877352463530807,
    "validation_min_precision": 0.5700214152443455,
    "validation_avg_recall": 0.8790635203645696,
    "validation_min_recall": 0.530284418341743,
    "train_variance": 29.733919143676758,
    "validation_variance": 99.968994140625
}