{
    "train_loss": 0.11048863028176133,
    "train_accuracy": 0.9657812499999996,
    "train_avg_precision": 0.9470442761328173,
    "train_min_precision": 0.6439269619269616,
    "train_avg_recall": 0.9549369610163277,
    "train_min_recall": 0.6938162837979016,
    "validation_loss": 0.3480457921696317,
    "validation_accuracy": 0.8867436305732489,
    "validation_avg_precision": 0.8927785554855616,
    "validation_min_precision": 0.5531795522241382,
    "validation_avg_recall": 0.8887007984937924,
    "validation_min_recall": 0.5717959323054864,
    "train_variance": 20.955358505249023,
    "validation_variance": 106.92990112304688
}