{
    "train_loss": 0.06844203031156212,
    "train_accuracy": 0.9807031249999999,
    "train_avg_precision": 0.9757692518900849,
    "train_min_precision": 0.8262948162948164,
    "train_avg_recall": 0.9790055036483508,
    "train_min_recall": 0.8421996663467252,
    "validation_loss": 0.3648135487678325,
    "validation_accuracy": 0.8862460191082812,
    "validation_avg_precision": 0.8970766084194954,
    "validation_min_precision": 0.5442545600188913,
    "validation_avg_recall": 0.8861362053453347,
    "validation_min_recall": 0.5467408387790553,
    "train_variance": 14.931066513061523,
    "validation_variance": 134.32440185546875
}