{
    "train_loss": 0.23075324922800058,
    "train_accuracy": 0.9196093749999995,
    "train_avg_precision": 0.8861815376044094,
    "train_min_precision": 0.4470007215007215,
    "train_avg_recall": 0.8952224530393561,
    "train_min_recall": 0.4760349511599512,
    "validation_loss": 0.4179942628285687,
    "validation_accuracy": 0.8586783439490451,
    "validation_avg_precision": 0.8668642022835225,
    "validation_min_precision": 0.4880233531507415,
    "validation_avg_recall": 0.8555468693209106,
    "validation_min_recall": 0.4839456898374095,
    "train_variance": 50.6519775390625,
    "validation_variance": 78.05807495117188
}