{
    "train_loss": 0.07989720029756424,
    "train_accuracy": 0.9759374999999997,
    "train_avg_precision": 0.9625241489249299,
    "train_min_precision": 0.7357045875950674,
    "train_avg_recall": 0.9694982865446106,
    "train_min_recall": 0.7781160436785441,
    "validation_loss": 0.3377400445900146,
    "validation_accuracy": 0.8908240445859881,
    "validation_avg_precision": 0.8946449345653167,
    "validation_min_precision": 0.5598030242934701,
    "validation_avg_recall": 0.8901334179306578,
    "validation_min_recall": 0.569343819662291,
    "train_variance": 16.44344139099121,
    "validation_variance": 114.67838287353516
}