{
    "train_loss": 0.22982667729258532,
    "train_accuracy": 0.9189062499999991,
    "train_avg_precision": 0.8809917164138656,
    "train_min_precision": 0.3833982683982684,
    "train_avg_recall": 0.9011383072809548,
    "train_min_recall": 0.4815948912198913,
    "validation_loss": 0.3909479770690772,
    "validation_accuracy": 0.8711186305732492,
    "validation_avg_precision": 0.8723642051508301,
    "validation_min_precision": 0.5205363461732889,
    "validation_avg_recall": 0.8702461233034484,
    "validation_min_recall": 0.5255666308214081,
    "train_variance": 36.86286544799805,
    "validation_variance": 84.38265991210938
}