{
    "train_loss": 0.12672239121049644,
    "train_accuracy": 0.9575781249999994,
    "train_avg_precision": 0.9314546921216037,
    "train_min_precision": 0.5796317571317566,
    "train_avg_recall": 0.9457361597008659,
    "train_min_recall": 0.653683802308802,
    "validation_loss": 0.33811186927898673,
    "validation_accuracy": 0.8858479299363062,
    "validation_avg_precision": 0.8839384810165067,
    "validation_min_precision": 0.5645600153561937,
    "validation_avg_recall": 0.884201124129468,
    "validation_min_recall": 0.5383295755907219,
    "train_variance": 22.695951461791992,
    "validation_variance": 101.34777069091797
}