{
    "train_loss": 0.1984163480997086,
    "train_accuracy": 0.930703124999999,
    "train_avg_precision": 0.8919738208051935,
    "train_min_precision": 0.4110634365634366,
    "train_avg_recall": 0.9075198000891626,
    "train_min_recall": 0.49259971278721265,
    "validation_loss": 0.37444128153050793,
    "validation_accuracy": 0.8731090764331215,
    "validation_avg_precision": 0.875165172760714,
    "validation_min_precision": 0.5175545261532524,
    "validation_avg_recall": 0.8736427054898392,
    "validation_min_recall": 0.5449619029236865,
    "train_variance": 32.905059814453125,
    "validation_variance": 90.18285369873047
}