{
    "train_loss": 9.367692402430942,
    "train_zero_shot_top_1": 0.0,
    "train_zero_shot_top_2": 0.0,
    "validation_loss": 12.928202889182351,
    "validation_zero_shot_top_1": 0.28760386770865654,
    "validation_zero_shot_top_2": 0.9507325279242942,
    "train_variance": 2.0716347694396973,
    "validation_variance": 8.899559020996094
}