{
    "train_loss": 0.16230443753302104,
    "train_accuracy": 0.9445312499999994,
    "train_avg_precision": 0.917267923377911,
    "train_min_precision": 0.519868936618937,
    "train_avg_recall": 0.9283693798563031,
    "train_min_recall": 0.5699551837051835,
    "validation_loss": 0.3632240162059,
    "validation_accuracy": 0.8761942675159242,
    "validation_avg_precision": 0.8749663323230201,
    "validation_min_precision": 0.5608166780141304,
    "validation_avg_recall": 0.8753342736735396,
    "validation_min_recall": 0.5216310052297314,
    "train_variance": 20.080341339111328,
    "validation_variance": 47.024410247802734
}