{
    "train_loss": 0.11460988849401471,
    "train_accuracy": 0.9645312499999995,
    "train_avg_precision": 0.9487901236109563,
    "train_min_precision": 0.6614837662337659,
    "train_avg_recall": 0.9553307974767087,
    "train_min_recall": 0.7069608594020363,
    "validation_loss": 0.3494487027074123,
    "validation_accuracy": 0.8842555732484082,
    "validation_avg_precision": 0.8909894369607748,
    "validation_min_precision": 0.5534834061904124,
    "validation_avg_recall": 0.8857972017366921,
    "validation_min_recall": 0.5607623621954833,
    "train_variance": 15.742347717285156,
    "validation_variance": 62.52907180786133
}