{
    "train_loss": 0.0873524641618133,
    "train_accuracy": 0.9734374999999995,
    "train_avg_precision": 0.9578655052583206,
    "train_min_precision": 0.7172158610438408,
    "train_avg_recall": 0.9669276824958817,
    "train_min_recall": 0.7685179889554895,
    "validation_loss": 0.3375782343042884,
    "validation_accuracy": 0.8888335987261149,
    "validation_avg_precision": 0.8910732143534695,
    "validation_min_precision": 0.555495954859012,
    "validation_avg_recall": 0.8889419181510478,
    "validation_min_recall": 0.5603275174931226,
    "train_variance": 13.398879051208496,
    "validation_variance": 61.4814453125
}