{
    "train_loss": 0.06898062409833075,
    "train_accuracy": 0.9819531249999994,
    "train_avg_precision": 0.9743233866487546,
    "train_min_precision": 0.8019224921320511,
    "train_avg_recall": 0.9803556945942197,
    "train_min_recall": 0.8475353748633553,
    "validation_loss": 0.3492856001967839,
    "validation_accuracy": 0.8912221337579624,
    "validation_avg_precision": 0.8956834734621362,
    "validation_min_precision": 0.5553711504348449,
    "validation_avg_recall": 0.8895030512068732,
    "validation_min_recall": 0.5419993841968364,
    "train_variance": 10.994638442993164,
    "validation_variance": 71.56920623779297
}