train_accuracy,train_loss,validation_accuracy,validation_loss
0.470703125,1.4851993322372437,0.455078125,1.5177710056304932
0.638671875,1.072887659072876,0.533203125,1.3130419254302979
0.646484375,1.048601508140564,0.578125,1.257993221282959
