iter_num,train_loss,train_accuracy,validation_loss,validation_accuracy
10,6.112500190734863,6.112500190734863,5.881249904632568,5.881249904632568
20,2.6781249046325684,2.6781249046325684,2.668750047683716,2.668750047683716
