train_accuracy,train_loss,validation_accuracy,validation_loss
0.4296875,1.5335558652877808,0.404296875,1.544386386871338
0.505859375,1.3188828229904175,0.556640625,1.2791138887405396
0.607421875,1.0994255542755127,0.64453125,1.0147669315338135
