train_accuracy,train_loss,validation_accuracy,validation_loss
0.373046875,1.7090579271316528,0.34765625,1.758842945098877
0.521484375,1.3540012836456299,0.517578125,1.3257876634597778
0.556640625,1.2048635482788086,0.55859375,1.255924105644226
0.583984375,1.1518055200576782,0.64453125,1.0601043701171875
0.67578125,0.9311896562576294,0.681640625,0.8868260383605957
