iter_num,train_loss,train_accuracy,validation_loss,validation_accuracy
10,48.29999923706055,48.29999923706055,47.04999923706055,47.04999923706055
20,6.787499904632568,6.787499904632568,6.381249904632568,6.381249904632568
