{
    "iter_num": 10,
    "train_loss": 48.29999923706055,
    "train_accuracy": 48.29999923706055,
    "validation_loss": 47.04999923706055,
    "validation_accuracy": 47.04999923706055
}