{
    "train_accuracy": 0.8125,
    "train_loss": 0.5249443650245667,
    "validation_accuracy": 0.7578125,
    "validation_loss": 0.6955427527427673
}