{
    "iter_num": 400,
    "train_loss": 1.0313793420791626,
    "train_accuracy": 1.0313793420791626,
    "validation_loss": 1.063318133354187,
    "validation_accuracy": 1.063318133354187
}