{
    "iter_num": 200,
    "train_loss": 1.4766615629196167,
    "train_accuracy": 1.4766615629196167,
    "validation_loss": 1.3326771259307861,
    "validation_accuracy": 1.3326771259307861
}