{
    "train_accuracy": 0.4296875,
    "train_loss": 1.5335558652877808,
    "validation_accuracy": 0.404296875,
    "validation_loss": 1.544386386871338
}