{
    "iter_num": 20,
    "train_loss": 14.477676391601562,
    "train_accuracy": 14.477676391601562,
    "validation_loss": 13.436859130859375,
    "validation_accuracy": 13.436859130859375
}