{
    "train_accuracy": 0.888671875,
    "train_loss": 0.365030974149704,
    "validation_accuracy": 0.83984375,
    "validation_loss": 0.5771065354347229
}