{
    "train_accuracy": 0.783203125,
    "train_loss": 0.5979587435722351,
    "validation_accuracy": 0.759765625,
    "validation_loss": 0.7178916335105896
}