{
    "train_accuracy": 0.65625,
    "train_loss": 1.0274373292922974,
    "validation_accuracy": 0.611328125,
    "validation_loss": 1.081872820854187
}