{
    "iter_num": 300,
    "train_loss": 1.3397220373153687,
    "train_accuracy": 1.3397220373153687,
    "validation_loss": 1.1194918155670166,
    "validation_accuracy": 1.1194918155670166
}