{
    "train_accuracy": 0.798828125,
    "train_loss": 0.5326346755027771,
    "validation_accuracy": 0.78515625,
    "validation_loss": 0.6290003657341003
}