{
    "train_accuracy": 0.90625,
    "train_loss": 0.26743414998054504,
    "validation_accuracy": 0.845703125,
    "validation_loss": 0.4739680588245392
}