{
    "train_accuracy": 0.6171875,
    "train_loss": 1.1102980375289917,
    "validation_accuracy": 0.6015625,
    "validation_loss": 1.0617091655731201
}