{
    "train_accuracy": 0.521484375,
    "train_loss": 1.3540012836456299,
    "validation_accuracy": 0.517578125,
    "validation_loss": 1.3257876634597778
}