{
    "train_accuracy": 0.646484375,
    "train_loss": 1.048601508140564,
    "validation_accuracy": 0.578125,
    "validation_loss": 1.257993221282959
}