{
    "train_accuracy": 0.607421875,
    "train_loss": 1.0994255542755127,
    "validation_accuracy": 0.64453125,
    "validation_loss": 1.0147669315338135
}