{
    "train_accuracy": 0.583984375,
    "train_loss": 1.1518055200576782,
    "validation_accuracy": 0.64453125,
    "validation_loss": 1.0601043701171875
}