{
    "train_accuracy": 0.43359375,
    "train_loss": 1.5446970462799072,
    "validation_accuracy": 0.404296875,
    "validation_loss": 1.5661909580230713
}