{
    "train_accuracy": 0.470703125,
    "train_loss": 1.4851993322372437,
    "validation_accuracy": 0.455078125,
    "validation_loss": 1.5177710056304932
}