{
    "train_accuracy": 0.556640625,
    "train_loss": 1.2048635482788086,
    "validation_accuracy": 0.55859375,
    "validation_loss": 1.255924105644226
}