{
    "train_accuracy": 0.505859375,
    "train_loss": 1.3188828229904175,
    "validation_accuracy": 0.556640625,
    "validation_loss": 1.2791138887405396
}