{
    "iter_num": 10,
    "train_loss": 55.53954315185547,
    "train_accuracy": 55.53954315185547,
    "validation_loss": 52.39774703979492,
    "validation_accuracy": 52.39774703979492
}