{
    "train_accuracy": 0.857421875,
    "train_loss": 0.4230543076992035,
    "validation_accuracy": 0.798828125,
    "validation_loss": 0.6167479753494263
}