{
    "train_accuracy": 0.6640625,
    "train_loss": 0.9639967083930969,
    "validation_accuracy": 0.634765625,
    "validation_loss": 0.9769676923751831
}