{
    "train_accuracy": 0.96875,
    "train_loss": 0.1030992940068245,
    "validation_accuracy": 0.8671875,
    "validation_loss": 0.32082900404930115
}