{
    "train_accuracy": 0.96875,
    "train_loss": 0.08319669961929321,
    "validation_accuracy": 0.875,
    "validation_loss": 0.559160053730011
}