{
    "train_accuracy": 1.0,
    "train_loss": 0.0002727788523770869,
    "validation_accuracy": 0.90625,
    "validation_loss": 0.6505671143531799
}