{
    "train_accuracy": 1.0,
    "train_loss": 0.00024424761068075895,
    "validation_accuracy": 0.8828125,
    "validation_loss": 0.6904740929603577
}