{
    "train_accuracy": 1.0,
    "train_loss": 0.0002999406715389341,
    "validation_accuracy": 0.9140625,
    "validation_loss": 0.8344144821166992
}