{
    "train_loss": 0.17462625712156307,
    "train_accuracy": 0.9407031249999993,
    "train_avg_precision": 0.9167455857429423,
    "train_min_precision": 0.5404926655302044,
    "train_avg_recall": 0.9155999287958702,
    "train_min_recall": 0.5535635961260958,
    "validation_loss": 0.4251033917164347,
    "validation_accuracy": 0.8577826433121023,
    "validation_avg_precision": 0.8788922350424788,
    "validation_min_precision": 0.48363424386279363,
    "validation_avg_recall": 0.8587416022635208,
    "validation_min_recall": 0.46383190411852837,
    "train_variance": 51.90401840209961,
    "validation_variance": 86.11636352539062
}