{
    "train_loss": 0.07406278048641982,
    "train_accuracy": 0.9802343749999993,
    "train_avg_precision": 0.9747331470539887,
    "train_min_precision": 0.8149830868735672,
    "train_avg_recall": 0.9785610079616304,
    "train_min_recall": 0.8456958283804266,
    "validation_loss": 0.35687973075042095,
    "validation_accuracy": 0.8821656050955422,
    "validation_avg_precision": 0.8933762987425409,
    "validation_min_precision": 0.5490968338102098,
    "validation_avg_recall": 0.8810205682498677,
    "validation_min_recall": 0.5377887151772505,
    "train_variance": 16.394987106323242,
    "validation_variance": 107.5677261352539
}