{
    "train_loss": 0.08243598613888029,
    "train_accuracy": 0.9757812499999995,
    "train_avg_precision": 0.9668224577505831,
    "train_min_precision": 0.7654532065157066,
    "train_avg_recall": 0.9734058797557861,
    "train_min_recall": 0.8127886154952721,
    "validation_loss": 0.3598711870753082,
    "validation_accuracy": 0.8807722929936307,
    "validation_avg_precision": 0.8893951580454017,
    "validation_min_precision": 0.5408457690679498,
    "validation_avg_recall": 0.8776811458180885,
    "validation_min_recall": 0.52723986911885,
    "train_variance": 18.16158103942871,
    "validation_variance": 126.82501983642578
}