{
    "train_loss": 0.17230541195720425,
    "train_accuracy": 0.9417968749999992,
    "train_avg_precision": 0.917285471841922,
    "train_min_precision": 0.5638426018426016,
    "train_avg_recall": 0.9302131831419999,
    "train_min_recall": 0.617837605613341,
    "validation_loss": 0.3679867149063735,
    "validation_accuracy": 0.8755971337579623,
    "validation_avg_precision": 0.8811785800108516,
    "validation_min_precision": 0.5195848737250012,
    "validation_avg_recall": 0.8779332213355566,
    "validation_min_recall": 0.5411931133268713,
    "train_variance": 37.39016342163086,
    "validation_variance": 95.06892395019531
}