{
    "train_loss": 0.22232858613133413,
    "train_accuracy": 0.9201562499999991,
    "train_avg_precision": 0.8888922545336312,
    "train_min_precision": 0.45547705072705036,
    "train_avg_recall": 0.9003490276641929,
    "train_min_recall": 0.4907808094683094,
    "validation_loss": 0.3788113798115661,
    "validation_accuracy": 0.8698248407643321,
    "validation_avg_precision": 0.8709223912197865,
    "validation_min_precision": 0.5373100890616814,
    "validation_avg_recall": 0.8682108113983346,
    "validation_min_recall": 0.5229306433128089,
    "train_variance": 42.161746978759766,
    "validation_variance": 110.9748764038086
}