{
    "train_loss": 0.06736667608842252,
    "train_accuracy": 0.9826562499999998,
    "train_avg_precision": 0.9773717000637347,
    "train_min_precision": 0.832359806859807,
    "train_avg_recall": 0.981845470944655,
    "train_min_recall": 0.8693926282051289,
    "validation_loss": 0.3584362962728093,
    "validation_accuracy": 0.8863455414012748,
    "validation_avg_precision": 0.8929576609008666,
    "validation_min_precision": 0.5503338310663152,
    "validation_avg_recall": 0.8876250340801669,
    "validation_min_recall": 0.5455859780700546,
    "train_variance": 12.864781379699707,
    "validation_variance": 109.05168151855469
}