{
    "train_loss": 0.09282023236155511,
    "train_accuracy": 0.9706250000000003,
    "train_avg_precision": 0.9598054725383929,
    "train_min_precision": 0.7368270895770895,
    "train_avg_recall": 0.9664263720172819,
    "train_min_recall": 0.7751050015805451,
    "validation_loss": 0.35158780392757655,
    "validation_accuracy": 0.884653662420383,
    "validation_avg_precision": 0.8931433123583745,
    "validation_min_precision": 0.567109465198637,
    "validation_avg_recall": 0.8859738960614759,
    "validation_min_recall": 0.5691264149862876,
    "train_variance": 21.38371467590332,
    "validation_variance": 132.7813262939453
}