{
    "train_loss": 0.4248352970182895,
    "train_accuracy": 0.8631250000000003,
    "train_avg_precision": 0.8212387465543718,
    "train_min_precision": 0.26786580086580103,
    "train_avg_recall": 0.8411372160671958,
    "train_min_recall": 0.28286445498945495,
    "validation_loss": 0.5055408088644596,
    "validation_accuracy": 0.8409633757961787,
    "validation_avg_precision": 0.8427640195760279,
    "validation_min_precision": 0.4607521922106037,
    "validation_avg_recall": 0.8420862196897229,
    "validation_min_recall": 0.3830289314365748,
    "train_variance": 58.61539840698242,
    "validation_variance": 94.19033813476562
}