{
    "train_loss": 0.08178811570163817,
    "train_accuracy": 0.9768749999999997,
    "train_avg_precision": 0.9701354351666851,
    "train_min_precision": 0.7923812923187927,
    "train_avg_recall": 0.9740990903097925,
    "train_min_recall": 0.812464862415445,
    "validation_loss": 0.3528591006234953,
    "validation_accuracy": 0.88375796178344,
    "validation_avg_precision": 0.8950966481619352,
    "validation_min_precision": 0.5626446271350731,
    "validation_avg_recall": 0.8846792470916679,
    "validation_min_recall": 0.5593805168645934,
    "train_variance": 19.20928382873535,
    "validation_variance": 110.00658416748047
}