{
    "train_loss": 0.08157790072262287,
    "train_accuracy": 0.9760156249999999,
    "train_avg_precision": 0.9623026451920454,
    "train_min_precision": 0.7268761197952374,
    "train_avg_recall": 0.9691245211380469,
    "train_min_recall": 0.7737102645161855,
    "validation_loss": 0.34372814782675665,
    "validation_accuracy": 0.8888335987261152,
    "validation_avg_precision": 0.8932088718075977,
    "validation_min_precision": 0.557294192007568,
    "validation_avg_recall": 0.8875699689553194,
    "validation_min_recall": 0.5562478745599766,
    "train_variance": 15.67143440246582,
    "validation_variance": 136.9226837158203
}