{
    "train_loss": 0.1342850481439382,
    "train_accuracy": 0.9564062499999997,
    "train_avg_precision": 0.9430741888807461,
    "train_min_precision": 0.6621798479298474,
    "train_avg_recall": 0.9506489520697182,
    "train_min_recall": 0.7121861541236542,
    "validation_loss": 0.3697810795656436,
    "validation_accuracy": 0.8755971337579622,
    "validation_avg_precision": 0.8830374443909478,
    "validation_min_precision": 0.5416728353034084,
    "validation_avg_recall": 0.8744627119361724,
    "validation_min_recall": 0.5386324574222663,
    "train_variance": 27.871910095214844,
    "validation_variance": 109.54694366455078
}