{
    "train_loss": 0.11776450105942776,
    "train_accuracy": 0.9611718749999999,
    "train_avg_precision": 0.9447261954480703,
    "train_min_precision": 0.6578229548229546,
    "train_avg_recall": 0.9515702933413719,
    "train_min_recall": 0.7096347104692694,
    "validation_loss": 0.36618612820555435,
    "validation_accuracy": 0.8778861464968161,
    "validation_avg_precision": 0.8828974857610739,
    "validation_min_precision": 0.5310537834423186,
    "validation_avg_recall": 0.8771723505322229,
    "validation_min_recall": 0.5545721087122361,
    "train_variance": 25.911623001098633,
    "validation_variance": 135.8495330810547
}