{
    "train_loss": 0.16578711574897173,
    "train_accuracy": 0.9438281249999994,
    "train_avg_precision": 0.923432029991549,
    "train_min_precision": 0.5716358597542809,
    "train_avg_recall": 0.9213547050846234,
    "train_min_recall": 0.5709275585525582,
    "validation_loss": 0.4155817465607528,
    "validation_accuracy": 0.8599721337579626,
    "validation_avg_precision": 0.8792911551499354,
    "validation_min_precision": 0.4836785477334371,
    "validation_avg_recall": 0.8604436316566324,
    "validation_min_recall": 0.46309523809523817,
    "train_variance": 46.12964630126953,
    "validation_variance": 63.88557434082031
}