{
    "train_loss": 0.07002766262274238,
    "train_accuracy": 0.9821093749999998,
    "train_avg_precision": 0.9752476992891825,
    "train_min_precision": 0.8167483933550114,
    "train_avg_recall": 0.9782447245700925,
    "train_min_recall": 0.837831936853996,
    "validation_loss": 0.3477991289773564,
    "validation_accuracy": 0.8871417197452235,
    "validation_avg_precision": 0.8918851583660495,
    "validation_min_precision": 0.5437011325546359,
    "validation_avg_recall": 0.8856680032635443,
    "validation_min_recall": 0.540386665705137,
    "train_variance": 13.196491241455078,
    "validation_variance": 112.27225494384766
}