{
    "train_loss": 9.59004680477843,
    "train_zero_shot_top_1": 0.0,
    "train_zero_shot_top_2": 0.0,
    "validation_loss": 14.645253268155185,
    "validation_zero_shot_top_1": 0.5075246519159168,
    "validation_zero_shot_top_2": 0.7032528651489296
}