{
    "train_loss": 9.957434089816347,
    "train_zero_shot_top_1": 0.0,
    "train_zero_shot_top_2": 0.0,
    "validation_loss": 20.61157833446156,
    "validation_zero_shot_top_1": 0.2620411398541731,
    "validation_zero_shot_top_2": 0.6665040577489916
}