{
    "train_loss": 12.294007398644272,
    "train_zero_shot_top_1": 0.0,
    "train_zero_shot_top_2": 0.0,
    "validation_loss": 12.6266433542425,
    "validation_zero_shot_top_1": 0.28240805829196397,
    "validation_zero_shot_top_2": 0.49948793340831515
}