{
    "train_loss": 12.280610726804149,
    "train_zero_shot_top_1": 0.0,
    "train_zero_shot_top_2": 0.0,
    "validation_loss": 12.63568080555309,
    "validation_zero_shot_top_1": 0.2809482140086876,
    "validation_zero_shot_top_2": 0.4981608022417003
}