{
    "train_loss": 9.433365374195331,
    "train_zero_shot_top_1": 0.0,
    "train_zero_shot_top_2": 0.0,
    "validation_loss": 15.6980562210083,
    "validation_zero_shot_top_1": 0.490660390164443,
    "validation_zero_shot_top_2": 0.7261128509928637,
    "train_variance": 2.1800172328948975,
    "validation_variance": 15.213929176330566
}