{
    "train_loss": 12.263221195765903,
    "train_zero_shot_top_1": 0.0,
    "train_zero_shot_top_2": 0.0,
    "validation_loss": 12.668735070662066,
    "validation_zero_shot_top_1": 0.28147906647533355,
    "validation_zero_shot_top_2": 0.48249459451597887
}