{
    "train_loss": 10.108622044933087,
    "train_zero_shot_top_1": 0.0,
    "train_zero_shot_top_2": 0.0,
    "validation_loss": 13.442199360240592,
    "validation_zero_shot_top_1": 0.46984503471144895,
    "validation_zero_shot_top_2": 0.7084486745656221
}