{
    "train_loss": 12.307692819712113,
    "train_zero_shot_top_1": 0.0,
    "train_zero_shot_top_2": 0.0,
    "validation_loss": 12.62678761915727,
    "validation_zero_shot_top_1": 0.28121364024201057,
    "validation_zero_shot_top_2": 0.4992225071749922
}