{
    "train_loss": 9.788893621795033,
    "train_zero_shot_top_1": 0.0,
    "train_zero_shot_top_2": 0.0,
    "validation_loss": 22.791537198153407,
    "validation_zero_shot_top_1": 0.3198670929646293,
    "validation_zero_shot_top_2": 0.6768902226186782
}