{
    "train_loss": 9.50425186935736,
    "train_zero_shot_top_1": 0.0,
    "train_zero_shot_top_2": 0.0,
    "validation_loss": 15.705707289955834,
    "validation_zero_shot_top_1": 0.43060679588116657,
    "validation_zero_shot_top_2": 0.7123082628762023
}