{
    "train_loss": 9.347528710657233,
    "train_zero_shot_top_1": 0.0,
    "train_zero_shot_top_2": 0.0,
    "validation_loss": 15.427402409640226,
    "validation_zero_shot_top_1": 0.4472038134114179,
    "validation_zero_shot_top_2": 0.7543352951442757,
    "train_variance": 2.2197177410125732,
    "validation_variance": 19.583017349243164
}