{
    "train_loss": 10.00862789154053,
    "train_zero_shot_top_1": 0.0,
    "train_zero_shot_top_2": 0.0,
    "validation_loss": 14.308328021656385,
    "validation_zero_shot_top_1": 0.5080912581445858,
    "validation_zero_shot_top_2": 0.6070655493717033,
    "train_variance": 3.2757253646850586,
    "validation_variance": 8.915107727050781
}