{
    "train_loss": 9.409154171846353,
    "train_zero_shot_top_1": 0.0,
    "train_zero_shot_top_2": 0.0,
    "validation_loss": 15.23279701579701,
    "validation_zero_shot_top_1": 0.4834666120462302,
    "validation_zero_shot_top_2": 0.7755112181973318
}