{
    "train_loss": 9.388041651978785,
    "train_zero_shot_top_1": 0.0,
    "train_zero_shot_top_2": 0.0,
    "validation_loss": 15.683390877463601,
    "validation_zero_shot_top_1": 0.4724168815932362,
    "validation_zero_shot_top_2": 0.7908671559882097
}