{
    "train_loss": 9.337002987764318,
    "train_zero_shot_top_1": 0.0,
    "train_zero_shot_top_2": 0.0,
    "validation_loss": 15.547178875316273,
    "validation_zero_shot_top_1": 0.48772252171889546,
    "validation_zero_shot_top_2": 0.8209118300108595
}