{
    "train_accuracy": 0.859375,
    "train_avg_precision": 0.8319036519036519,
    "train_min_precision": 0.5,
    "train_avg_recall": 0.8214285714285713,
    "train_min_recall": 0.3333333333333333,
    "train_loss": 0.4195748269557953,
    "validation_accuracy": 0.5,
    "validation_avg_precision": 0.34629629629629627,
    "validation_min_precision": 0.0,
    "validation_avg_recall": 0.48148148148148157,
    "validation_min_recall": 0.0,
    "validation_loss": 1.097786784172058,
    "train_variance": 154.90147399902344,
    "validation_variance": 340.8324279785156
}