{
    "train_loss": 1.0818182517588137,
    "train_accuracy": 0.634921875,
    "train_avg_precision": 0.6225395961896762,
    "train_min_precision": 0.11735740584879518,
    "train_avg_recall": 0.6173534431162538,
    "train_min_recall": 0.11630439005439008,
    "validation_loss": 1.4188160907690692,
    "validation_accuracy": 0.5201035031847133,
    "validation_avg_precision": 0.5589817058340163,
    "validation_min_precision": 0.13343063682388479,
    "validation_avg_recall": 0.5152432369470585,
    "validation_min_recall": 0.11935460152020656,
    "train_variance": 126.70832824707031,
    "validation_variance": 187.6119384765625
}