{
    "train_loss": 0.8394893683493128,
    "train_accuracy": 0.707070312499999,
    "train_avg_precision": 0.6950234565463438,
    "train_min_precision": 0.14977140914640907,
    "train_avg_recall": 0.6840317888415568,
    "train_min_recall": 0.1942532398157398,
    "validation_loss": 1.3877216478821572,
    "validation_accuracy": 0.5395103503184713,
    "validation_avg_precision": 0.5914330808997398,
    "validation_min_precision": 0.1484066093142526,
    "validation_avg_recall": 0.5401866834510146,
    "validation_min_recall": 0.136169615946686,
    "train_variance": 168.2272186279297,
    "validation_variance": 330.1703186035156
}