{
    "train_loss": 0.8750395304709668,
    "train_accuracy": 0.7065234374999999,
    "train_avg_precision": 0.6693791953479004,
    "train_min_precision": 0.13644143356643357,
    "train_avg_recall": 0.6799803622327493,
    "train_min_recall": 0.18481714119214113,
    "validation_loss": 1.31518175343799,
    "validation_accuracy": 0.5513535031847135,
    "validation_avg_precision": 0.5670380813454061,
    "validation_min_precision": 0.1838411323283934,
    "validation_avg_recall": 0.5502026768348423,
    "validation_min_recall": 0.17316132204667237,
    "train_variance": 136.24986267089844,
    "validation_variance": 250.17893981933594
}