{
    "train_loss": 0.2267559461295605,
    "train_accuracy": 0.9395703125000027,
    "train_avg_precision": 0.9303626604856613,
    "train_min_precision": 0.6688470557220548,
    "train_avg_recall": 0.943307649503727,
    "train_min_recall": 0.7235130219690005,
    "validation_loss": 1.266595411832166,
    "validation_accuracy": 0.6258957006369428,
    "validation_avg_precision": 0.6318490966383437,
    "validation_min_precision": 0.24591307489396652,
    "validation_avg_recall": 0.6215479265956971,
    "validation_min_recall": 0.19325386220290677,
    "train_variance": 73.59123229980469,
    "validation_variance": 727.0764770507812
}