{
    "train_loss": 0.13876078580506152,
    "train_accuracy": 0.9709375,
    "train_avg_precision": 0.9670072894261464,
    "train_min_precision": 0.7837354544964823,
    "train_avg_recall": 0.9718419346970494,
    "train_min_recall": 0.8170456087063078,
    "validation_loss": 1.3526801273321645,
    "validation_accuracy": 0.6251990445859873,
    "validation_avg_precision": 0.6360226477344313,
    "validation_min_precision": 0.23113896011985177,
    "validation_avg_recall": 0.6220877777565678,
    "validation_min_recall": 0.1736875120633082,
    "train_variance": 51.55731964111328,
    "validation_variance": 755.2984008789062
}