{
    "train_loss": 0.4025589340180162,
    "train_accuracy": 0.8732031250000013,
    "train_avg_precision": 0.8584796535015031,
    "train_min_precision": 0.46677495421245313,
    "train_avg_recall": 0.8636558261503348,
    "train_min_recall": 0.49827903877168517,
    "validation_loss": 1.3451447623550516,
    "validation_accuracy": 0.5937500000000002,
    "validation_avg_precision": 0.6213019438700995,
    "validation_min_precision": 0.19646711215182547,
    "validation_avg_recall": 0.5932819913632019,
    "validation_min_recall": 0.16650143911290405,
    "train_variance": 130.5143280029297,
    "validation_variance": 425.4902648925781
}