{
    "train_loss": 0.5437831517308952,
    "train_accuracy": 0.8197656250000002,
    "train_avg_precision": 0.7833828604314145,
    "train_min_precision": 0.29695386557886516,
    "train_avg_recall": 0.7937788107111068,
    "train_min_recall": 0.31795132718158947,
    "validation_loss": 1.2775240513929136,
    "validation_accuracy": 0.5952428343949043,
    "validation_avg_precision": 0.5988598740927872,
    "validation_min_precision": 0.18731558604170062,
    "validation_avg_recall": 0.5964149479913815,
    "validation_min_recall": 0.14327533754285343,
    "train_variance": 141.7699432373047,
    "validation_variance": 334.9635009765625
}