{
    "train_loss": 0.25750934334471837,
    "train_accuracy": 0.9271093750000018,
    "train_avg_precision": 0.9150192389463081,
    "train_min_precision": 0.6018562548562539,
    "train_avg_recall": 0.9230794617757304,
    "train_min_recall": 0.6398938655298941,
    "validation_loss": 1.259658752732975,
    "validation_accuracy": 0.6213176751592352,
    "validation_avg_precision": 0.6279660153365074,
    "validation_min_precision": 0.2140409661110297,
    "validation_avg_recall": 0.617049214055583,
    "validation_min_recall": 0.1810833893636441,
    "train_variance": 96.94245147705078,
    "validation_variance": 646.5790405273438
}