{
    "train_loss": 0.08834115171805024,
    "train_accuracy": 0.9852343749999953,
    "train_avg_precision": 0.9832800049090754,
    "train_min_precision": 0.8752577887798435,
    "train_avg_recall": 0.9874515827604635,
    "train_min_recall": 0.9082192491461032,
    "validation_loss": 1.3302090274300549,
    "validation_accuracy": 0.6290804140127392,
    "validation_avg_precision": 0.6401327473598615,
    "validation_min_precision": 0.23928064150994074,
    "validation_avg_recall": 0.6294853015978278,
    "validation_min_recall": 0.19275747253454253,
    "train_variance": 27.578449249267578,
    "validation_variance": 982.0673217773438
}