{
    "train_loss": 0.4604152505472302,
    "train_accuracy": 0.8498437500000016,
    "train_avg_precision": 0.8291771593932409,
    "train_min_precision": 0.4082445887445874,
    "train_avg_recall": 0.838514170218876,
    "train_min_recall": 0.43670823620823523,
    "validation_loss": 1.3001812688863965,
    "validation_accuracy": 0.595043789808917,
    "validation_avg_precision": 0.6086524003070461,
    "validation_min_precision": 0.20333633104333732,
    "validation_avg_recall": 0.593459574749384,
    "validation_min_recall": 0.16053686228845454,
    "train_variance": 137.1395263671875,
    "validation_variance": 490.3014831542969
}