{
    "train_loss": 0.16363274825736884,
    "train_accuracy": 0.9604296875000016,
    "train_avg_precision": 0.9524598289340019,
    "train_min_precision": 0.7292402760638035,
    "train_avg_recall": 0.9626075179716861,
    "train_min_recall": 0.7875321617774199,
    "validation_loss": 1.294964320340734,
    "validation_accuracy": 0.6296775477707004,
    "validation_avg_precision": 0.6400309094656232,
    "validation_min_precision": 0.23251725274018256,
    "validation_avg_recall": 0.6256172242477975,
    "validation_min_recall": 0.1927399564342239,
    "train_variance": 55.89262390136719,
    "validation_variance": 838.3455200195312
}