{
    "train_loss": 0.10179591685999174,
    "train_accuracy": 0.9805078124999974,
    "train_avg_precision": 0.9782189192388926,
    "train_min_precision": 0.8460963436073706,
    "train_avg_recall": 0.9824641772879324,
    "train_min_recall": 0.8765664635179897,
    "validation_loss": 1.3578529843858846,
    "validation_accuracy": 0.6251990445859871,
    "validation_avg_precision": 0.6394209446400783,
    "validation_min_precision": 0.23203532136653146,
    "validation_avg_recall": 0.6245226244031975,
    "validation_min_recall": 0.17199772980027753,
    "train_variance": 36.6103630065918,
    "validation_variance": 1012.581787109375
}