{
    "train_loss": 0.22502995172515514,
    "train_accuracy": 0.9405078125000021,
    "train_avg_precision": 0.926316196862134,
    "train_min_precision": 0.6323410734002832,
    "train_avg_recall": 0.9386692629497139,
    "train_min_recall": 0.685800437511834,
    "validation_loss": 1.23381268066965,
    "validation_accuracy": 0.6322651273885352,
    "validation_avg_precision": 0.6361341959400815,
    "validation_min_precision": 0.22088645607753876,
    "validation_avg_recall": 0.6276488073144124,
    "validation_min_recall": 0.19983100763355532,
    "train_variance": 74.60481262207031,
    "validation_variance": 585.0753784179688
}