{
    "train_loss": 0.09036288912408051,
    "train_accuracy": 0.9879296874999954,
    "train_avg_precision": 0.9846130521751042,
    "train_min_precision": 0.8686244343891362,
    "train_avg_recall": 0.9889262715186234,
    "train_min_recall": 0.9006723291006347,
    "validation_loss": 1.3229446824948505,
    "validation_accuracy": 0.6356488853503182,
    "validation_avg_precision": 0.6448719358919808,
    "validation_min_precision": 0.24178592108528407,
    "validation_avg_recall": 0.6343337324388283,
    "validation_min_recall": 0.19558000386025856,
    "train_variance": 26.03029441833496,
    "validation_variance": 803.9627685546875
}