{
    "train_loss": 1.050750223249197,
    "train_accuracy": 0.6368749999999996,
    "train_avg_precision": 0.6114637655690357,
    "train_min_precision": 0.09687557581307578,
    "train_avg_recall": 0.6220765335711094,
    "train_min_recall": 0.11398245178024596,
    "validation_loss": 1.3460933197835452,
    "validation_accuracy": 0.5249800955414012,
    "validation_avg_precision": 0.5431264333615403,
    "validation_min_precision": 0.1287963275224422,
    "validation_avg_recall": 0.5204630401445687,
    "validation_min_recall": 0.106982684689691,
    "train_variance": 112.45675659179688,
    "validation_variance": 202.85592651367188
}