{
    "train_loss": 0.30739185474813,
    "train_accuracy": 0.9097265625000018,
    "train_avg_precision": 0.8969681766186917,
    "train_min_precision": 0.5561629481629466,
    "train_avg_recall": 0.9106778279697276,
    "train_min_recall": 0.6201445533633028,
    "validation_loss": 1.259753690024091,
    "validation_accuracy": 0.6153463375796178,
    "validation_avg_precision": 0.6365821427230198,
    "validation_min_precision": 0.25022350573118646,
    "validation_avg_recall": 0.6165654320909095,
    "validation_min_recall": 0.205135752428746,
    "train_variance": 89.87261962890625,
    "validation_variance": 479.1743469238281
}