{
    "train_accuracy": 0.59375,
    "train_avg_precision": 0.6198412698412697,
    "train_min_precision": 0.25,
    "train_avg_recall": 0.6475869809203142,
    "train_min_recall": 0.25,
    "train_loss": 1.15761137008667,
    "validation_accuracy": 0.5,
    "validation_avg_precision": 0.3611111111111111,
    "validation_min_precision": 0.0,
    "validation_avg_recall": 0.33333333333333337,
    "validation_min_recall": 0.0,
    "validation_loss": 1.2518383264541626,
    "train_variance": 129.91082763671875,
    "validation_variance": 195.8463592529297
}