{
    "train_accuracy": 1.0,
    "train_avg_precision": 1.0,
    "train_min_precision": 1.0,
    "train_avg_recall": 1.0,
    "train_min_recall": 1.0,
    "train_loss": 0.10066793859004974,
    "validation_accuracy": 0.75,
    "validation_avg_precision": 0.6555555555555557,
    "validation_min_precision": 0.0,
    "validation_avg_recall": 0.7222222222222222,
    "validation_min_recall": 0.0,
    "validation_loss": 0.8898267149925232,
    "train_variance": 22.275304794311523,
    "validation_variance": 898.3893432617188
}