{
    "train_loss": 0.07205601130612192,
    "train_accuracy": 0.9926562499999938,
    "train_avg_precision": 0.9908288283804467,
    "train_min_precision": 0.9060811216969253,
    "train_avg_recall": 0.9944140145685517,
    "train_min_recall": 0.9370130092538131,
    "validation_loss": 1.3213592581688225,
    "validation_accuracy": 0.637937898089172,
    "validation_avg_precision": 0.6441517208544578,
    "validation_min_precision": 0.24624957491199526,
    "validation_avg_recall": 0.6369046505511473,
    "validation_min_recall": 0.18801234151552618,
    "train_variance": 18.81683921813965,
    "validation_variance": 873.0191040039062
}