{
    "train_loss": 0.6272582087665803,
    "train_accuracy": 0.7919140625000003,
    "train_avg_precision": 0.75672057035421,
    "train_min_precision": 0.2731437312687308,
    "train_avg_recall": 0.7776161843552278,
    "train_min_recall": 0.31746656541557783,
    "validation_loss": 1.28478577638128,
    "validation_accuracy": 0.5843949044585985,
    "validation_avg_precision": 0.5975944480338004,
    "validation_min_precision": 0.18664810066083942,
    "validation_avg_recall": 0.5868697685895136,
    "validation_min_recall": 0.17208228784661897,
    "train_variance": 143.9981231689453,
    "validation_variance": 386.0986022949219
}