{
    "train_accuracy": 0.734375,
    "train_avg_precision": 0.7818181818181817,
    "train_min_precision": 0.5,
    "train_avg_recall": 0.7660317460317461,
    "train_min_recall": 0.4,
    "train_loss": 0.8364642262458801,
    "validation_accuracy": 0.4375,
    "validation_avg_precision": 0.4066666666666666,
    "validation_min_precision": 0.0,
    "validation_avg_recall": 0.48333333333333334,
    "validation_min_recall": 0.0,
    "validation_loss": 1.4780280590057373,
    "train_variance": 143.70579528808594,
    "validation_variance": 280.9891357421875
}