{
    "train_accuracy": 0.515625,
    "train_avg_precision": 0.42492063492063487,
    "train_min_precision": 0.0,
    "train_avg_recall": 0.39416666666666667,
    "train_min_recall": 0.0,
    "train_loss": 1.1468440294265747,
    "validation_accuracy": 0.3125,
    "validation_avg_precision": 0.2962962962962963,
    "validation_min_precision": 0.0,
    "validation_avg_recall": 0.18333333333333332,
    "validation_min_recall": 0.0,
    "validation_loss": 1.6910814046859741,
    "train_variance": 121.22673797607422,
    "validation_variance": 160.0835723876953
}