{
    "train_loss": 0.18589740038849417,
    "train_accuracy": 0.9546875000000018,
    "train_avg_precision": 0.9483972267307359,
    "train_min_precision": 0.71770341260047,
    "train_avg_recall": 0.9586766441474998,
    "train_min_recall": 0.7679575451638134,
    "validation_loss": 1.2592257420728157,
    "validation_accuracy": 0.6367436305732483,
    "validation_avg_precision": 0.6489702670842612,
    "validation_min_precision": 0.2508759994428783,
    "validation_avg_recall": 0.6343261509662783,
    "validation_min_recall": 0.20214129465721817,
    "train_variance": 54.69763946533203,
    "validation_variance": 654.4376831054688
}