{
    "train_loss": 0.8443898836523299,
    "train_accuracy": 0.7202343749999999,
    "train_avg_precision": 0.6753515247678498,
    "train_min_precision": 0.14140909090909096,
    "train_avg_recall": 0.6982508470911954,
    "train_min_recall": 0.18968417693417688,
    "validation_loss": 1.255737217368594,
    "validation_accuracy": 0.5658837579617834,
    "validation_avg_precision": 0.573276387448362,
    "validation_min_precision": 0.19783044273490125,
    "validation_avg_recall": 0.5657964443553616,
    "validation_min_recall": 0.19156418599093755,
    "train_variance": 114.14505004882812,
    "validation_variance": 218.60800170898438
}