{
    "train_loss": 0.0665291350521147,
    "train_accuracy": 0.9941796874999929,
    "train_avg_precision": 0.9935548721124952,
    "train_min_precision": 0.9252843569828809,
    "train_avg_recall": 0.9960280970096479,
    "train_min_recall": 0.9485977984433813,
    "validation_loss": 1.3483569063958087,
    "validation_accuracy": 0.6355493630573248,
    "validation_avg_precision": 0.6467718325155072,
    "validation_min_precision": 0.24818315089015716,
    "validation_avg_recall": 0.6365006284114566,
    "validation_min_recall": 0.19435552062940592,
    "train_variance": 16.449804306030273,
    "validation_variance": 923.246826171875
}