{
    "train_loss": 0.11232702962122851,
    "train_accuracy": 0.978007812499998,
    "train_avg_precision": 0.9738394018838153,
    "train_min_precision": 0.8200310986528067,
    "train_avg_recall": 0.9790944592926341,
    "train_min_recall": 0.8559751606644964,
    "validation_loss": 1.3291504181874032,
    "validation_accuracy": 0.6298765923566876,
    "validation_avg_precision": 0.643802777818327,
    "validation_min_precision": 0.24887587642364706,
    "validation_avg_recall": 0.6286697025550531,
    "validation_min_recall": 0.20093450427845322,
    "train_variance": 39.9221076965332,
    "validation_variance": 923.7427368164062
}