{
    "train_loss": 0.7069926818460225,
    "train_accuracy": 0.764531249999999,
    "train_avg_precision": 0.7273641428562041,
    "train_min_precision": 0.21714610389610375,
    "train_avg_recall": 0.7376939861729797,
    "train_min_recall": 0.2499191641691641,
    "validation_loss": 1.3075230151984338,
    "validation_accuracy": 0.5660828025477707,
    "validation_avg_precision": 0.582827391219579,
    "validation_min_precision": 0.16585647190742728,
    "validation_avg_recall": 0.5651601636155773,
    "validation_min_recall": 0.1579400959974208,
    "train_variance": 141.212158203125,
    "validation_variance": 277.6551818847656
}