{
    "train_loss": 1.1578911246359338,
    "train_accuracy": 0.5949609375,
    "train_avg_precision": 0.5647049238312771,
    "train_min_precision": 0.06680903818403817,
    "train_avg_recall": 0.5411124840797698,
    "train_min_recall": 0.0709318181818182,
    "validation_loss": 1.4765907609538673,
    "validation_accuracy": 0.46327627388535053,
    "validation_avg_precision": 0.5036069317279758,
    "validation_min_precision": 0.09125696022473839,
    "validation_avg_recall": 0.4645298067113353,
    "validation_min_recall": 0.07605029436239626,
    "train_variance": 128.44248962402344,
    "validation_variance": 178.17567443847656
}