{
    "train_accuracy": 1.0,
    "train_avg_precision": 1.0,
    "train_min_precision": 1.0,
    "train_avg_recall": 1.0,
    "train_min_recall": 1.0,
    "train_loss": 0.06759878247976303,
    "validation_accuracy": 0.5625,
    "validation_avg_precision": 0.537037037037037,
    "validation_min_precision": 0.0,
    "validation_avg_recall": 0.5833333333333333,
    "validation_min_recall": 0.0,
    "validation_loss": 1.5892564058303833,
    "train_variance": 26.781414031982422,
    "validation_variance": 808.465087890625
}