{
    "train_accuracy": 0.984375,
    "train_avg_precision": 0.9934640522875817,
    "train_min_precision": 0.9411764705882353,
    "train_avg_recall": 0.9920634920634921,
    "train_min_recall": 0.9285714285714286,
    "train_loss": 0.14512291550636292,
    "validation_accuracy": 0.6875,
    "validation_avg_precision": 0.5916666666666667,
    "validation_min_precision": 0.0,
    "validation_avg_recall": 0.525,
    "validation_min_recall": 0.0,
    "validation_loss": 1.2988194227218628,
    "train_variance": 87.58151245117188,
    "validation_variance": 592.7891235351562
}