{
    "train_loss": 1.17998075246811,
    "train_accuracy": 0.5865625000000002,
    "train_avg_precision": 0.557726637806256,
    "train_min_precision": 0.05156601731601734,
    "train_avg_recall": 0.5478105378188772,
    "train_min_recall": 0.05639994156170628,
    "validation_loss": 1.4539356186131758,
    "validation_accuracy": 0.48188694267515914,
    "validation_avg_precision": 0.5056023223836665,
    "validation_min_precision": 0.10531839886935426,
    "validation_avg_recall": 0.4803534075030892,
    "validation_min_recall": 0.0907458606503192,
    "train_variance": 116.21600341796875,
    "validation_variance": 154.913818359375
}