{
    "train_loss": 0.3715452129766349,
    "train_accuracy": 0.8860546875000017,
    "train_avg_precision": 0.8605390687151186,
    "train_min_precision": 0.47104643967143794,
    "train_avg_recall": 0.8826579028718865,
    "train_min_recall": 0.543386734792984,
    "validation_loss": 1.2400711231930246,
    "validation_accuracy": 0.614450636942675,
    "validation_avg_precision": 0.6194242741217262,
    "validation_min_precision": 0.23511262269224037,
    "validation_avg_recall": 0.6157005067355383,
    "validation_min_recall": 0.19125555972689723,
    "train_variance": 113.94192504882812,
    "validation_variance": 528.3182983398438
}