{
    "train_loss": 0.08231204842217264,
    "train_accuracy": 0.9872265624999944,
    "train_avg_precision": 0.9854548367312095,
    "train_min_precision": 0.8872396353646304,
    "train_avg_recall": 0.9894433413281551,
    "train_min_recall": 0.919662993256739,
    "validation_loss": 1.3620100697134712,
    "validation_accuracy": 0.6272890127388534,
    "validation_avg_precision": 0.640425950767058,
    "validation_min_precision": 0.24978107525878218,
    "validation_avg_recall": 0.6276987337974601,
    "validation_min_recall": 0.18958212700250912,
    "train_variance": 26.554256439208984,
    "validation_variance": 1078.47509765625
}