{
    "train_loss": 0.07719575302209698,
    "train_accuracy": 0.9914453124999947,
    "train_avg_precision": 0.9903362623031168,
    "train_min_precision": 0.9039634995852057,
    "train_avg_recall": 0.9926170826767566,
    "train_min_recall": 0.9262529674702618,
    "validation_loss": 1.348972910149082,
    "validation_accuracy": 0.6317675159235668,
    "validation_avg_precision": 0.6449403127525478,
    "validation_min_precision": 0.24086057254847057,
    "validation_avg_recall": 0.6320841773230312,
    "validation_min_recall": 0.1869713973217157,
    "train_variance": 22.8597412109375,
    "validation_variance": 915.287353515625
}