{
    "train_accuracy": 0.953125,
    "train_avg_precision": 0.9507142857142857,
    "train_min_precision": 0.75,
    "train_avg_recall": 0.9607142857142855,
    "train_min_recall": 0.8333333333333334,
    "train_loss": 0.2518751323223114,
    "validation_accuracy": 0.75,
    "validation_avg_precision": 0.6458333333333333,
    "validation_min_precision": 0.0,
    "validation_avg_recall": 0.6416666666666666,
    "validation_min_recall": 0.0,
    "validation_loss": 0.5062353014945984,
    "train_variance": 53.201942443847656,
    "validation_variance": 642.6429443359375
}