{
    "train_accuracy": 0.921875,
    "train_avg_precision": 0.9023809523809524,
    "train_min_precision": 0.5714285714285714,
    "train_avg_recall": 0.9217813051146384,
    "train_min_recall": 0.75,
    "train_loss": 0.2434891015291214,
    "validation_accuracy": 0.375,
    "validation_avg_precision": 0.4259259259259259,
    "validation_min_precision": 0.0,
    "validation_avg_recall": 0.34259259259259256,
    "validation_min_recall": 0.0,
    "validation_loss": 1.8222637176513672,
    "train_variance": 91.11431121826172,
    "validation_variance": 494.9189147949219
}