{
    "train_loss": 3.0047646698076274,
    "train_zero_shot_top_1": 0.0,
    "train_zero_shot_top_2": 0.0,
    "validation_loss": 9.26963624087247,
    "validation_zero_shot_top_1": 0.04779853785293204,
    "validation_zero_shot_top_2": 0.34290281763884584,
    "train_variance": 4.710927963256836,
    "validation_variance": 156.98402404785156
}