{
    "train_loss": 3.015275711260204,
    "train_zero_shot_top_1": 0.0,
    "train_zero_shot_top_2": 0.0,
    "validation_loss": 9.403137553821912,
    "validation_zero_shot_top_1": 0.05104122226962457,
    "validation_zero_shot_top_2": 0.3290964115342848,
    "train_variance": 3.9262571334838867,
    "validation_variance": 159.96066284179688
}