{
    "train_loss": 3.0436870139472343,
    "train_zero_shot_top_1": 0.0,
    "train_zero_shot_top_2": 0.0,
    "validation_loss": 9.596262758428399,
    "validation_zero_shot_top_1": 0.02072566804995346,
    "validation_zero_shot_top_2": 0.4000258154281726,
    "train_variance": 5.007379531860352,
    "validation_variance": 155.53045654296875
}