{
    "train_accuracy": 0.375,
    "train_loss": 3.5653274059295654,
    "validation_accuracy": 0.25,
    "validation_loss": 2.835599899291992
}