{
    "train_accuracy": 0.5,
    "train_loss": 2.2109451293945312,
    "validation_accuracy": 0.25,
    "validation_loss": 1.677060604095459
}