{
    "train_accuracy": 0.5,
    "train_loss": 1.344079613685608,
    "validation_accuracy": 0.5,
    "validation_loss": 2.239687919616699
}