{
    "train_accuracy": 0.375,
    "train_loss": 1.5482429265975952,
    "validation_accuracy": 0.25,
    "validation_loss": 3.181948661804199
}