{
    "train_accuracy": 0.5,
    "train_loss": 1.2241569757461548,
    "validation_accuracy": 0.25,
    "validation_loss": 1.5808104276657104
}