{
    "train_accuracy": 0.25,
    "train_loss": 1.7303861379623413,
    "validation_accuracy": 0.25,
    "validation_loss": 2.782407283782959
}