{
    "train_accuracy": 0.125,
    "train_loss": 2.2085869312286377,
    "validation_accuracy": 0.25,
    "validation_loss": 1.8428282737731934
}