{
    "train_accuracy": 0.25,
    "train_loss": 1.9024555683135986,
    "validation_accuracy": 0.5,
    "validation_loss": 1.3695299625396729
}