{
    "train_accuracy": 0.125,
    "train_loss": 3.0090551376342773,
    "validation_accuracy": 0.0,
    "validation_loss": 3.4825267791748047
}