{
    "train_accuracy": 0.0,
    "train_loss": 3.8654305934906006,
    "validation_accuracy": 0.25,
    "validation_loss": 4.165221691131592
}