{
    "train_accuracy": 0.375,
    "train_loss": 1.5128846168518066,
    "validation_accuracy": 0.25,
    "validation_loss": 1.6093417406082153
}