{
    "train_accuracy": 0.25,
    "train_loss": 9.272568702697754,
    "validation_accuracy": 0.125,
    "validation_loss": 5.631397247314453
}