{
    "train_accuracy": 0.5,
    "train_loss": 1.4891117811203003,
    "validation_accuracy": 0.375,
    "validation_loss": 1.5451014041900635
}