{
    "train_accuracy": 0.25,
    "train_loss": 9.321730613708496,
    "validation_accuracy": 0.125,
    "validation_loss": 9.277535438537598
}