{
    "train_loss": 3.2760578977818398,
    "train_zero_shot_top_1": 0.0,
    "train_zero_shot_top_2": 0.0,
    "validation_loss": 8.963198791850697,
    "validation_zero_shot_top_1": 0.48479192522494574,
    "validation_zero_shot_top_2": 0.8060382650093082,
    "train_variance": 0.5329567193984985,
    "validation_variance": 5.535918712615967
}