{
    "train_loss": 0.034580884847876615,
    "train_accuracy": 0.9984374999999984,
    "train_avg_precision": 0.9983351570356103,
    "train_min_precision": 0.9835960593092986,
    "train_avg_recall": 0.9989876395750011,
    "train_min_recall": 0.9901077234232176,
    "validation_loss": 1.4087728865538967,
    "validation_accuracy": 0.6258900316455696,
    "validation_avg_precision": 0.6452910125158792,
    "validation_min_precision": 0.3693123585210235,
    "validation_avg_recall": 0.6248494872131568,
    "validation_min_recall": 0.2531445492540058,
    "train_variance": 4.585508823394775,
    "validation_variance": 429.98175048828125
}