{
    "train_accuracy": 0.7407407760620117,
    "train_avg_precision": 0.6689934817280355,
    "train_min_precision": 0.2727272727272727,
    "train_avg_recall": 0.7375928381962865,
    "train_min_recall": 0.2,
    "train_loss": 0.6559470295906067,
    "validation_accuracy": 0.4375,
    "validation_avg_precision": 0.23999999999999996,
    "validation_min_precision": 0.0,
    "validation_avg_recall": 0.26666666666666666,
    "validation_min_recall": 0.0,
    "validation_loss": 1.566725254058838,
    "train_variance": 79.2127914428711,
    "validation_variance": 132.68484497070312
}