{
    "train_loss": 0.12990260203910425,
    "train_accuracy": 0.9743688092675322,
    "train_avg_precision": 0.9739552154632812,
    "train_min_precision": 0.8614249658995541,
    "train_avg_recall": 0.9786254073628649,
    "train_min_recall": 0.8890061727374845,
    "validation_loss": 1.3933198799060869,
    "validation_accuracy": 0.6059137658227848,
    "validation_avg_precision": 0.6265080878394157,
    "validation_min_precision": 0.32071895358971264,
    "validation_avg_recall": 0.6057631805931325,
    "validation_min_recall": 0.20844461097723638,
    "train_variance": 25.16762924194336,
    "validation_variance": 310.66217041015625
}