{
    "train_loss": 0.7874804097552633,
    "train_accuracy": 0.7305824720582297,
    "train_avg_precision": 0.703992847325494,
    "train_min_precision": 0.27665618042731493,
    "train_avg_recall": 0.7395976512139504,
    "train_min_recall": 0.2977702933221689,
    "validation_loss": 1.2724254508561725,
    "validation_accuracy": 0.5590387658227851,
    "validation_avg_precision": 0.5692020371221783,
    "validation_min_precision": 0.2519152896583929,
    "validation_avg_recall": 0.5550889718344281,
    "validation_min_recall": 0.16537924063152348,
    "train_variance": 69.71685791015625,
    "validation_variance": 122.82215118408203
}