{
    "train_loss": 0.26279689364655073,
    "train_accuracy": 0.9185575474140258,
    "train_avg_precision": 0.9248598562769018,
    "train_min_precision": 0.6774899478986861,
    "train_avg_recall": 0.9191893882577746,
    "train_min_recall": 0.6664701134405582,
    "validation_loss": 1.4634576613389991,
    "validation_accuracy": 0.5923655063291141,
    "validation_avg_precision": 0.6318129411877885,
    "validation_min_precision": 0.2770912134577823,
    "validation_avg_recall": 0.5929757784720333,
    "validation_min_recall": 0.12391528070193278,
    "train_variance": 50.267059326171875,
    "validation_variance": 277.0603332519531
}