{
    "train_accuracy": 0.5740740895271301,
    "train_avg_precision": 0.5473742923742924,
    "train_min_precision": 0.25,
    "train_avg_recall": 0.6072222222222222,
    "train_min_recall": 0.25,
    "train_loss": 1.0900965929031372,
    "validation_accuracy": 0.5625,
    "validation_avg_precision": 0.5583333333333333,
    "validation_min_precision": 0.0,
    "validation_avg_recall": 0.525,
    "validation_min_recall": 0.0,
    "validation_loss": 1.2832684516906738,
    "train_variance": 59.43450164794922,
    "validation_variance": 80.15904235839844
}