{
    "train_accuracy": 0.9814814925193787,
    "train_avg_precision": 0.9683333333333334,
    "train_min_precision": 0.75,
    "train_avg_recall": 0.9894736842105264,
    "train_min_recall": 0.9473684210526315,
    "train_loss": 0.10204730927944183,
    "validation_accuracy": 0.625,
    "validation_avg_precision": 0.5,
    "validation_min_precision": 0.0,
    "validation_avg_recall": 0.5499999999999999,
    "validation_min_recall": 0.0,
    "validation_loss": 1.0593374967575073,
    "train_variance": 24.98312759399414,
    "validation_variance": 311.2799072265625
}