{
    "train_accuracy": 0.9351851940155029,
    "train_avg_precision": 0.9471717171717171,
    "train_min_precision": 0.7272727272727273,
    "train_avg_recall": 0.9257142857142857,
    "train_min_recall": 0.5,
    "train_loss": 0.24293272197246552,
    "validation_accuracy": 0.625,
    "validation_avg_precision": 0.45,
    "validation_min_precision": 0.0,
    "validation_avg_recall": 0.5666666666666665,
    "validation_min_recall": 0.0,
    "validation_loss": 1.4822382926940918,
    "train_variance": 52.235408782958984,
    "validation_variance": 272.02618408203125
}