{
    "train_accuracy": 1.0,
    "train_avg_precision": 1.0,
    "train_min_precision": 1.0,
    "train_avg_recall": 1.0,
    "train_min_recall": 1.0,
    "train_loss": 0.025698678568005562,
    "validation_accuracy": 0.5625,
    "validation_avg_precision": 0.6428571428571428,
    "validation_min_precision": 0.3333333333333333,
    "validation_avg_recall": 0.6190476190476191,
    "validation_min_recall": 0.3333333333333333,
    "validation_loss": 1.632346272468567,
    "train_variance": 4.5551676750183105,
    "validation_variance": 428.8833923339844
}