{
    "train_loss": 1.1238816216934562,
    "train_accuracy": 0.622553294481233,
    "train_avg_precision": 0.5864151676347346,
    "train_min_precision": 0.15316386448328992,
    "train_avg_recall": 0.6119501044015512,
    "train_min_recall": 0.22208087954083383,
    "validation_loss": 1.4052512992786461,
    "validation_accuracy": 0.5082080696202531,
    "validation_avg_precision": 0.5166734958754867,
    "validation_min_precision": 0.21834534682924878,
    "validation_avg_recall": 0.5061049235600085,
    "validation_min_recall": 0.15303792947569655,
    "train_variance": 61.88330841064453,
    "validation_variance": 82.68195343017578
}