{
    "train_accuracy": 0.8981481790542603,
    "train_avg_precision": 0.8950802139037433,
    "train_min_precision": 0.5,
    "train_avg_recall": 0.9307070707070707,
    "train_min_recall": 0.8,
    "train_loss": 0.4034062623977661,
    "validation_accuracy": 0.5,
    "validation_avg_precision": 0.39166666666666666,
    "validation_min_precision": 0.0,
    "validation_avg_recall": 0.48333333333333334,
    "validation_min_recall": 0.0,
    "validation_loss": 1.8004376888275146,
    "train_variance": 64.34391784667969,
    "validation_variance": 204.66189575195312
}