{
    "train_accuracy": 0.8703703880310059,
    "train_avg_precision": 0.8562103174603176,
    "train_min_precision": 0.6666666666666666,
    "train_avg_recall": 0.8770142503695136,
    "train_min_recall": 0.5,
    "train_loss": 0.3944048285484314,
    "validation_accuracy": 0.6875,
    "validation_avg_precision": 0.5750000000000001,
    "validation_min_precision": 0.0,
    "validation_avg_recall": 0.65,
    "validation_min_recall": 0.0,
    "validation_loss": 1.0223233699798584,
    "train_variance": 59.83084487915039,
    "validation_variance": 150.90667724609375
}