{
    "train_accuracy": 1.0,
    "train_avg_precision": 1.0,
    "train_min_precision": 1.0,
    "train_avg_recall": 1.0,
    "train_min_recall": 1.0,
    "train_loss": 0.04736795648932457,
    "validation_accuracy": 0.5,
    "validation_avg_precision": 0.4333333333333334,
    "validation_min_precision": 0.0,
    "validation_avg_recall": 0.43333333333333335,
    "validation_min_recall": 0.0,
    "validation_loss": 1.662225604057312,
    "train_variance": 7.611445903778076,
    "validation_variance": 394.3108825683594
}