{
    "train_accuracy": 1.0,
    "train_avg_precision": 1.0,
    "train_min_precision": 1.0,
    "train_avg_recall": 1.0,
    "train_min_recall": 1.0,
    "train_loss": 0.025109553709626198,
    "validation_accuracy": 0.625,
    "validation_avg_precision": 0.48333333333333334,
    "validation_min_precision": 0.0,
    "validation_avg_recall": 0.6,
    "validation_min_recall": 0.0,
    "validation_loss": 0.7537868022918701,
    "train_variance": 3.5773274898529053,
    "validation_variance": 455.34161376953125
}