{
    "train_loss": 0.03997526020677978,
    "train_accuracy": 0.9979287790697661,
    "train_avg_precision": 0.9978813301730658,
    "train_min_precision": 0.9814769039168006,
    "train_avg_recall": 0.9986346753190599,
    "train_min_recall": 0.9878565168595408,
    "validation_loss": 1.3783000398285778,
    "validation_accuracy": 0.6303401898734178,
    "validation_avg_precision": 0.6447533091207162,
    "validation_min_precision": 0.36331191136027147,
    "validation_avg_recall": 0.6308890660402205,
    "validation_min_recall": 0.2553600321573634,
    "train_variance": 5.571652412414551,
    "validation_variance": 412.92633056640625
}