{
    "train_loss": 0.02994718774286815,
    "train_accuracy": 0.9988735465116262,
    "train_avg_precision": 0.9988110929209886,
    "train_min_precision": 0.9888681327710456,
    "train_avg_recall": 0.9992344666843477,
    "train_min_recall": 0.992899228986565,
    "validation_loss": 1.3945383346533469,
    "validation_accuracy": 0.632911392405063,
    "validation_avg_precision": 0.6521088129681886,
    "validation_min_precision": 0.3668170130574138,
    "validation_avg_recall": 0.6327670251577177,
    "validation_min_recall": 0.2514059040701084,
    "train_variance": 3.618229389190674,
    "validation_variance": 460.89697265625
}