{
    "train_loss": 0.10616757991008975,
    "train_accuracy": 0.9821584302325588,
    "train_avg_precision": 0.9805754339645145,
    "train_min_precision": 0.8812291494723606,
    "train_avg_recall": 0.9868620846618634,
    "train_min_recall": 0.9179942517943308,
    "validation_loss": 1.3963761616356762,
    "validation_accuracy": 0.6125395569620254,
    "validation_avg_precision": 0.6322299298212761,
    "validation_min_precision": 0.3628465837288089,
    "validation_avg_recall": 0.6129568584826106,
    "validation_min_recall": 0.2660535849566692,
    "train_variance": 22.236148834228516,
    "validation_variance": 339.7316589355469
}