{
    "train_accuracy": 0.9907407760620117,
    "train_avg_precision": 0.990909090909091,
    "train_min_precision": 0.9090909090909091,
    "train_avg_recall": 0.9941176470588236,
    "train_min_recall": 0.9411764705882353,
    "train_loss": 0.07140332460403442,
    "validation_accuracy": 0.6875,
    "validation_avg_precision": 0.6777777777777778,
    "validation_min_precision": 0.0,
    "validation_avg_recall": 0.7222222222222222,
    "validation_min_recall": 0.0,
    "validation_loss": 1.1716408729553223,
    "train_variance": 17.12772560119629,
    "validation_variance": 332.5084533691406
}