{
    "train_loss": 0.40329275207464077,
    "train_accuracy": 0.8667003121486931,
    "train_avg_precision": 0.8535976761736627,
    "train_min_precision": 0.46568731022336146,
    "train_avg_recall": 0.8758853354636004,
    "train_min_recall": 0.5758703951799136,
    "validation_loss": 1.294996278195441,
    "validation_accuracy": 0.5973101265822788,
    "validation_avg_precision": 0.6221187664796923,
    "validation_min_precision": 0.283704843428125,
    "validation_avg_recall": 0.5973098315728312,
    "validation_min_recall": 0.23365871842230754,
    "train_variance": 65.00767517089844,
    "validation_variance": 211.690185546875
}