{
    "train_loss": 0.048165198883344966,
    "train_accuracy": 0.9961482558139527,
    "train_avg_precision": 0.9952735312636896,
    "train_min_precision": 0.9600268984570954,
    "train_avg_recall": 0.9973346013249254,
    "train_min_recall": 0.9788981408826483,
    "validation_loss": 1.3731177668028243,
    "validation_accuracy": 0.626977848101266,
    "validation_avg_precision": 0.6431391194152473,
    "validation_min_precision": 0.3594397270309834,
    "validation_avg_recall": 0.6255069355535776,
    "validation_min_recall": 0.2563741214523047,
    "train_variance": 7.751805782318115,
    "validation_variance": 400.8321533203125
}