{
    "train_loss": 0.06674832306629011,
    "train_accuracy": 0.9924781976744191,
    "train_avg_precision": 0.9917390835271758,
    "train_min_precision": 0.9367826491138641,
    "train_avg_recall": 0.9948763760051148,
    "train_min_recall": 0.9618501338634456,
    "validation_loss": 1.3734377516975886,
    "validation_accuracy": 0.6200553797468356,
    "validation_avg_precision": 0.6367878699381129,
    "validation_min_precision": 0.3740834077310744,
    "validation_avg_recall": 0.6209157134521665,
    "validation_min_recall": 0.2526308297064069,
    "train_variance": 12.117507934570312,
    "validation_variance": 353.5971984863281
}