{
    "train_loss": 0.03106064955855523,
    "train_accuracy": 0.9985828488372077,
    "train_avg_precision": 0.9985267362276371,
    "train_min_precision": 0.9855938601570187,
    "train_avg_recall": 0.9991568558890852,
    "train_min_recall": 0.99156855889087,
    "validation_loss": 1.4080363255512858,
    "validation_accuracy": 0.6274723101265823,
    "validation_avg_precision": 0.6464527837589197,
    "validation_min_precision": 0.3753561761791571,
    "validation_avg_recall": 0.6270481416011849,
    "validation_min_recall": 0.2588106367469147,
    "train_variance": 3.8633511066436768,
    "validation_variance": 429.01373291015625
}