{
    "train_loss": 0.5346058745716894,
    "train_accuracy": 0.8284210809441499,
    "train_avg_precision": 0.8208082676257121,
    "train_min_precision": 0.41972021108337926,
    "train_avg_recall": 0.8334585570182539,
    "train_min_recall": 0.5455672587678998,
    "validation_loss": 1.265345674526842,
    "validation_accuracy": 0.5835640822784811,
    "validation_avg_precision": 0.6253477276823032,
    "validation_min_precision": 0.2948169769437117,
    "validation_avg_recall": 0.5845598391378444,
    "validation_min_recall": 0.2678660940001419,
    "train_variance": 63.11808395385742,
    "validation_variance": 156.4308319091797
}