{
    "train_loss": 0.027878671693940496,
    "train_accuracy": 0.9991279069767423,
    "train_avg_precision": 0.9989508288740859,
    "train_min_precision": 0.9896149955795336,
    "train_avg_recall": 0.9994276098887596,
    "train_min_recall": 0.9943473012165495,
    "validation_loss": 1.4146314731127099,
    "validation_accuracy": 0.6298457278481013,
    "validation_avg_precision": 0.6442221013443715,
    "validation_min_precision": 0.3565536735615168,
    "validation_avg_recall": 0.6247147298226298,
    "validation_min_recall": 0.23750719322436234,
    "train_variance": 3.0276553630828857,
    "validation_variance": 449.3987121582031
}