{
    "train_accuracy": 0.90625,
    "train_loss": 0.3467054069042206,
    "validation_accuracy": 0.8125,
    "validation_loss": 0.4045962989330292
}