{
    "train_accuracy": 0.59375,
    "train_loss": 1.0648517608642578,
    "validation_accuracy": 0.625,
    "validation_loss": 1.158746600151062
}