{
    "train_accuracy": 0.5,
    "train_loss": 1.427524209022522,
    "validation_accuracy": 0.65625,
    "validation_loss": 1.224648118019104
}