{
    "train_accuracy": 0.5625,
    "train_loss": 0.9135943055152893,
    "validation_accuracy": 0.59375,
    "validation_loss": 1.049705147743225
}