{
    "train_accuracy": 0.78125,
    "train_loss": 0.6713927984237671,
    "validation_accuracy": 0.71875,
    "validation_loss": 0.5234149098396301
}