{
    "train_accuracy": 0.8125,
    "train_loss": 0.5674470067024231,
    "validation_accuracy": 0.59375,
    "validation_loss": 1.1216241121292114
}