{
    "train_accuracy": 0.90625,
    "train_loss": 0.34202268719673157,
    "validation_accuracy": 0.875,
    "validation_loss": 0.35981976985931396
}