{
    "train_accuracy": 0.84375,
    "train_loss": 0.4132956862449646,
    "validation_accuracy": 0.8125,
    "validation_loss": 0.46099233627319336
}