{
    "train_accuracy": 0.5,
    "train_loss": 1.592257022857666,
    "validation_accuracy": 0.4375,
    "validation_loss": 1.3860787153244019
}