{
    "train_accuracy": 0.6875,
    "train_loss": 1.0476200580596924,
    "validation_accuracy": 0.65625,
    "validation_loss": 0.7748616933822632
}