{
    "train_loss": 0.12068204249060428,
    "train_accuracy": 0.9763310185698582,
    "train_avg_precision": 0.973626107344215,
    "train_min_precision": 0.8536731521912359,
    "train_avg_recall": 0.9832231866555615,
    "train_min_recall": 0.9041722735830687,
    "validation_loss": 1.3747559468957438,
    "validation_accuracy": 0.6130340189873417,
    "validation_avg_precision": 0.6366921498150819,
    "validation_min_precision": 0.34961179391477365,
    "validation_avg_recall": 0.6119530047412928,
    "validation_min_recall": 0.2725120654819483,
    "train_variance": 26.723129272460938,
    "validation_variance": 335.2071533203125
}