{
    "train_loss": 0.03170757052856823,
    "train_accuracy": 0.9988008720930215,
    "train_avg_precision": 0.9988160372404645,
    "train_min_precision": 0.9886409808674891,
    "train_avg_recall": 0.9992776902003293,
    "train_min_recall": 0.9932539443408204,
    "validation_loss": 1.4098930117450181,
    "validation_accuracy": 0.624011075949367,
    "validation_avg_precision": 0.6352753501013216,
    "validation_min_precision": 0.34801305945136324,
    "validation_avg_recall": 0.6207806926000144,
    "validation_min_recall": 0.23190534275546232,
    "train_variance": 4.095839023590088,
    "validation_variance": 433.29296875
}