{
    "train_accuracy": 0.8796296119689941,
    "train_avg_precision": 0.8657410236822003,
    "train_min_precision": 0.6,
    "train_avg_recall": 0.8940468844880609,
    "train_min_recall": 0.6666666666666666,
    "train_loss": 0.46040746569633484,
    "validation_accuracy": 0.6875,
    "validation_avg_precision": 0.537037037037037,
    "validation_min_precision": 0.0,
    "validation_avg_recall": 0.6851851851851851,
    "validation_min_recall": 0.0,
    "validation_loss": 1.3010562658309937,
    "train_variance": 52.95401382446289,
    "validation_variance": 202.94308471679688
}