{
    "train_loss": 0.14265601506759953,
    "train_accuracy": 0.971811746442041,
    "train_avg_precision": 0.9658627140221706,
    "train_min_precision": 0.8182690405141694,
    "train_avg_recall": 0.9766968427917689,
    "train_min_recall": 0.8797780990828233,
    "validation_loss": 1.3061141982863218,
    "validation_accuracy": 0.6197587025316454,
    "validation_avg_precision": 0.6286177250416162,
    "validation_min_precision": 0.36028380907236196,
    "validation_avg_recall": 0.6167827320153284,
    "validation_min_recall": 0.26232212511702657,
    "train_variance": 26.942724227905273,
    "validation_variance": 298.1618347167969
}