{
    "train_loss": 0.03655007743211677,
    "train_accuracy": 0.9979879953140424,
    "train_avg_precision": 0.9975678760983245,
    "train_min_precision": 0.9775097440640466,
    "train_avg_recall": 0.9983014448404882,
    "train_min_recall": 0.9840757061497963,
    "validation_loss": 1.4163451911527896,
    "validation_accuracy": 0.6250988924050633,
    "validation_avg_precision": 0.644195107316372,
    "validation_min_precision": 0.3664403205860863,
    "validation_avg_recall": 0.62550795857753,
    "validation_min_recall": 0.2501178123910028,
    "train_variance": 5.234400272369385,
    "validation_variance": 436.4472961425781
}