{
    "train_loss": 0.0674912159006263,
    "train_accuracy": 0.9917151162790705,
    "train_avg_precision": 0.9905171000298987,
    "train_min_precision": 0.9289506925263278,
    "train_avg_recall": 0.9943697732928375,
    "train_min_recall": 0.9600985596135013,
    "validation_loss": 1.4203235363658466,
    "validation_accuracy": 0.6115506329113927,
    "validation_avg_precision": 0.6356491309897406,
    "validation_min_precision": 0.35352477592216336,
    "validation_avg_recall": 0.6117651112567096,
    "validation_min_recall": 0.2450447061353517,
    "train_variance": 12.365813255310059,
    "validation_variance": 379.764404296875
}