{
    "train_accuracy": 1.0,
    "train_avg_precision": 1.0,
    "train_min_precision": 1.0,
    "train_avg_recall": 1.0,
    "train_min_recall": 1.0,
    "train_loss": 0.041516099125146866,
    "validation_accuracy": 0.6875,
    "validation_avg_precision": 0.6851851851851851,
    "validation_min_precision": 0.0,
    "validation_avg_recall": 0.5925925925925926,
    "validation_min_recall": 0.0,
    "validation_loss": 0.9760701060295105,
    "train_variance": 6.033388137817383,
    "validation_variance": 412.287109375
}