{
    "train_loss": 0.042446581577492336,
    "train_accuracy": 0.9972020348837202,
    "train_avg_precision": 0.9970325321818027,
    "train_min_precision": 0.9728278153056303,
    "train_avg_recall": 0.998296751777457,
    "train_min_recall": 0.9842881975151089,
    "validation_loss": 1.3996241153041016,
    "validation_accuracy": 0.6229232594936709,
    "validation_avg_precision": 0.641044252483583,
    "validation_min_precision": 0.3572305699472416,
    "validation_avg_recall": 0.6198643194305082,
    "validation_min_recall": 0.2504142794106348,
    "train_variance": 6.1733527183532715,
    "validation_variance": 416.85101318359375
}