{
    "train_loss": 0.908580751197283,
    "train_accuracy": 0.6907622739326122,
    "train_avg_precision": 0.689978847701582,
    "train_min_precision": 0.2380924915111212,
    "train_avg_recall": 0.7139520691896778,
    "train_min_recall": 0.23972375310574615,
    "validation_loss": 1.3255484903915027,
    "validation_accuracy": 0.5494462025316457,
    "validation_avg_precision": 0.5997814683189989,
    "validation_min_precision": 0.25403439870721184,
    "validation_avg_recall": 0.5522518277028549,
    "validation_min_recall": 0.1873301600316924,
    "train_variance": 74.6700668334961,
    "validation_variance": 115.78085327148438
}