{
    "train_accuracy": 0.6574074029922485,
    "train_avg_precision": 0.6249450549450549,
    "train_min_precision": 0.0,
    "train_avg_recall": 0.6201902427637721,
    "train_min_recall": 0.0,
    "train_loss": 0.9909499287605286,
    "validation_accuracy": 0.5,
    "validation_avg_precision": 0.537037037037037,
    "validation_min_precision": 0.0,
    "validation_avg_recall": 0.5092592592592593,
    "validation_min_recall": 0.0,
    "validation_loss": 1.6450910568237305,
    "train_variance": 76.31993865966797,
    "validation_variance": 115.51630401611328
}