{
    "train_accuracy": 0.9537037014961243,
    "train_avg_precision": 0.9519036519036521,
    "train_min_precision": 0.7777777777777778,
    "train_avg_recall": 0.9692813765182187,
    "train_min_recall": 0.8947368421052632,
    "train_loss": 0.1843888908624649,
    "validation_accuracy": 0.6875,
    "validation_avg_precision": 0.5,
    "validation_min_precision": 0.0,
    "validation_avg_recall": 0.5166666666666666,
    "validation_min_recall": 0.0,
    "validation_loss": 1.5527912378311157,
    "train_variance": 26.07556915283203,
    "validation_variance": 295.2837219238281
}