{
    "train_accuracy": 0.9907407760620117,
    "train_avg_precision": 0.9947368421052633,
    "train_min_precision": 0.9473684210526315,
    "train_avg_recall": 0.9954545454545456,
    "train_min_recall": 0.9545454545454546,
    "train_loss": 0.05263236537575722,
    "validation_accuracy": 0.5625,
    "validation_avg_precision": 0.7037037037037036,
    "validation_min_precision": 0.0,
    "validation_avg_recall": 0.5944444444444443,
    "validation_min_recall": 0.0,
    "validation_loss": 1.5963314771652222,
    "train_variance": 9.843674659729004,
    "validation_variance": 394.07489013671875
}