{
    "train_loss": 0.709438228329947,
    "train_accuracy": 0.7566106804581578,
    "train_avg_precision": 0.7751802519580007,
    "train_min_precision": 0.3512925890520688,
    "train_avg_recall": 0.7860023556431753,
    "train_min_recall": 0.3176797789787426,
    "validation_loss": 1.375364152691032,
    "validation_accuracy": 0.5562697784810128,
    "validation_avg_precision": 0.626231480757039,
    "validation_min_precision": 0.26433422797034184,
    "validation_avg_recall": 0.5562412295347222,
    "validation_min_recall": 0.1847724165626894,
    "train_variance": 82.99047088623047,
    "validation_variance": 164.28176879882812
}