{
    "train_accuracy": 0.9907407760620117,
    "train_avg_precision": 0.98989898989899,
    "train_min_precision": 0.9090909090909091,
    "train_avg_recall": 0.9944444444444442,
    "train_min_recall": 0.95,
    "train_loss": 0.057350993156433105,
    "validation_accuracy": 0.625,
    "validation_avg_precision": 0.5296296296296296,
    "validation_min_precision": 0.0,
    "validation_avg_recall": 0.6222222222222221,
    "validation_min_recall": 0.0,
    "validation_loss": 1.5259270668029785,
    "train_variance": 12.490038871765137,
    "validation_variance": 379.8124694824219
}