{
    "train_accuracy": 0.9814814925193787,
    "train_avg_precision": 0.9833333333333333,
    "train_min_precision": 0.8888888888888888,
    "train_avg_recall": 0.9853535353535353,
    "train_min_recall": 0.9090909090909091,
    "train_loss": 0.11364825814962387,
    "validation_accuracy": 0.5625,
    "validation_avg_precision": 0.5833333333333333,
    "validation_min_precision": 0.0,
    "validation_avg_recall": 0.4791666666666667,
    "validation_min_recall": 0.0,
    "validation_loss": 2.0724875926971436,
    "train_variance": 25.002607345581055,
    "validation_variance": 330.7802734375
}