{
    "train_accuracy": 1.0,
    "train_avg_precision": 1.0,
    "train_min_precision": 1.0,
    "train_avg_recall": 1.0,
    "train_min_recall": 1.0,
    "train_loss": 0.027137255296111107,
    "validation_accuracy": 0.625,
    "validation_avg_precision": 0.6203703703703703,
    "validation_min_precision": 0.0,
    "validation_avg_recall": 0.6851851851851851,
    "validation_min_recall": 0.0,
    "validation_loss": 1.303357481956482,
    "train_variance": 3.411667585372925,
    "validation_variance": 456.2620849609375
}