{
    "train_loss": 0.028704208152931794,
    "train_accuracy": 0.9991279069767421,
    "train_avg_precision": 0.9992219542681263,
    "train_min_precision": 0.9932678627218543,
    "train_avg_recall": 0.9994933183657148,
    "train_min_recall": 0.9952246674628639,
    "validation_loss": 1.435114080392862,
    "validation_accuracy": 0.6246044303797468,
    "validation_avg_precision": 0.6408984161711614,
    "validation_min_precision": 0.37851830951333276,
    "validation_avg_recall": 0.6232475719256787,
    "validation_min_recall": 0.25512780573965277,
    "train_variance": 3.418431282043457,
    "validation_variance": 459.8046875
}