{
    "train_loss": 0.05535124717930032,
    "train_accuracy": 0.9945130813953489,
    "train_avg_precision": 0.9941762319849266,
    "train_min_precision": 0.9538138628521287,
    "train_avg_recall": 0.9965495233781483,
    "train_min_recall": 0.9723878210044481,
    "validation_loss": 1.38710733154152,
    "validation_accuracy": 0.6198575949367091,
    "validation_avg_precision": 0.6400619117170279,
    "validation_min_precision": 0.34765180885536157,
    "validation_avg_recall": 0.6192271296565462,
    "validation_min_recall": 0.2546209069546454,
    "train_variance": 10.009706497192383,
    "validation_variance": 396.6009826660156
}