{
    "train_accuracy": 0.9814814925193787,
    "train_avg_precision": 0.9864035087719298,
    "train_min_precision": 0.9166666666666666,
    "train_avg_recall": 0.9875,
    "train_min_recall": 0.875,
    "train_loss": 0.06865803152322769,
    "validation_accuracy": 0.5625,
    "validation_avg_precision": 0.6666666666666667,
    "validation_min_precision": 0.0,
    "validation_avg_recall": 0.49074074074074064,
    "validation_min_recall": 0.0,
    "validation_loss": 1.7818267345428467,
    "train_variance": 5.049982070922852,
    "validation_variance": 431.8606872558594
}