{
    "train_loss": 0.02923068389469802,
    "train_accuracy": 0.9990188953488354,
    "train_avg_precision": 0.9989058328737128,
    "train_min_precision": 0.9890807981226101,
    "train_avg_recall": 0.9994151883221853,
    "train_min_recall": 0.9941725550564994,
    "validation_loss": 1.4315199746361265,
    "validation_accuracy": 0.6239121835443038,
    "validation_avg_precision": 0.6405866017055497,
    "validation_min_precision": 0.36089208414757384,
    "validation_avg_recall": 0.6224297520136144,
    "validation_min_recall": 0.25072514790839834,
    "train_variance": 3.487443685531616,
    "validation_variance": 449.9551696777344
}