{
    "train_loss": 0.37176889361337156,
    "train_accuracy": 0.8905509799025781,
    "train_avg_precision": 0.8619092208659834,
    "train_min_precision": 0.5425141787077489,
    "train_avg_recall": 0.9007728059910667,
    "train_min_recall": 0.6828411398836888,
    "validation_loss": 1.2375859165493444,
    "validation_accuracy": 0.607594936708861,
    "validation_avg_precision": 0.6172065150304302,
    "validation_min_precision": 0.33573070316662823,
    "validation_avg_recall": 0.6077450381860573,
    "validation_min_recall": 0.31628998758118565,
    "train_variance": 56.37028884887695,
    "validation_variance": 200.79295349121094
}