{
    "train_loss": 0.2625370948813682,
    "train_accuracy": 0.9269581719886427,
    "train_avg_precision": 0.9266315704335543,
    "train_min_precision": 0.731892669436502,
    "train_avg_recall": 0.9332054379194743,
    "train_min_recall": 0.7571993653761234,
    "validation_loss": 1.4111149356335024,
    "validation_accuracy": 0.5861352848101269,
    "validation_avg_precision": 0.6113070250521728,
    "validation_min_precision": 0.33219098360636945,
    "validation_avg_recall": 0.5868022310089321,
    "validation_min_recall": 0.2048035917373027,
    "train_variance": 53.257118225097656,
    "validation_variance": 275.1578369140625
}